"Категория;";"Имя продукта;";"Код продукта;";"Цена, бел.руб;"; Цена, бел.руб 
Ноутбуки ASUS;ASUS UT250 MOUSE/WH/V2/USB OPTICAL;079834; 74 064 ; 61 720 
Ноутбуки ASUS;ASUS WX-LAMBOR MOUSE/YW/2.4GHZ LASER/10PCS;087902; 300 888 ; 250 740 
Ноутбуки ASUS;Asus EEE Pad TF300T 1A/T30L/32G/1G/W/CN/N/P29/WW KL;095369; 4 651 056 ; 3 875 880 
Ноутбуки ASUS;Asus EEE Pad TF300T 1K/T30L/32G/1G/W/CN/N/M22/RU/P29/WW;096885; 5 724 384 ; 4 770 320 
Ноутбуки ASUS;Asus EEE Pad TF300TG 1A/T30L/32G/1G/W/CN/G/N/P29/WW KL;096824; 5 724 384 ; 4 770 320 
Ноутбуки ASUS;Asus EEE Pad TF300TG 1G/T30L/32G/1G/W/CN/G/N/P29/WW;097570; 5 724 384 ; 4 770 320 
Ноутбуки ASUS;Asus EEE Pad TF300TG 1K/T30L/32G/1G/W/CN/G/N/P29/WW KL;096823; 5 724 384 ; 4 770 320 
Ноутбуки ASUS;Asus EEE Pad TF300TG 1A/T30L/32G/1G/W/CN/G/N/M22/RU/P29/WW KL;095494; 6 797 700 ; 5 664 750 
Ноутбуки ASUS;Asus EEE Pad TF300TG 1G/T30L/32G/1G/W/CN/G/N/M22/RU/P29/WW;097571; 6 797 700 ; 5 664 750 
Ноутбуки ASUS;Asus EEE Pad TF300TG 1K/T30L/32G/1G/W/CN/G/N/M22/RU/P29/WW;093647; 6 797 700 ; 5 664 750 
Ноутбуки ASUS;Asus EEE Pad TF700T 1B/T33/64G/1G/W/CN/N/M/29/RU/P33/WW;096833; 7 930 656 ; 6 608 880 
Ноутбуки ASUS;Asus EEE Pad TF700T 1I/T33/64G/1G/W/CN/N/M/29/RU/P33/WW;096892; 7 930 656 ; 6 608 880 
Ноутбуки ASUS;Asus EEE PC X101CH N2600/320D/1G/RU/1B/WOC/V/L022/WN/RK;089415; 2 683 308 ; 2 236 090 
Ноутбуки ASUS;Asus EEE PC X101CH N2600/320D/1G/RU/1G/WOC/V/L022/WN/UB KL;095438; 2 683 308 ; 2 236 090 
Ноутбуки ASUS;Asus EEE PC X101CH N2600/320D/1G/RU/1Q/WOC/V/L022/WN/RK;089418; 2 683 308 ; 2 236 090 
Ноутбуки ASUS;Asus EEE PC 1011CX N2600/320D/2G/RU/2B/WOC/V/L044/CN/RK;093084; 3 100 704 ; 2 583 920 
Ноутбуки ASUS;Asus EEE PC 1015BX C60/320D/2G/RU/2B/WOC/V/L052/WN/RK;091471; 3 243 816 ; 2 703 180 
Ноутбуки ASUS;Asus EEE PC 1011CX N2600/320D/2G/RU/2A/WOC/V/L044/CN/RK;093085; 3 398 856 ; 2 832 380 
Ноутбуки ASUS;Asus EEE PC 1025C N2800/320D/2G/RU/1A/WOC/V/L052/CN/RK;089420; 3 518 112 ; 2 931 760 
Ноутбуки ASUS;Asus EEE PC 1225C N2600/320D/2G/RU/2A/WOC/V/L052/CN;091477; 3 577 740 ; 2 981 450 
Ноутбуки ASUS;Asus EEE PC 1225C N2600/320D/2G/RU/6G/WOC/V/L052/CN;091476; 3 577 740 ; 2 981 450 
Ноутбуки ASUS;Asus EEE PC 1225C N2600/320D/2G/RU/6K/WOC/V/L052/CN;091475; 3 577 740 ; 2 981 450 
Ноутбуки ASUS;Asus EEE PC 1225B E450/500D/4G/RU/7G/WOC/V/L052/CN/RK;091941; 4 829 940 ; 4 024 950 
Ноутбуки ASUS;Asus EEE PC 1225B E450/500D/4G/RU/7J/WOC/V/L052/CN/RK;091876; 4 829 940 ; 4 024 950 
Ноутбуки ASUS;Asus EEE PC 1225B E450/500D/4G/RU/7K/WOC/V/L052/CN/RK;091940; 4 829 940 ; 4 024 950 
Ноутбуки ASUS;ASUS X53U (K53u) E450/3BG5/2G/RU/1BSX/8SL/V/WN/DS KL;080386; 3 423 144 ; 2 852 620 
Ноутбуки ASUS;ASUS X54C (K54C) B815/3BG5/2G/RU/5KSX/8SL/V/WN/DS KL;089421; 3 577 740 ; 2 981 450 
Ноутбуки ASUS;ASUS X54H (K54HR) B815/3BG5/2G/RU/5KSX/8SL/V/WN/DS KL;093694; 3 816 252 ; 3 180 210 
Ноутбуки ASUS;ASUS X53B (K53BR) E450/3BG5/2G/RU/1BSX/8SL/V/WN/DS KL;085590; 3 864 840 ; 3 220 700 
Ноутбуки ASUS;ASUS X501A B970/5AG5/2G/RU/1AXX/WOC/V/WI4/DS;096880; 3 875 880 ; 3 229 900 
Ноутбуки ASUS;ASUS X54C (K54C) B960/3BG5/2G/RU/5KSX/8SL/V/WN/DS;097753; 3 935 508 ; 3 279 590 
Ноутбуки ASUS;ASUS X301A B970/3BG5/2G/RU/1ARX/WOC/V/WF/DS;096882; 4 054 764 ; 3 378 970 
Ноутбуки ASUS;ASUS X301A B970/3BG5/2G/RU/1BRX/WOC/V/WF/DS;096881; 4 054 764 ; 3 378 970 
Ноутбуки ASUS;ASUS K54HR B970/3BG5/2G/RU/5KSX/8SL/V/WN/DS;095442; 4 174 032 ; 3 478 360 
Ноутбуки ASUS;ASUS X55VD B970/3BG5/2G/RU/7KSX/8SL/V/WF/DS;096872; 4 174 032 ; 3 478 360 
Ноутбуки ASUS;ASUS K43E  B970/3BG5/2G/RU/3DVX/8SL/V/WN/DS;095348; 4 293 288 ; 3 577 740 
Ноутбуки ASUS;ASUS K53E B960/3BG5/2G/RU/3DSX/8SL/V/WC3/DS G;089902; 4 293 288 ; 3 577 740 
Ноутбуки ASUS;ASUS K43TK 3305M/3BG5/4G/RU/1AVX/8SL/V/WC3/DS;095432; 4 949 208 ; 4 124 340 
Ноутбуки ASUS;ASUS U32U E450/3BG5/4G/RU/1ARX/WOC/V/WC3/RD KL;089423; 5 187 720 ; 4 323 100 
Ноутбуки ASUS;ASUS K53E 2330M/5AG5/3G/RU/3DSX/8SL/V/WC3/DS KL;083864; 5 247 348 ; 4 372 790 
Ноутбуки ASUS;ASUS K53E 2350M/3BG5/4G/RU/3DSX/8SL/V/WC3/DS;093598; 5 247 348 ; 4 372 790 
Ноутбуки ASUS;ASUS K53TA 3300M/5AG5/3G/RU/1BSX/8SL/V/WC3/DS;084220; 5 247 348 ; 4 372 790 
Ноутбуки ASUS;ASUS K53TK 3305M/3BG5/4G/RU/1BSX/8SL/V/WC3/DS;093174; 5 247 348 ; 4 372 790 
Ноутбуки ASUS;ASUS K43E 2350M/3BG5/4G/RU/3DVX/8SL/V/WC3/DS;093712; 5 306 976 ; 4 422 480 
Ноутбуки ASUS;ASUS K43TK 3420M/5AG5/4G/RU/1AVX/8SL/V/WC3/DS;095433; 5 366 604 ; 4 472 170 
Ноутбуки ASUS;ASUS K53TK 3305M/3BG5/3G/RU/1BSX/8SL/V/WC3/DS;091211; 5 366 604 ; 4 472 170 
Ноутбуки ASUS;ASUS K55A 3110M/3BG5/4G/RU/3CSX/8SL/V/WI4/DS;096832; 5 426 232 ; 4 521 860 
Ноутбуки ASUS;Asus K53SD 2350M/3BG5/4G/RU/3DSX/8SL/V/WC3/DS;093177; 5 664 756 ; 4 720 630 
Ноутбуки ASUS;ASUS K43E 2450M/3BG5/4G/RU/3DVX/8SL/V/WC3/DS;093713; 5 724 384 ; 4 770 320 
Ноутбуки ASUS;ASUS K43SD 2350M/3BG5/4G/RU/3DVX/8SL/V/WC3/DS;093706; 5 724 384 ; 4 770 320 
Ноутбуки ASUS;ASUS K53E 2450M/5AG5/4G/RU/3DSX/8SL/V/WC3/DS;093594; 5 903 268 ; 4 919 390 
Ноутбуки ASUS;ASUS K55VD 3110M/3BG5/4G/RU/3CSX/8SL/V/WI4/DS;096830; 5 962 896 ; 4 969 080 
Ноутбуки ASUS;ASUS K55DR 4500M/7BG5/6G/RU/1ASX/8SL/V/WI4/DS;095446; 6 022 524 ; 5 018 770 
Ноутбуки ASUS;ASUS K55A 3210M/5AG5/4G/RU/3CSX/8SL/V/WI4/DS;093640; 6 082 152 ; 5 068 460 
Ноутбуки ASUS;ASUS K43SD 2450M/3BG5/4G/RU/3DVX/8SL/V/WC3/DS;093709; 6 261 036 ; 5 217 530 
Ноутбуки ASUS;ASUS K45VD 3210M/3BG5/4G/RU/3DVX/8SL/V/WI4/DS;095434; 6 857 328 ; 5 714 440 
Ноутбуки ASUS;ASUS K45VD 3210M/5AG5/4G/RU/3DVX/8SL/V/WI4/DS;096827; 6 857 328 ; 5 714 440 
Ноутбуки ASUS;ASUS K75DE 4400M/1DS5/4G/RU/1ATY/8SL/V/WI4/DS;091911; 6 976 584 ; 5 813 820 
Ноутбуки ASUS;ASUS K55VD 3210M/5AG5/4G/RU/3CSX/8SL/V/WI4/DS;093148; 7 036 212 ; 5 863 510 
Ноутбуки ASUS;ASUS K75DE 4500M/1DS5/4G/RU/1ATY/8SL/V/WI4/DS;092600; 7 215 108 ; 6 012 590 
Ноутбуки ASUS;ASUS X75VD 3210M/7BG5/6G/RU/7KTY/8SL/V/WI4/DS;096831; 7 334 364 ; 6 111 970 
Ноутбуки ASUS;Asus N53SM 2350M/5AG5/4G/RU/1ASX/8SL/V/WC3/DS BY;091207; 7 393 992 ; 6 161 660 
Ноутбуки ASUS;Asus N53TK 3420M/7BG7/4G/RU/1CSX/8SL/V/WC3/DS;091874; 7 453 620 ; 6 211 350 
Ноутбуки ASUS;Asus U24E 2450M/5AG5/4G/RU/1APX/WOC/V/WC3/VD;091636; 7 811 388 ; 6 509 490 
Ноутбуки ASUS;Asus U24E 2450M/5AG5/4G/RU/1BPX/WOC/V/WC3/VD;091637; 7 811 388 ; 6 509 490 
Ноутбуки ASUS;Asus N53SM 2450M/7BG7/4G/RU/1ASX/8SL/V/WC3/DS BY;091209; 8 169 168 ; 6 807 640 
Ноутбуки ASUS;Asus U31SD 2430M/5AG5/4G/RU/1ARX/WOC/V/WC3/VD;084181; 8 467 308 ; 7 056 090 
Ноутбуки ASUS;Asus U36SG 2350M/5AG5/4G/RU/1BRX/WOC/V/WI3/RD;090753; 8 467 308 ; 7 056 090 
Ноутбуки ASUS;Asus U30SD 2430M/6CG5/4G/RU/1ARO/8SL/V/WC3/VD;084182; 8 705 832 ; 7 254 860 
Ноутбуки ASUS;Asus U40SD 2430M/6CG5/4G/RU/1AWX/8SL/V/WC3/VD;084183; 8 765 460 ; 7 304 550 
Ноутбуки ASUS;ASUS K95VM 3210M/1DG3/6G/RU/1AYZ/8SL/V/WI4/DS;095429; 8 884 716 ; 7 403 930 
Ноутбуки ASUS;ASUS N55SF 2330M/7BG7/4G/RU/2AS2/8SL/V/WC3/DS;083875; 9 063 600 ; 7 553 000 
Ноутбуки ASUS;Asus N45SF 2430M/7BG7/4G/RU/1AVX/8SL/V/WC3/DS KL;083872; 9 242 484 ; 7 702 070 
Ноутбуки ASUS;Asus U24E 2640M/7BG5/4G/RU/1APX/WOC/V/WC3/XD;095359; 9 421 380 ; 7 851 150 
Ноутбуки ASUS;Asus U36SG 2430M/7BG5/4G/RU/1ARX/WOC/V/WC3/VD;095373; 9 421 380 ; 7 851 150 
Ноутбуки ASUS;ASUS N56VZ 3210M/7BG7/6G/RU/1AS4/8SL/V/WI4/DS;093717; 9 719 520 ; 8 099 600 
Ноутбуки ASUS;ASUS N46VZ 3210M/7BG7/4G/RU/1AV3/8SL/V/WI4/DS;093719; 9 779 148 ; 8 149 290 
Ноутбуки ASUS;ASUS U47VC 3210M/7BG7/4G/RU/1AWO/8SL/V/WI4/VD;093720; 10 136 928 ; 8 447 440 
Ноутбуки ASUS;ASUS N56VM 3610QM/1DG5/8G/RU/1AS3/8SL/V/WI4/VD;097970; 10 852 476 ; 9 043 730 
Ноутбуки ASUS;ASUS N46VZ 3610QM/1DG5/8G/RU/1AV3/8SL/V/WI4/DS KL;093718; 10 971 732 ; 9 143 110 
Ноутбуки ASUS;ASUS K95VM 3610QM/1KS8/8G/RU/1AYZ/8SL/V/WI4/DS;091879; 11 150 616 ; 9 292 180 
Ноутбуки ASUS;ASUS N53SM 2670QM/7BG7/8G/RU/1ASX/6BR/V/WC3/VD;089398; 11 150 616 ; 9 292 180 
Ноутбуки ASUS;Asus Ultrabook UX32VD 3517U/5EZ/4G/RU/1AR4/WOC/V/WA4/VD;095323; 11 329 500 ; 9 441 250 
Ноутбуки ASUS;ASUS N76VZ 3610QM/2TS5/8G/RU/1AT1/6BL/V/WI4/VD;091543; 14 191 692 ; 11 826 410 
Ноутбуки ASUS;Asus VX7SX 2670QM/7BG7/6G/RU/1BS1/8SL/V/WN/B/VD KL;083929; 16 159 452 ; 13 466 210 
Ноутбуки ASUS;Asus G74SX 2670QM/1KS7/12G/RU/1A91/4BL/V/WC3/VD KL;084171; 19 439 040 ; 16 199 200 
Ноутбуки DELL;Dell Neoprene 15.6in Sleeve/Black Kit;099271; 126 636 ; 105 530 
Ноутбуки DELL;Dell Neoprene 15.6in Sleeve/Red Kit;099267; 126 636 ; 105 530 
Ноутбуки DELL;Dell Neoprene 15.6in Sleeve/Blue Kit;099272; 126 648 ; 105 540 
Ноутбуки DELL;DELL 40cm (15.6) Urban Toploader Carrying Case, Black Kit;082317; 239 208 ; 199 340 
Ноутбуки DELL;DELL 15.6in City Wear Messenger Bag Kit;099274; 254 568 ; 212 140 
Ноутбуки DELL;DELL Carrying Case Half Day 15.6in Messenger Kit;090825; 309 564 ; 257 970 
Ноутбуки DELL;DELL Carrying Case Half Day 15.6in Toploader Kit;087097; 325 272 ; 271 060 
Ноутбуки DELL;DELL Executive 16in Leather case Attache (Kit);089465; 548 760 ; 457 300 
Ноутбуки DELL;DELL LCD UltraSharp U2212HM 22' IPS, 1920 x 1080, 8ms, VGA, DP, USB;081388; 1 916 868 ; 1 597 390 
Ноутбуки DELL;"DELL LCD UltraSharp U2412M 24"" IPS, 1920 x 1200, 8ms, VGA, DP, USB";081143; 2 939 724 ; 2 449 770 
Ноутбуки DELL;"DELL LCD UltraSharp U2711 27"" 2560X1440";052359; 7 713 036 ; 6 427 530 
Ноутбуки DELL;DELL Desktop Inspiron One 2320 i3-2100/4GB/1TB/GT 525M/BT/DVD+/-RW/Win7HP+Mouse;088867; 8 201 352 ; 6 834 460 
Ноутбуки DELL;DELL Desktop Inspiron One 2320 i5-2400/6GB/1TB/GT 525M/BT/Win7HP+Kbd/Mouse 2Y;088946; 9 687 948 ; 8 073 290 
Ноутбуки DELL;DELL Inspiron 15 (N5040) Red Glare HD P6200/2GB/320GB/HD/Ubuntu/Rus;078296; 2 709 000 ; 2 257 500 
Ноутбуки DELL;DELL Inspiron 15 (N5050) Red Glare HD Cel B815/2GB/500GB/HD/BT/Ubuntu/Rus;089826; 2 871 540 ; 2 392 950 
Ноутбуки DELL;DELL Inspiron 15 (N5050) Black Glare HD Cel B815/2GB/500GB/HD/Ubuntu/Rus;089827; 2 871 540 ; 2 392 950 
Ноутбуки DELL;DELL Inspiron 15 (N5040) Black Glare HD P6200/4GB/500GB/Intel HD/BT/Ubuntu/Rus;089875; 3 142 440 ; 2 618 700 
Ноутбуки DELL;DELL Inspiron 15 (N5040) Black Glare HD i3-380M/2GB/320GB/HD/BT/Ubuntu/Rus;080519; 3 250 800 ; 2 709 000 
Ноутбуки DELL;DELL Inspiron 15 (N5050) Red Glare HD B960/4GB/500GB/HD3000/BT/Ubuntu/Rus;094313; 3 250 800 ; 2 709 000 
Ноутбуки DELL;DELL Inspiron 15 (N5050) Black Glare HD B970/4GB/500GB/HD/Ubuntu/Rus;098259; 3 304 980 ; 2 754 150 
Ноутбуки DELL;DELL Inspiron 15 (N5050) Red Glare HD B970/4GB/500GB/HD/Ubuntu/Rus;098342; 3 304 980 ; 2 754 150 
Ноутбуки DELL;DELL Inspiron Q15R (N5110) Black Glare HD i3-2330M/3GB/320GB/HD3000/BT/DOS/Rus;081547; 3 575 880 ; 2 979 900 
Ноутбуки DELL;DELL Inspiron M5110 Black Glare HD AMD A4-3300M/2GB/500GB/HD6510G2/BT/Ubuntu/Rus;089809; 3 575 880 ; 2 979 900 
Ноутбуки DELL;DELL Inspiron M5110 Black Glare HD AMD A4-3305M/4GB/500GB/HD6510G2/BT/Ubuntu/Rus;091771; 3 738 420 ; 3 115 350 
Ноутбуки DELL;DELL Inspiron 15 (N5050) Red Glare HD i3-2350M/4GB/500GB/HD3000/BT/Ubuntu/Rus;090184; 3 900 960 ; 3 250 800 
Ноутбуки DELL;DELL Inspiron 15 (N5050) Black Glare HD i3-2350M/4GB/500GB/HD3000/BT/Ubuntu/Rus;094318; 3 900 960 ; 3 250 800 
Ноутбуки DELL;DELL Inspiron Q15R (N5110) Red Glare HD B960/4GB/500GB/HD6470/BT/DOS/Rus;087455; 3 955 140 ; 3 295 950 
Ноутбуки DELL;DELL Inspiron Q15R (N5110) Black Glare HD B960/4GB/500GB/HD6470M/BT/DOS/Rus;087457; 3 955 140 ; 3 295 950 
Ноутбуки DELL;DELL Inspiron 15 (N5050) Black Glare HD i3-2370M/4GB/500GB/HD3000/BT/Ubuntu/Rus;098356; 4 009 320 ; 3 341 100 
Ноутбуки DELL;DELL Vostro 3350 Silver AntiGlare HD i3-2330M/3G/320GB/HD/BT/WLAN/DOS/Rus;084229; 4 334 400 ; 3 612 000 
Ноутбуки DELL;DELL Inspiron M5110 Black Glare HD AMD A6-3400M/4GB/750GB/HD6640G2/BT/Ubuntu/Rus;085682; 4 442 760 ; 3 702 300 
Ноутбуки DELL;DELL Inspiron 15 (N5050) Black Glare HD i3-2370M/6GB/1TB/HD3000/BT/Ubuntu/Rus;098262; 4 442 760 ; 3 702 300 
Ноутбуки DELL;DELL Vostro 3350 Silver AntiGlare HD i3-2350M/4G/500GB54/HD/BT/WiDi/DOS/Rus;092078; 4 551 120 ; 3 792 600 
Ноутбуки DELL;DELL Vostro 3350 Red AntiGlare HD i3-2350M/4G/500GB54/HD/BT/DOS/Rus kbd;092080; 4 551 120 ; 3 792 600 
Ноутбуки DELL;DELL Vostro 3350 Red AntiGlare HD i3-2350M/4G/500GB72/HD/BT/DOS/Rus kbd;093163; 4 551 120 ; 3 792 600 
Ноутбуки DELL;DELL Vostro 3350 Silver AntiGlare HD i3-2350M/4G/500GB72/HD/BT/WiDi/DOS/Rus;093164; 4 551 120 ; 3 792 600 
Ноутбуки DELL;DELL Vostro 3550 Silver AntiGlare HD i3-2350M/4G/500GB/HD/BT/Dos/Rus;091835; 4 876 200 ; 4 063 500 
Ноутбуки DELL;DELL Inspiron Q15R (N5110) Black Glare HD i3-2350M/4GB/500GB/GT 525M/BT/DOS/Rus;087446; 4 984 560 ; 4 153 800 
Ноутбуки DELL;DELL Inspiron Q15R (N5110) Red Glare HD i3-2350M/4GB/500GB/GT 525M 1GB/BT/DOS/Rus;087447; 4 984 560 ; 4 153 800 
Ноутбуки DELL;DELL Vostro 3350 Red AntiGlare HD i3-2350M/4G/500GB/HD6490M/BT/DOS/Rus kbd;091838; 5 201 280 ; 4 334 400 
Ноутбуки DELL;DELL Vostro 3350 Silver AntiGlare HD i3-2330M/3G/320GB/HD/BT/WWAN/DOS/Rus;084632; 5 418 000 ; 4 515 000 
Ноутбуки DELL;DELL Inspiron 15R (5520) Silver Glare HD i3-2370M/4GB/500GB/HD7670M/Ubuntu/Rus;097370; 5 634 720 ; 4 695 600 
Ноутбуки DELL;DELL Inspiron 15R (5520) Red Glare HD i3-2370M/4GB/500GB/HD7670M/BT/Ubuntu/RuS;097378; 5 634 720 ; 4 695 600 
Ноутбуки DELL;DELL Inspiron 15R (5520) White Glare HD i3-2370M/4GB/500GB/HD7670M/Ubuntu/Rus 1Y;098258; 5 634 720 ; 4 695 600 
Ноутбуки DELL;DELL Inspiron 15R (5520) Blue Glare HD i3-2370M/4GB/500GB/HD7670M/Ubuntu/Rus;098266; 5 634 720 ; 4 695 600 
Ноутбуки DELL;DELL Inspiron 15R (5520) Pink Glare HD i3-2370M/4GB/500GB/HD7670M/Ubuntu/Rus;098273; 5 634 720 ; 4 695 600 
Ноутбуки DELL;DELL Inspiron 17R (5720) Pink Glare HD+ i3-2370M/4GB/500GB/HD3000/Ubuntu/Rus kbd;097372; 5 688 900 ; 4 740 750 
Ноутбуки DELL;DELL Inspiron 17R (5720) Silver Glare HD+ i3-2370M/4GB/500GB/HD3000/Ubuntu/Rus kbd;098232; 5 688 900 ; 4 740 750 
Ноутбуки DELL;DELL Inspiron 17R (5720) Blue Glare HD+ i3-2370M/4GB/500GB/HD3000/Ubuntu/Rus kbd;098346; 5 688 900 ; 4 740 750 
Ноутбуки DELL;DELL Inspiron Q15R (N5110) Black HD i5-2450M/4GB/500GB/GT525M/BT/DOS/Rus;087027; 5 959 800 ; 4 966 500 
Ноутбуки DELL;DELL Vostro 3560 Silver AntiGlare HD i3-2370M/4G/320GB/BT/HD3000/Win7HP/Rus;098350; 5 959 800 ; 4 966 500 
Ноутбуки DELL;DELL Inspiron Q15R (N5110) Black Glare HD i5-2450M/4GB/750GB/GT525M/BT/DOS/Rus;090134; 6 068 160 ; 5 056 800 
Ноутбуки DELL;DELL Inspiron 15R (5520) Red Glare HD i5-3210M/4GB/500GB/HD7670M/Ubuntu/Rus;097371; 6 068 160 ; 5 056 800 
Ноутбуки DELL;DELL Inspiron 15R (5520) Silver Glare HD i5-3210M/4GB/500GB/HD7670M/Ubuntu/Rus;098264; 6 068 160 ; 5 056 800 
Ноутбуки DELL;DELL Inspiron 15R (5520) White Glare HD i5-3210M/4GB/500GB/HD7670M/Ubuntu/Rus;098268; 6 068 160 ; 5 056 800 
Ноутбуки DELL;DELL Inspiron 15R (5520) Silver Glare HD i3-2370M/6GB/1TB/HD7670M/Ubuntu/Rus;098271; 6 068 160 ; 5 056 800 
Ноутбуки DELL;DELL Inspiron 15R (5520) Blue Glare HD i5-3210M/4GB/500GB/HD7670M/Ubuntu/Rus;098272; 6 068 160 ; 5 056 800 
Ноутбуки DELL;DELL Inspiron 15R (5520) Pink Glare HD i5-3210M/4GB/500GB/HD7670M/Ubuntu/Rus;098348; 6 068 160 ; 5 056 800 
Ноутбуки DELL;DELL Inspiron 15R (5520) Bronze Glare HD i5-3210M/6GB/500GB/HD7670M/Ubuntu/Rus;094187; 6 176 520 ; 5 147 100 
Ноутбуки DELL;DELL Inspiron 15R (5520) Pink Glare HD i5-3210M/6GB/500GB/HD7670M/Ubuntu/Rus;094189; 6 176 520 ; 5 147 100 
Ноутбуки DELL;DELL Inspiron 15R (5520) White Glare HD i5-3210M/6GB/500GB/HD7670M/Ubuntu/Rus;094296; 6 176 520 ; 5 147 100 
Ноутбуки DELL;DELL Inspiron 15R (5520) Silver Glare HD i5-3210M/6GB/500GB/HD7670M/Ubuntu/Rus;094312; 6 176 520 ; 5 147 100 
Ноутбуки DELL;DELL Inspiron 17R (5720) Silver Glare HD+ i3-2370M/4GB/500GB/NV630M/Ubuntu/Rus kbd;094462; 6 284 880 ; 5 237 400 
Ноутбуки DELL;DELL Inspiron 17R (5720) Pink Glare HD+ i3-2370M/4GB/500GB/GT 630M/Ubuntu/Rus kbd;098231; 6 284 880 ; 5 237 400 
Ноутбуки DELL;DELL Inspiron 17R (5720) Blue Glare HD+ i3-2370M/4GB/500GB/GT 630M/Ubuntu/Rus kbd;098238; 6 284 880 ; 5 237 400 
Ноутбуки DELL;DELL Vostro 3350 Silver AntiGlare HD i5-2450M/4G/500GB/HD6490M/BT/DOS/Rus kbd;091836; 6 393 240 ; 5 327 700 
Ноутбуки DELL;DELL Inspiron N7110 Black Glare HD+ i5-2450M/4GB/750GB/GT525M1GB/BT/DOS/Rus;092682; 6 393 240 ; 5 327 700 
Ноутбуки DELL;DELL Inspiron 15R (5520) White Glare HD i5-3210M/4GB/1TB/HD7670M/Ubuntu/Rus;094316; 6 393 240 ; 5 327 700 
Ноутбуки DELL;DELL Inspiron 15R (5520) Bronze Glare HD i5-3210M/4GB/1TB/HD7670M/Ubuntu/Rus;094319; 6 393 240 ; 5 327 700 
Ноутбуки DELL;DELL Inspiron 15R (5520) Red Glare HD i5-3210M/4GB/1TB/HD7670M/Ubuntu/Rus;094392; 6 393 240 ; 5 327 700 
Ноутбуки DELL;DELL Inspiron 15R (5520) Silver Glare HD i5-3210M/4GB/1TB/HD7670M/Ubuntu/Rus;094394; 6 393 240 ; 5 327 700 
Ноутбуки DELL;DELL Inspiron 15R (5520) Silver Glare HD i5-3210M/6GB/1TB/HD7670M/BT/Ubuntu/Rus;098242; 6 664 140 ; 5 553 450 
Ноутбуки DELL;DELL Vostro 3560 Silver AntiGlare HD i5-3210M/4G/500GB/BT/HD7670M/BT/Ubuntu/Rus;097374; 6 718 320 ; 5 598 600 
Ноутбуки DELL;DELL Vostro 3560 Silver AntiGlare FHD i5-3210M/4G/500GB/BT/HD7670M/BT/Ubuntu/Rus;098267; 6 718 320 ; 5 598 600 
Ноутбуки DELL;DELL Inspiron 17R (5720) Pink Glare HD+ i5-3210M/4GB/500GB/NV630M/Ubuntu/Rus kbd;094433; 6 826 680 ; 5 688 900 
Ноутбуки DELL;DELL Inspiron 17R (5720) Silver Glare HD+ i5-3210M/4GB/500GB/NV630M/Ubuntu/Rus kbd;094438; 6 826 680 ; 5 688 900 
Ноутбуки DELL;DELL Inspiron 17R (5720) Blue Glare HD+ i5-3210M/4GB/500GB/NV630M/Ubuntu/Rus kbd;094461; 6 826 680 ; 5 688 900 
Ноутбуки DELL;DELL Vostro 3550 Silver AntiGlare HD i7-2640M/4G/500GB/HD6630M/BT/Widi/DOS/Rus;091820; 7 260 120 ; 6 050 100 
Ноутбуки DELL;DELL Inspiron 17R (5720) Silver Glare HD+ i5-3210M/6GB/1TB/NV630M/Ubuntu/Rus;094184; 7 260 120 ; 6 050 100 
Ноутбуки DELL;DELL Inspiron 15R SE (7520) Silver Glare HD i5-3210M/6GB/1TB/HD7730M/BT/Ubuntu/Rus kbd;097376; 7 368 480 ; 6 140 400 
Ноутбуки DELL;DELL Inspiron 15R (5520) Silver Glare HD i7-3612/8GB/1TB/HD7670M/Ubuntu/Rus;098274; 7 910 280 ; 6 591 900 
Ноутбуки DELL;DELL Inspiron 15R SE (7520) Silver AntiGlare HD i7-3612M/6GB/1TB/HD7730/BT/Ubuntu/Rus;098354; 8 127 000 ; 6 772 500 
Ноутбуки DELL;DELL Vostro 3560 Silver AntiGlare FHD i7-3612QM/4G/500GB/BT/HD7670M/Ubuntu/Rus;097369; 8 397 900 ; 6 998 250 
Ноутбуки DELL;DELL Inspiron 15R SE (7520) Silver AntiGlare FHD i7-3612M/8GB/1TB/HD7730/BT/Ubuntu/Rus;098230; 8 452 080 ; 7 043 400 
Ноутбуки DELL;DELL Inspiron 17R (5720) Silver Glare HD+ i7-3612M/8GB/1TB/GT 630M/BT/Ubuntu/Rus;098240; 8 452 080 ; 7 043 400 
Ноутбуки DELL;DELL Vostro 3560 Silver AntiGlare FHD i7-3612QM/6G/750GB/BT/HD7670M/Ubuntu/Rus;098243; 8 452 080 ; 7 043 400 
Ноутбуки DELL;DELL Vostro 3560 Silver AntiGlare FHD i7-3612QM/8G/750GB/BT/HD7670M/Ubuntu/Rus;098269; 8 506 260 ; 7 088 550 
Ноутбуки DELL;DELL XPS 17 (L702x) Aluminum FHD  i5-2450M/4GB/500GB/GT555M/BT/WiDi/DOS/Rus;089325; 8 668 800 ; 7 224 000 
Ноутбуки DELL;DELL XPS 14z HD Glare i5-2450M/6GB/750GB/GT520M/BT/WIN7HP/Rus;089327; 8 668 800 ; 7 224 000 
Ноутбуки DELL;DELL Vostro 3560 Silver AntiGlare FHD i7-3612M/6G/500GB+32GB/BT/HD7670M/Win7HP/Rus;097377; 9 752 400 ; 8 127 000 
Нетбуки Case Logic;BUA12K Laptop Attache for 12''/ Polyester/ Black/ For (31.2 x 3.5 x 23.2 cm);049748; 165 564 ; 137 970 
Нетбуки Case Logic;ENST112K;089302; 292 236 ; 243 530 
Нетбуки Case Logic;ENSTK110B;089304; 194 160 ; 161 800 
Нетбуки Case Logic;"GBP116GY Notebook Professional Backpack/ For 16""/ Nylon/ Grey/ For (31.0 x 16.0 x 56.5 cm)";079791; 285 720 ; 238 100 
Нетбуки Case Logic;"GBP116K Notebook Professional Backpack/ For 16""/ Nylon/ Black/ For (31.0 x 16.0 x 56.5 cm)";079789; 285 720 ; 238 100 
Нетбуки Case Logic;"GBP116P Notebook Professional Backpack/ For 16""/ Nylon/ Purple/ For (31.0 x 16.0 x 56.5 cm)";079792; 285 720 ; 238 100 
Нетбуки Case Logic;"GBP116R Notebook Professional Backpack/ For 16""/ Nylon/ Red/ For (31.0 x 16.0 x 56.5 cm)";079790; 285 720 ; 238 100 
Нетбуки Case Logic;"NOXB-114 Notebook Backpack/ For 14"" (or MacBook 15"")/ Nylon-Woven/ Black";083512; 499 284 ; 416 070 
Нетбуки Case Logic;"NOXF-114 Female Business Bag for 14""/ Nylon-Woven/ Black";083513; 435 600 ; 363 000 
Нетбуки Case Logic;NSB-1169, Soft-sided Messenger Bag;074650; 299 640 ; 249 700 
Нетбуки Case Logic;NSB-116M, Soft-sided Messenger Bag;074649; 299 640 ; 249 700 
Нетбуки Case Logic;"PBCi112G Laptop Attache for 12""/ Poly Gucci/ Gray-Green/ For (33.0 x 4.5 x 28.0cm)";050740; 218 244 ; 181 870 
Нетбуки Case Logic;"PBCi112M Laptop Attache for 12""/ Poly Gucci/ Brown-Orange/ For (33.0 x 4.5 x 28.0cm)";049751; 218 244 ; 181 870 
Нетбуки Case Logic;"PBCi112R Laptop Attache for 12""/ Poly Gucci/ Red/ For (33.0 x 4.5 x 28.0cm)";089301; 218 244 ; 181 870 
Нетбуки Case Logic;"QNS-111 Laptop Shuttle for 11.0""/ EVA-Nylon/ Pink/ For (30.0 x 2.0 x 21.8cm)";090381; 163 176 ; 135 980 
Нетбуки Case Logic;"QNS-113 Laptop Sleeve for 13""/ EVA-Nylon/ For (32.5 x 2.0 x 25.0cm)/ Black";074652; 207 456 ; 172 880 
Нетбуки Case Logic;"QNS-113 Laptop Sleeve for 13""/ EVA-Nylon/ For (32.5 x 2.0 x 25.0cm)/ Blue";090383; 207 456 ; 172 880 
Нетбуки Case Logic;"QNS-113 Laptop Sleeve for 13""/ EVA-Nylon/ For (32.5 x 2.0 x 25.0cm)/ Pink";074653; 207 456 ; 172 880 
Нетбуки Case Logic;"RBP117 Notebook Backpack For 17.3""/ Nylon/ Black/ For (41.6 x 4.6 x 30 cm)";083527; 562 284 ; 468 570 
Нетбуки Case Logic;"TNC216 Laptop Case for 16""/ Nylon/ Black/ (38.5 x 28.2 x 4.5 cm)";043864; 374 892 ; 312 410 
Нетбуки Case Logic;"ULB116G Notebook Case for 15""-16""";090377; 312 564 ; 260 470 
Нетбуки Case Logic;"ULM116G  Notebook Case for 15""-16""";082309; 312 564 ; 260 470 
Нетбуки Case Logic;"UNS-114 14"" Netbook/Mac Book Air Sleeve - Black";080144; 126 300 ; 105 250 
Нетбуки Case Logic;"UNS-114 14"" Netbook/Mac Book Air Sleeve - Pink";074657; 121 176 ; 100 980 
Нетбуки Case Logic;"ZLB116 Notebook Backpack for 16""";090382; 498 936 ; 415 780 
Нетбуки Case Logic;"ZLC116 Laptop Case for 16""/ Nylon/ Black/ For (39.2 x 30 x 4 cm)";064023; 388 440 ; 323 700 
Нетбуки Case Logic;"ZLCS114 Security Friendly Mobile Case for 14""/ Nylon/ Black/ For (35.5 x 4.0 x 26.5cm)";064024; 342 156 ; 285 130 
Клавиатуры прочие;Chicony standard keyboard KU-9810, US/RUS, USB, 3 extra power management keys, black;023034; 56 916 ;47 430
Клавиатуры прочие;Chicony multimedia keyboard KU-0833, US/RUS, USB, 10 multimedia hotkeys, slim, CHICLET flat key design, polished surface, i-pod white;051420; 88 020 ;73 350
Клавиатуры прочие;Codegen KB-2018-CA Keyboard/ USB/ EN,RU;083009; 38 160 ;31 800
Мыши других производителей;Codegen 3D Optical Mouse MAC-001 Black/ USB;080288; 25 944 ;21 620
Мыши других производителей;Codegen 3D Optical Mouse MO-040 Black/ USB;067012; 24 012 ;20 010
Web-камеры CREATIVE;Headset HS-330;069135; 83 952 ; 69 960 
Web-камеры CREATIVE;Live! Cam Chat HD (VF0700);079527; 228 696 ; 190 580 
Web-камеры CREATIVE;Live! Cam Socialize (VF0640);079533; 130 476 ; 108 730 
Web-камеры CREATIVE;Live! Cam Sync Black;076402; 91 992 ; 76 660 
Web-камеры CREATIVE;SB Audigy SE bulk;009308; 217 320 ; 181 100 
Web-камеры CREATIVE;SB Play!;047847; 129 768 ; 108 140 
Web-камеры CREATIVE;SB Recon3D PCIe;090559; 711 408 ; 592 840 
Web-камеры CREATIVE;SB X-Fi Go! Pro;079526; 327 216 ; 272 680 
Web-камеры CREATIVE;SB X-Fi Surround 5.1 Pro;071625; 533 220 ; 444 350 
Web-камеры CREATIVE;SB X-Fi Xtreme Audio PCI;015537; 380 088 ; 316 740 
Вентиляторы прочие ;"Notebook cooler N200 up to 15.4"" nb, 1x120mm fan ";076996; 42 936 ; 35 780 
Вентиляторы прочие ;"Notebook cooler N29 up to 15.6"" nb, 1x200mm fan ";083843; 105 924 ; 88 270 
Вентиляторы прочие ;"Notebook cooler E-Desk white up to 18.4"" nb, 1x200mm fan";087410; 114 156 ; 95 130 
Мыши других производителей ;BHP-001 Bluetooth stereo headset;094607; 216 300 ; 180 250 
Мыши других производителей ;BHP-002 Bluetooth stereo headset;094608; 228 324 ; 190 270 
Мыши других производителей ;BHP-003B Bluetooth stereo headset, black color;094609; 241 788 ; 201 490 
Мыши других производителей ;BHP-003S Bluetooth stereo headset, silver color;094610; 240 336 ; 200 280 
Мыши других производителей ;KB-9627LU-R letter-illuminated mini keyboard, silver&black, Russian layout, USB;067876; 146 328 ; 121 940 
Мыши других производителей ;KB-9630SB-R letter-illuminated keyboard, silver/black, Russian layout, combo;094613; 144 276 ; 120 230 
Мыши других производителей ;KB-9805LU-R Backlight USB keyboard,18 hotkeys, Russian layout;072779; 126 240 ; 105 200 
Мыши других производителей ;MHS-108 Stereo headset with volume control, black-silver color;094615; 42 084 ; 35 070 
Мыши других производителей ;MHS-108-B Stereo headset with volume control, black color;094616; 42 084 ; 35 070 
Мыши других производителей ;MHS-121 Stereo headset/ Black;094606; 22 236 ; 18 530 
Мыши других производителей ;MUSG1 Optical 3 button wheel gaming mouse with USB interface;094621; 54 108 ; 45 090 
Мыши других производителей ;MUSOPTI2-USB optical mouse USB;094625; 26 448 ; 22 040 
Мыши других производителей ;Net-201 Internet chat headset ;094628; 18 036 ; 15 030 
Мыши других производителей ;SPK-BT-01 Bluetooth speaker ;094631; 203 196 ; 169 330 
Мыши других производителей ;WHS-104 Wireless stereo headset ;094632; 239 256 ; 199 380 
Мыши других производителей;Abyssus infrared gaming mouse,  3500dpi, 3.5G infrared sensor, 1000Hz Ultrapolling, 1ms, USB;072433; 359 508 ; 299 590 
Мыши других производителей;DeathAdder 3500 High Precision Infrared Gaming Mouse, 3.5G infrared sensor, 5 programmable buttons,On-The-Fly Sensitivity adjustment, Always-On mode, Ultra-large non-slip buttons;072428; 539 256 ; 449 380 
Мыши других производителей;Lachesis Ambidextrous Precision Gaming Mouse, 4000dpi, 32KB onboard memory, 9 programmable buttons, 24 click positions wheel;072429; 625 884 ; 521 570 
Мыши других производителей;Lycosa Mirror Backlit Gaming Keyboard - Russian Layout;054218; 713 616 ; 594 680 
Мыши других производителей;Mamba Ergonomic Wireless Gaming Mouse;092110; 1 173 504 ; 977 920 
Мыши других производителей;Naga Epic Elite Wirelles Gaming Mouse, 17 Fully-programmable button, (including 12 button thumb grid);086674; 1 153 308 ; 961 090 
Мыши других производителей;Orochi Bluetooth Notebook Gaming Mouse, 2000DPI (Wireless Mode), 4000DPI (wired mode), 3G Laser sensor, 125Hz polling (wireless mode), 1000Hz (wired mode), On-The-Fly Sensitivity adjustment,  2x AA batt.;054213; 630 948 ; 525 790 
Мыши других производителей;Orochi Bluetooth Notebook Gaming Mouse, Black chrome 2000DPI (Wireless Mode), 4000DPI (wired mode), 3G Laser sensor, 125Hz polling (wireless mode), 1000Hz (wired mode), On-The-Fly Sensitivity adjustment,  2x AA batt.;087083; 618 348 ; 515 290 
Мыши других производителей;Naga-Molten Edition Laser Gaming Mouse, 17 programmable buttons, 5600dpi, 1000Hz;074985; 721 248 ; 601 040 
Мыши других производителей;Cyborg R.A.T. 3 Gaming Mouse, 3200 dpi, 1000Hz report rate, 5 buttons, 3 modes, USB;052182; 325 824 ; 271 520 
Мыши других производителей;Cyborg R.A.T. 5 Gaming Mouse, 4000 dpi, 1000Hz report rate, 7 buttons, 3 modes, USB;052185; 437 808 ; 364 840 
Мыши других производителей;Cyborg R.A.T. M.M.O. 7 Gaming Mouse;090706; 816 732 ; 680 610 
Мыши других производителей;Eclipse Bluetooth Mobile Mouse, 4 button, 4-way scroll ball, FlexGrip, 1600dpi laser;052187; 430 272 ; 358 560 
Мыши других производителей;Eclipse Bluetooth Touch Mouse, 3 button, 4-way touch scroll, 1600 dpi laser sensor, Aluminum surface, Power off switch;045751; 430 272 ; 358 560 
USB Flash Drive Silicon Power ;16GB, USB 3.0 FlASH DRIVE, MARVEL SERIES M01, BLUE;086906; 126 948 ; 105 790 
USB Flash Drive Silicon Power ;32GB, USB 3.0 FlASH DRIVE, MARVEL SERIES M60, SILVER;093933; 409 176 ; 340 980 
USB Flash Drive Silicon Power ;8GB, USB 3.0 FlASH DRIVE, MARVEL SERIES M01, BLUE;086905; 70 260 ; 58 550 
USB Flash Drive Silicon Power ;16GB, USB 2.0 FLASH DRIVE LUXMINI 720, DEEP BLUE;093940; 100 968 ; 84 140 
USB Flash Drive Silicon Power ;16GB, USB 2.0 FLASH DRIVE LUXMINI 720, PEACH;093944; 100 968 ; 84 140 
USB Flash Drive Silicon Power ;16GB, USB 2.0 FLASH DRIVE LUXMINI 910, SILVER;083272; 96 240 ; 80 200 
USB Flash Drive Silicon Power ;16GB, USB 2.0 FLASH DRIVE TOUCH 810, BLUE;080110; 97 416 ; 81 180 
USB Flash Drive Silicon Power ;16GB, USB 2.0 FLASH DRIVE TOUCH 810, RED;080117; 97 416 ; 81 180 
USB Flash Drive Silicon Power ;16GB, USB 2.0 FLASH DRIVE TOUCH 850, AMBER;087344; 109 236 ; 91 030 
USB Flash Drive Silicon Power ;16GB, USB 2.0 FLASH DRIVE TOUCH 850, TITANIUM;080084; 109 236 ; 91 030 
USB Flash Drive Silicon Power ;16GB, USB 2.0 FLASH DRIVE TOUCH 851, GOLD;081834; 109 236 ; 91 030 
USB Flash Drive Silicon Power ;16GB, USB 2.0 FLASH DRIVE TOUCH 851, SILVER;081835; 109 236 ; 91 030 
USB Flash Drive Silicon Power ;16GB, USB 2.0 FLASH DRIVE ULTIMA U01, BLUE;091236; 95 064 ; 79 220 
USB Flash Drive Silicon Power ;2GB, USB 2.0 FLASH DRIVE TOUCH 835, BLUE;093952; 37 188 ; 30 990 
USB Flash Drive Silicon Power ;32GB, USB 2.0 FLASH DRIVE HELIOS 101, BLUE;093934; 198 984 ; 165 820 
USB Flash Drive Silicon Power ;32GB, USB 2.0 FLASH DRIVE HELIOS 101, GREEN;093935; 198 984 ; 165 820 
USB Flash Drive Silicon Power ;32GB, USB 2.0 FLASH DRIVE LUXMINI 720, DEEP BLUE;093941; 207 240 ; 172 700 
USB Flash Drive Silicon Power ;32GB, USB 2.0 FLASH DRIVE LUXMINI 720, PEACH;093945; 207 240 ; 172 700 
USB Flash Drive Silicon Power ;32GB, USB 2.0 FLASH DRIVE LUXMINI 910, SILVER;093936; 204 888 ; 170 740 
USB Flash Drive Silicon Power ;32GB, USB 2.0 FLASH DRIVE TOUCH 850, AMBER;093948; 216 684 ; 180 570 
USB Flash Drive Silicon Power ;32GB, USB 2.0 FLASH DRIVE TOUCH 850, TITANIUM;093949; 216 684 ; 180 570 
USB Flash Drive Silicon Power ;32GB, USB 2.0 FLASH DRIVE ULTIMA U01, BLUE;093956; 201 336 ; 167 780 
USB Flash Drive Silicon Power ;8GB, USB 2.0 FLASH DRIVE TOUCH 850, AMBER;085807; 66 720 ; 55 600 
USB Flash Drive Silicon Power ;8GB, USB 2.0 FLASH DRIVE TOUCH 850, TITANIUM;080116; 66 720 ; 55 600 
USB Flash Drive Silicon Power ;8GB, USB 2.0 FLASH DRIVE TOUCH 851, GOLD;080105; 64 356 ; 53 630 
USB Flash Drive Silicon Power ;8GB, USB 2.0 FLASH DRIVE TOUCH 851, SILVER;080107; 64 356 ; 53 630 
 Сумки для Ноутбуков Нетбуков;"SALE !!!  Neo-Art Stretch Sleeve NUN-825 for 15.6"" (Black)/ Neoprene/ Internal size: 37.5 x 29.8 x 2.9 cm";080958; 154 836 ; 129 030 
 Сумки для Ноутбуков Нетбуков;"Air Cube NUN-707 Sleeve for 17.3"" (Black)";094851; 239 868 ; 199 890 
 Сумки для Ноутбуков Нетбуков;"Impact Guard PUN-883 Sleeve for 13.3"" (Blue)";094853; 121 536 ; 101 280 
 Сумки для Ноутбуков Нетбуков;"Impact Guard PUN-885 Sleeve for 15"" (Blue)";094854; 143 928 ; 119 940 
 Сумки для Ноутбуков Нетбуков;"ImpuctGuard Insert Sleeve PUN-812BK for 12.1"" (Black) / Scratch-resistant interior velvet lining / Interior: 31.8 x 25.4 x 3.8 cm";075655; 121 548 ; 101 290 
 Сумки для Ноутбуков Нетбуков;"Impulse & Fashion Place PON-451 Notebook case for 13.3"" (Black)";094815; 195 108 ; 162 590 
 Сумки для Ноутбуков Нетбуков;"Impulse & Fashion Place PON-451 Notebook case for 13.3"" (Light Blue)";094817; 195 120 ; 162 600 
 Сумки для Ноутбуков Нетбуков;"Impulse & Fashion Place PON-451 Notebook case for 13.3"" (Pink)";094814; 195 120 ; 162 600 
 Сумки для Ноутбуков Нетбуков;"Impulse & Fashion Place PON-452 Notebook case for 15.4"" (Light Blue)";094823; 236 712 ; 197 260 
 Сумки для Ноутбуков Нетбуков;"Impulse & Fashion Place PON-452 Notebook case for 16"" (Orange)";094818; 235 092 ; 195 910 
 Сумки для Ноутбуков Нетбуков;"Impulse & Fashion Place PON-457 Notebook Backpack for 15.4"" (Black)";094824; 284 676 ; 237 230 
 Сумки для Ноутбуков Нетбуков;"Impulse & Fashion Place PON-457 Notebook Backpack for 15.4"" (Light Blue)";094826; 284 676 ; 237 230 
 Сумки для Ноутбуков Нетбуков;"Impulse & Fashion Place PON-457 Notebook Backpack for 15.4"" (Pink)";094825; 284 676 ; 237 230 
 Сумки для Ноутбуков Нетбуков;"Impulse & Fashion Place PON-459 Notebook case for 15.4"" (Black)";094827; 257 472 ; 214 560 
 Сумки для Ноутбуков Нетбуков;"Impulse & Fashion Place PON-459 Notebook case for 15.4"" (Light Blue)";094829; 257 472 ; 214 560 
 Сумки для Ноутбуков Нетбуков;"Impulse & Fashion Place PON-459 Notebook case for 15.4"" (Pink)";094828; 257 472 ; 214 560 
 Сумки для Ноутбуков Нетбуков;"Impulse & Fashion Place PON-493 Notebook case for 13.3"" (Black)";094830; 318 252 ; 265 210 
 Сумки для Ноутбуков Нетбуков;"Impulse & Fashion Place PON-493 Notebook case for 13.3"" (Red)";094831; 318 252 ; 265 210 
 Сумки для Ноутбуков Нетбуков;"Impulse & Full Speed PJN-640 Notebook Backpack for 16"" (White)";094836; 321 444 ; 267 870 
 Сумки для Ноутбуков Нетбуков;"Impulse & Full Speed PON-445 Notebook Backpack for 15.4"" (Brown)";094834; 474 960 ; 395 800 
 Сумки для Ноутбуков Нетбуков;"Impulse & Full Speed PON-446WT Notebook Backpack for 15.4"" (Black/White)";094832; 422 208 ; 351 840 
 Сумки для Ноутбуков Нетбуков;"Impulse & Full Speed PON-448 Notebook Backpack for 15.4"" (Orange)";094833; 450 972 ; 375 810 
 Сумки для Ноутбуков Нетбуков;"Impulse & Full Speed PON-486 Notebook Backpack for 14.1"" (Black)";094835; 439 788 ; 366 490 
 Сумки для Ноутбуков Нетбуков;"Impulse Netbook case PON-341BK for 13"" (Black) / Interior: 35.6 x 25.4 x 4.5 cm / Front loading";075652; 170 328 ; 141 940 
 Сумки для Ноутбуков Нетбуков;"Impulse Netbook case PON-341BU for 13"" (Blue) / Interior: 35.6 x 25.4 x 4.5 cm / Front loading";075653; 170 328 ; 141 940 
 Сумки для Ноутбуков Нетбуков;"Impulse Notebook brief PON-343BK for 13"" (Black) / Water repellent Polyester / Interior: 35.6 x 25.4 x 4.5 cm / Top loading";075654; 168 720 ; 140 600 
 Сумки для Ноутбуков Нетбуков;"Impulse Notebook brief PON-343BK for 13"" (Blue) / Water repellent Polyester / Interior: 35.6 x 25.4 x 4.5 cm / Top loading";094811; 168 708 ; 140 590 
 Сумки для Ноутбуков Нетбуков;"NeoArt NUN-823  Sleeve for 13.3"" (Black)";094859; 165 528 ; 137 940 
 Сумки для Ноутбуков Нетбуков;"NeoArt NUN-823  Sleeve for 13.3"" (Magenta)";094860; 165 528 ; 137 940 
 Сумки для Ноутбуков Нетбуков;"Notebook Backpack PON-367BK for 16"" (Black)";085370; 232 692 ; 193 910 
 Сумки для Ноутбуков Нетбуков;"NRN-230 Superlight Courier Sleeve for iPad/Tablets 10"" (Black)";094861; 167 928 ; 139 940 
 Сумки для Ноутбуков Нетбуков;"Passage PON-301 Notebook case for 15.4"" (Black)";094792; 151 128 ; 125 940 
 Сумки для Ноутбуков Нетбуков;"Passage PON-306 Notebook case for 13.3"" (Blue)";094796; 111 948 ; 93 290 
 Сумки для Ноутбуков Нетбуков;"Passage PON-306 Notebook case for 13.3"" (Orange)";094799; 111 948 ; 93 290 
 Сумки для Ноутбуков Нетбуков;"Passage PON-306 Notebook case for 13.3"" (Red)";094800; 111 948 ; 93 290 
 Сумки для Ноутбуков Нетбуков;"Passage PON-306 Notebook case for 13.3"" (White)";094797; 111 948 ; 93 290 
 Сумки для Ноутбуков Нетбуков;"Passage PON-312 Notebook case for 18"" (Black)";094807; 266 268 ; 221 890 
 Сумки для Ноутбуков Нетбуков;"Score & NON-151 Notebook case for 12.1"" (Black)";094842; 249 480 ; 207 900 
 Сумки для Ноутбуков Нетбуков;"Score & NON-151 Notebook case for 12.1"" (Pink)";094843; 249 480 ; 207 900 
 Сумки для Ноутбуков Нетбуков;"Score & NON-154 Notebook case for 15.4"" (Black)";094845; 554 148 ; 461 790 
 Сумки для Ноутбуков Нетбуков;"Score NON-251 Notebook case for 14"" (Cherry)";094846; 465 372 ; 387 810 
 Сумки для Ноутбуков Нетбуков;"Score NON-253 Notebook case for 15.4"" (Black)";094847; 759 612 ; 633 010 
 Сумки для Ноутбуков Нетбуков;"Score NON-254 Notebook Backpack for 14.1"" (Black)";094848; 511 764 ; 426 470 
 Сумки для Ноутбуков Нетбуков;"Score NON-256 Notebook Case for 9"" (Cherry)";094849; 292 668 ; 243 890 
 Сумки для Ноутбуков Нетбуков;"SHE RULES NON-913 Notebook case for 15.4"" (Black)";094837; 411 000 ; 342 500 
 Сумки для Ноутбуков Нетбуков;"SHE RULES NON-913 Notebook case for 15.4"" (Red)";094838; 411 000 ; 342 500 
 Сумки для Ноутбуков Нетбуков;"SHE RULES NON-915 Notebook case for 15.4"" (Black)";094839; 414 192 ; 345 160 
 Сумки для Ноутбуков Нетбуков;"SHE RULES NON-915 Notebook case for 15.4"" (Grey)";094840; 414 192 ; 345 160 
 Сумки для Ноутбуков Нетбуков;"SHE RULES NON-915 Notebook case for 15.4"" (Red)";094841; 414 192 ; 345 160 
 Сумки для Ноутбуков Нетбуков;"SHE RULES Notebook case NON-936 for 15.6"" (Black) / Nylon with insets of natural leather / Internal: 38.7 x 27.9 x 5.7cm";080949; 396 612 ; 330 510 
 Сумки для Ноутбуков Нетбуков;"SHE RULES Notebook case NON-936 for 15.6"" (Mocha) / Nylon with insets of natural leather / Internal: 38.7 x 27.9 x 5.7cm";080957; 396 612 ; 330 510 
 Сумки для Ноутбуков Нетбуков;"SHE RULES Notebook case NON-936 for 15.6"" (Red) / Nylon with insets of natural leather / Internal: 38.7 x 27.9 x 5.7cm";080955; 396 612 ; 330 510 
Жесткие диски(HDD) 4;A-DATA 1TB Portable Hard Drive CH11 (Black) USB 3.0, Color Box;074590; 1 052 268 ;876890
Жесткие диски(HDD) 5;A-DATA 500GB Portable Hard Drive NH13 USB3.0 (Silver), Color box;079950; 649 920 ;541600
Жесткие диски(HDD) 6;A-DATA 750GB Portable Hard Drive NH13 USB3.0 (Silver), Color box;079953; 791 736 ;659780
Жесткие диски(HDD) 7;A-DATA 500GB Portable Hard Drive NH13 USB3.0 (Black), Color box;079954; 649 956 ;541630
Жесткие диски(HDD) 8;A-DATA 750GB Portable Hard Drive NH13 USB3.0 (Black), Color box;079955; 791 736 ;659780
Жесткие диски(HDD) 9;A-DATA 500GB Portable Hard Drive SH14 (Red), Color Box;079956; 679 872 ;566560
Жесткие диски(HDD) 10;A-DATA 1TB Portable Hard Drive NH13 USB3.0 (Silver), Color box;079974; 1 110 948 ;925790
Жесткие диски(HDD) 11;A-DATA 1TB Portable Hard Drive NH13 USB3.0 (Black), Color box;081676; 1 110 948 ;925790
Жесткие диски(HDD) 12;A-DATA 750GB Portable Hard Drive SH14 (Red), USB3.0, Color Box;085305; 834 936 ;695780
Жесткие диски(HDD) 13;A-DATA 500GB Portable Hard Drive CH11 (Pink) USB 3.0, Color Box;085316; 614 472 ;512060
Жесткие диски(HDD) 14;A-DATA 500GB Portable Hard Drive HD710 (Black) USB 3.0, Color Box;091671; 685 368 ;571140
Жесткие диски(HDD) 15;A-DATA 1TB Portable Hard Drive SH14 (Red), USB3.0, Color Box;097477; 1 037 724 ;864770
 Сумки для Ноутбуков Нетбуков;Targus Stylus for Media Tablets (Black);097230; 80 652 ;67210
 Сумки для Ноутбуков Нетбуков;"Targus Laptop Case for 15.4 - 16"" Classic+ Clamshell (CN415EU)";097232; 191 592 ;159660
 Сумки для Ноутбуков Нетбуков;"Targus Laptop Case for 15.4 - 16"" Classic+ Toploading (CN515EU)";097233; 245 400 ;204500
 Сумки для Ноутбуков Нетбуков;"Targus Laptop Case for 15.4 - 16"" Classic+ Clamshell with File Section (CNFS415EU)";097235; 275 904 ;229920
 Сумки для Ноутбуков Нетбуков;"Targus Laptop Case for 15.4 - 16"" Ultralite Corporate Traveller (CUCT02UA15EU)";097236; 666 096 ;555080
 Сумки для Ноутбуков Нетбуков;"Targus Laptop Case for 16"" Eco Spruce Slipcase (TBS045EU)";097237; 184 056 ;153380
 Сумки для Ноутбуков Нетбуков;"Targus Ladies Laptop Case Annette for 15.6"" (TLT078EU)";097259; 394 404 ;328670
