categories;product_name;product_code;price_value;product_vendor_id;price_currency_id;product_published
Цифровые фотокамеры Sony;Sony DSC-W610 серебристый;f94633;913879.8;995;20;1
Цифровые фотокамеры Sony;Sony DSC-W610 черный;f94631;898754.4;995;20;1
Цифровые фотокамеры Sony;Sony DSC-W630/B черный;f95078;1150583.4;995;20;1
Цифровые фотокамеры Sony;Sony DSC-W630/S серебристый;f95079;1150583.4;995;20;1
Цифровые фотокамеры Sony;Sony DSC-W670/B черный;f96614;1474488.9;995;20;1
Цифровые фотокамеры Sony;Sony DSC-W690/B черный;f98244;1842890.4;995;20;1
Цифровые фотокамеры Sony;Sony DSC-WX100/B черный;f97853;2240654.4;995;20;1
Цифровые фотокамеры Sony;Sony DSC-WX100/S серебристый;f100124;2123193.6;995;20;1
Цифровые фотокамеры Sony;Sony DSC-WX30/B черный;f91252;1930986;995;20;1
Цифровые фотокамеры Sony;Sony DSC-WX50/B черный;f96391;1591949.7;995;20;1
Цифровые фотокамеры Sony;Sony DSC-WX50/S серебристый;f96392;1622205.9;995;20;1
Сумки для фотокамер;Canon Bag 100EG. cумка для зеркальных камер EOS (0027X679);f93436;609549.3;995;20;1
Сумки для фотокамер;Canon Bag 10EG. cумка для зеркальных камер EOS (0027X650);f94927;1314314.1;995;20;1
Сумки для фотокамер;Canon EH19-L. полужесткий кофр для EOS 600D/550D/1100D (2748B002);f93438;640696.5;995;20;1
Сумки для фотокамер;Case Logic DCB-301G. нейлон. цвет серый;f89672;63363.6;995;20;1
Сумки для фотокамер;Case Logic DCB-301K. нейлон. цвет черный;f89669;63363.6;995;20;1
Сумки для фотокамер;Case Logic DCB-301P. нейлон. цвет розовый;f89673;63363.6;995;20;1
Сумки для фотокамер;Case Logic DCB-302K. нейлон. цвет черный;f89670;83373.3;995;20;1
Сумки для фотокамер;Case Logic DCB-303K. нейлон. цвет черный;f89671;138952.8;995;20;1
Сумки для фотокамер;Case Logic DCB-304K. нейлон. цвет черный;f100315;177862.5;995;20;1
Сумки для фотокамер;Case Logic DCB-305K. нейлон. цвет черный;f100316;183419.1;995;20;1
Сумки для фотокамер;Case Logic DCB-306K для зеркального фотоаппарата. нейлон. цвет черный;f89674;222326.1;995;20;1
Сумки для фотокамер;Case Logic SLRC-200 для зеркального фотоаппарата. нейлон. цвет черный;f100317;222326.1;995;20;1
Сумки для фотокамер;Case Logic SLRC-201 для зеркального фотоаппарата. нейлон. цвет черный;f89668;322371.9;995;20;1
Сумки для фотокамер;Case Logic SLRC-202 для зеркального фотоаппарата. нейлон. цвет черный;f100318;411304.5;995;20;1
Сумки для фотокамер;Case Logic SLRC-205 для зеркального фотоаппарата. нейлон. цвет черный;f100319;472443.3;995;20;1
Сумки для фотокамер;Case Logic SLRC-206 для зеркального фотоаппарата. нейлон. цвет черный;f100320;833722.2;995;20;1
Сумки для фотокамер;Case Logic TBC-302K. нейлон. цвет черный;f89666;55582.2;995;20;1
Сумки для фотокамер;Case Logic TBC-401K. нейлон. цвет черный;f100308;43353.9;995;20;1
Сумки для фотокамер;Рюкзак для цифровой камеры HAMA Daytour 180 (H-103743) 32 x 28 x 18 см. черный;f98603;704959.2;995;20;1
Сумки для фотокамер;Рюкзак для цифровой камеры HAMA Daytour 230 (H-103744) 46 x 27 x 18 см. черный;f98604;955076.4;995;20;1
Сумки для фотокамер;Рюкзак для цифровой камеры HAMA Katoomba 150L (H-103739) 15 х 25 х 21 см. одна лямка. левосторонний. нейлон. черный;f98599;595649.7;995;20;1
Сумки для фотокамер;Рюкзак для цифровой камеры HAMA Katoomba 150R (H-103740) 15 х 25 х 21 см. одна лямка. правосторонний. нейлон. черный;f98600;595649.7;995;20;1
Сумки для фотокамер;Рюкзак для цифровой камеры HAMA Katoomba 170RL (H-103741) 15 х 28 х 24 см. одна лямка. универсальный. черный;f98601;715149;995;20;1
Сумки для фотокамер;Рюкзак для цифровой камеры HAMA Katoomba 190RL (H-103742) 18 х 33 х 31 см. одна лямка. универсальный. черный;f98602;845766.9;995;20;1
Сумки для фотокамер;Рюкзак для цифровой камеры HAMA TrackPack 190 (H-103705) 15 х 33 х 30 см. черный/серый;f98598;325152.9;995;20;1
Сумки для фотокамер;Сумка HAMA aha: 130 SLR C.I.S (H-103874) 20 х 14 х 14 см. черный/синий;f98615;183049.2;995;20;1
Сумки для фотокамер;Сумка HAMA Canberra 110 (H-103670) 15.5 х 10 х 13 см. черный/зеленый;f98585;195091.2;995;20;1
Сумки для фотокамер;Сумка HAMA Canberra 110 (H-103671) 15.5 х 10 х 13 см. черный/красный;f98586;193052.7;995;20;1
Сумки для фотокамер;Сумка HAMA Canberra 110 (H-103672) 15.5 х 10 х 13 см. черный/синий;f98587;192126.6;995;20;1
Сумки для фотокамер;Сумка HAMA Canberra 120 (H-103674) 17.5 х 10.5 х 16 см. черный/красный;f98588;235110.6;995;20;1
Сумки для фотокамер;Сумка HAMA Canberra 120 (H-103675) 17.5 х 10.5 х 16 см. черный/синий;f98589;235110.6;995;20;1
Сумки для фотокамер;Сумка HAMA Canberra 130 (H-103676) 19.6 х 10.5 х 16.5 см. черный/зеленый;f98590;264937.5;995;20;1
Сумки для фотокамер;Сумка HAMA Canberra 130 (H-103677) 19.6 х 10.5 х 16.5 см. черный/красный;f98591;264937.5;995;20;1
Сумки для фотокамер;Сумка HAMA Canberra 130 (H-103678) 19.6 х 10.5 х 16.5 см. черный/синий;f98592;262159.2;995;20;1
Сумки для фотокамер;Сумка HAMA Canberra 140 (H-103680) 22 х 11 х 17.5 см. черный/красный;f98593;295509.6;995;20;1
Сумки для фотокамер;Сумка HAMA Canberra 140 (H-103681) 22 х 11 х 17.5 см. черный/синий;f98594;295509.6;995;20;1
Сумки для фотокамер;Сумка HAMA Canberra 90 (H-103664) 7.5 х 7 х 13 см. черный/зеленый;f98582;125058.6;995;20;1
Сумки для фотокамер;Сумка HAMA Canberra 90 (H-103665) 7.5 х 7 х 13 см. черный/красный;f98583;125058.6;995;20;1
Сумки для фотокамер;Сумка HAMA Canberra 90 (H-103666) 7.5 х 7 х 13 см. черный/синий;f98584;125058.6;995;20;1
Сумки для фотокамер;Сумка HAMA Canberra 90L (H-103661) 7.5 х 4 х 13 см. черный/зеленый;f98579;125058.6;995;20;1
Сумки для фотокамер;Сумка HAMA Canberra 90L (H-103662) 7.5 х 4 х 13 см. черный/красный;f98580;125058.6;995;20;1
Сумки для фотокамер;Сумка HAMA Canberra 90L (H-103663) 7.5 х 4 х 13 см. черный/синий;f98581;125058.6;995;20;1
Сумки для фотокамер;Сумка HAMA Hardcase Colour Style 40G (H-103689) 6 x 2.5 x 9.5 см. черный;f98595;47987.1;995;20;1
Сумки для фотокамер;Сумка HAMA Hardcase Colour Style 60H (H-103690) 6.5 x 3 x 10.5 см. черный;f98596;47987.1;995;20;1
Сумки для фотокамер;Сумка HAMA Hardcase Colour Style 60L (H-103691) 7 x 4 x 10.5 см. черный;f98597;47987.1;995;20;1
Сумки для фотокамер;Сумка HAMA Hardcase Metal 60H (H-103858) 6.5 x 3 x 10.5 см. черный;f98613;75035.7;995;20;1
Сумки для фотокамер;Сумка HAMA Hardcase Metal 60H (H-103859) 6.5 x 3 x 10.5 см. серый;f98614;75035.7;995;20;1
Сумки для фотокамер;Сумка HAMA Syscase 100 (H-103832) 14.5 х 7.5 х 10.5 см. черный;f98609;118017;995;20;1
Сумки для фотокамер;Сумка HAMA Syscase 110 Colt (H-103834) 17 х 10 х 17 см. черный;f98611;123020.1;995;20;1
Сумки для фотокамер;Сумка HAMA Syscase 140 (H-103836) 23 х 11 х 16 см. черный;f98612;158036.4;995;20;1
Сумки для фотокамер;Сумка HAMA Syscase 40H (H-103828) 6 x 3 x 9.5 см. черный;f98605;55026;995;20;1
Сумки для фотокамер;Сумка HAMA Syscase 60G (H-103829) 6 x 2.5 x 10.5 см. черный;f98606;55026;995;20;1
Сумки для фотокамер;Сумка HAMA Syscase 60L (H-103830) 6 x 4 x 11 см. черный;f98607;55026;995;20;1
Сумки для фотокамер;Сумка HAMA Syscase 90 Colt (H-103833) 13 х 8 х 11 см. черный;f98610;118017;995;20;1
Сумки для фотокамер;Сумка HAMA Syscase 90 (H-103831) 13 x 7 x 7.5 см. черный;f98608;98007.3;995;20;1
Сумки для фотокамер;Сумка PORT Designs CASABLANCA BACKPACK 345x270x135 Black (400300);f91641;350163;995;20;1
Сумки для фотокамер;Сумка PORT Designs COLORADO CAMERA CASE GREEN 105x65x16 (400323);f91647;70032.6;995;20;1
Сумки для фотокамер;Сумка PORT Designs COLORADO CAMERA CASE PINK 105x65x16 (400321);f91645;70032.6;995;20;1
Сумки для фотокамер;Сумка PORT Designs IBIZA L 130x100x60 Black (400312);f91642;95045.4;995;20;1
Аксессуары для цифровых фотокамер;Аккумулятор Canon LP-E10 для EOS 1100D (5108B002);f93327;409333.5;995;20;1
Аксессуары для цифровых фотокамер;Аккумулятор Canon LP-E8 для EOS 550D/600D (4515B002);f89474;437810.4;995;20;1
Аксессуары для цифровых фотокамер;Аккумулятор Nikon EN-EL9a для D3000. D5000;f89478;527685.3;995;20;1
Аксессуары для цифровых фотокамер;Объектив Canon EF 100mm F/2.8 Macro USM (3554B003/4657A006);f95415;5539627.8;995;20;1
Аксессуары для цифровых фотокамер;Объектив Canon EF 135mm F/2L USM (2520A005);f95416;10164015;995;20;1
Аксессуары для цифровых фотокамер;Объектив Canon EF 17-40mm F/4.0L USM (8806A007/8806A003);f42027;7899989.4;995;20;1
Аксессуары для цифровых фотокамер;Объектив Canon EF 24-105mm F/4L IS USM (0344B006/B002/B003);f91863;9730478.7;995;20;1
Аксессуары для цифровых фотокамер;Объектив Canon EF 28mm F/1.8 USM (2510A004/003);f95412;5491457.1;995;20;1
Аксессуары для цифровых фотокамер;Объектив Canon EF 35mm F/2.0 (2507A003);f95413;4287189.6;995;20;1
Аксессуары для цифровых фотокамер;Объектив Canon EF 50mm F/1.4 USM (2515A012/A004);f42029;3718407.6;995;20;1
Аксессуары для цифровых фотокамер;Объектив Canon EF 50mm F/1.8 II (2514A011/2514A003);f92941;1300608.9;995;20;1
Аксессуары для цифровых фотокамер;Объектив Canon EF 50mm F/2.5 Compact Macro (2537A004);f95414;3420119.7;995;20;1
Аксессуары для цифровых фотокамер;Объектив Canon EF 70-200mm F/2.8L IS USM II (2751B002);f91862;23314608;995;20;1
Аксессуары для цифровых фотокамер;Объектив Canon EF 70-200mm F/4L USM (2578A002/003);f95596;6743895.3;995;20;1
Аксессуары для цифровых фотокамер;Объектив Canon EF 70-300mm F4.0-5.6 IS USM (0345B002);f95410;5154264.9;995;20;1
Аксессуары для цифровых фотокамер;Объектив Canon EF 85mm F/1.2 L II USM (1056B005);f60389;23073754.5;995;20;1
Аксессуары для цифровых фотокамер;Объектив Canon Extender EF 2x III;f95730;4961579.4;995;20;1
Аксессуары для цифровых фотокамер;Объектив Nikon AF 50 mm f/1.4D;f95427;2890242;995;20;1
Аксессуары для цифровых фотокамер;Объектив Nikon AF DC-Nikkor 105mm f/2D;f95426;9152427.6;995;20;1
Аксессуары для цифровых фотокамер;Объектив Nikon AF DC-Nikkor 135mm f/2D;f98795;11946328.2;995;20;1
Аксессуары для цифровых фотокамер;Объектив Nikon AF Micro-Nikkor 60mm f/2.8D;f95425;4383531;995;20;1
Аксессуары для цифровых фотокамер;Объектив Nikon AF Nikkor 180mm f/2.8D IF-ED;f95428;8092672.2;995;20;1
Аксессуары для цифровых фотокамер;Объектив Nikon AF Nikkor 20mm f/2.8D;f95422;5202432.9;995;20;1
Аксессуары для цифровых фотокамер;Объектив Nikon AF Nikkor 28mm f/2.8D;f95423;2504876.4;995;20;1
Аксессуары для цифровых фотокамер;Объектив Nikon AF Nikkor 35mm f/2D;f95424;3468290.4;995;20;1
Аксессуары для цифровых фотокамер;Объектив Nikon AF-S 24-70mm f/2.8G ED;f95420;16859736.9;995;20;1
Аксессуары для цифровых фотокамер;Объектив Nikon AF-S DX Nikkor 10-24mm f/3.5-4.5G ED;f95417;8959747.5;995;20;1
Аксессуары для цифровых фотокамер;Объектив Nikon AF-S DX VR Nikkor 18-105mm f/3.5-5.6G ED;f96678;3323775.6;995;20;1
Аксессуары для цифровых фотокамер;Объектив Nikon AF-S DX Zoom-Nikkor 55-200mm f/4-5.6G;f98794;1974998.7;995;20;1
Аксессуары для цифровых фотокамер;Объектив Nikon AF-S Nikkor 28-300mm f/3.5-5.6G ED VR;f95419;10886572.8;995;20;1
Аксессуары для цифровых фотокамер;Объектив Nikon AF Zoom-Nikkor 24-85mm f/2.8-4D IF;f95418;6965295.3;995;20;1
Аксессуары для цифровых фотокамер;Объектив Nikon AF Zoom-Nikkor 80-200mm f/2.8D ED;f95421;11079255.6;995;20;1
Аксессуары для цифровых фотокамер;Фотовспышка Canon Speedlite 270 EX II (5247B003/005);f92172;1734145.2;995;20;1
Аксессуары для цифровых фотокамер;Фотовспышка Canon Speedlite 320 EX (5246B002);f92107;2215852.2;995;20;1
Аксессуары для цифровых фотокамер;Фотовспышка Canon Speedlite 430 EX II (2805B003);f89470;3052204.2;995;20;1
Аксессуары для цифровых фотокамер;Фотовспышка Canon Speedlite 580 EX II (1946B013);f60321;4812336.9;995;20;1
Аксессуары для цифровых фотокамер;Фотовспышка Nikon Speedlight SB-400;f95732;1348776.9;995;20;1
Аксессуары для цифровых фотокамер;Фотовспышка Nikon Speedlight SB-700;f89479;2961438.3;995;20;1
Аксессуары для цифровых фотокамер;Фотовспышка Nikon Speedlight SB-910;f95731;4335360.3;995;20;1
Аксессуары для цифровых фотокамер;Штатив HAMA 2-х секц. серебристый. 124г.. 24х150мм. для фото-видеокамер (H-00004009);f42022;59011.2;995;20;1
Аксессуары для цифровых фотокамер;Штатив HAMA Star 61. 1220г. 60/153cм. 3-D головка. нагрузка 3 кг. серебристый. с сумкой (H-00004161);f42024;192126.6;995;20;1
Аксессуары для цифровых фотокамер;Штатив HAMA Star 63. 1740г. 66/166cм. 3-D головка. нагрузка 4 кг. серебристый. с сумкой (H-00004163);f42025;304770.6;995;20;1
Аксессуары для цифровых фотокамер;Штатив HAMA Star 700EF Digital. 620г. 42.5/125cм. 3-D головка. спиртовой уровень. серебристый (H-00004133);f42023;120055.5;995;20;1
Аксессуары для цифровых фотокамер;Штатив HAMA Star 75. 620г. 42.5/125cм. 3-D головка. серебристый. с сумкой (H-00004175);f42026;130061.7;995;20;1
Цифровые фоторамки;"Фоторамка Espada E-07J 7"". USB2.0. Black";f102168;392777.1;995;20;1
Цифровые фоторамки;"Фоторамка Espada E-08B 8"". USB2.0. 2Gb. Black";f103192;535434.3;995;20;1
Цифровые фоторамки;"Фоторамка Espada E-10A 9.7"". USB2.0. 2Gb. Black";f103193;893937.6;995;20;1
Цифровые фоторамки;"Фоторамка Espada E-10W 10"". USB2.0. 2Gb. Black";f103194;800374.5;995;20;1
Цифровые фоторамки;"Фоторамка Espada E-12B 12"". USB2.0. 2Gb. Black";f103195;1237615.2;995;20;1
Цифровые фоторамки;"Фоторамка Espada E-15C 14"". USB2.0. 2Gb. Black";f103196;1394169.3;995;20;1
Цифровые фоторамки;"Фоторамка Espada E-15D 15"". USB2.0. 2Gb. Black";f103197;1669299.3;995;20;1
Цифровые фоторамки;"Фоторамка Espada E-15M 1.5"". USB2.0. ретро автомобиль кабриолет";f102164;124688.7;995;20;1
Цифровые фоторамки;"Фоторамка Espada E-19B 1280x1024. 19"". USB2.0. Black";f102167;2749434.3;995;20;1
Цифровые фоторамки;"Фоторамка HAMA 8"" (H-90923) метеостанция/часы/календарь. черный/прозрачный";f84018;790184.7;995;20;1
Цифровые фоторамки;"Фоторамка Transcend T.Photo 705B. 7"" (TS-PF705B/TR-DPF705B) Black";f86995;527099.4;995;20;1
Цифровые фоторамки;"Фоторамка Transcend T.Photo 705W. 7"" (TS-PF705W/TR-DPF705W) White";f86994;527099.4;995;20;1
Цифровые фоторамки;"Фоторамка Transcend T.Photo 730B. 7"" (TR-DPF730B/TS-GPF730B) Black";f91857;667904.4;995;20;1
Цифровые фоторамки;"Фоторамка Transcend T.Photo 730W. 7"" (TR-DPF730W/TS-GPF730W) White";f91858;653084.1;995;20;1
Цифровые фоторамки;"Фоторамка Transcend T.Photo 830. 8"". 4GB (TS4GPF830W/TR-DPF830W) White";f91860;755908.2;995;20;1
Автомобильные FM-модуляторы;Автомобильный FM-модулятор/MP3-проигрыватель Digma Flash Car Modulator BFT300. BT;f82807;282541.5;995;20;1
Автомобильные FM-модуляторы;Автомобильный FM-модулятор/MP3-проигрыватель Digma Flash Car Modulator ESM191A;f30219;81240.3;995;20;1
Автомобильные FM-модуляторы;Автомобильный FM-модулятор/MP3-проигрыватель Digma Flash Car Modulator FT205;f88348;133860.6;995;20;1
Автомобильные FM-модуляторы;Автомобильный FM-модулятор/MP3-проигрыватель Digma Flash Car Modulator FT210;f88349;148680.9;995;20;1
Автомобильные FM-модуляторы;Автомобильный FM-модулятор/MP3-проигрыватель Digma Flash Car Modulator FT215 темно-коричневый;f88351;143769.6;995;20;1
Автомобильные FM-модуляторы;Автомобильный FM-модулятор/MP3-проигрыватель Digma Flash Car Modulator FT215 черный;f88350;143769.6;995;20;1
Автомобильные FM-модуляторы;Автомобильный FM-модулятор/MP3-проигрыватель Espada 006. USB + LСD. (audio in);f101176;94211.1;995;20;1
Автомобильные FM-модуляторы;Автомобильный FM-модулятор/MP3-проигрыватель Espada 009. USB + LСD. (audio in);f101177;94211.1;995;20;1
Автомобильные FM-модуляторы;Автомобильный FM-модулятор/MP3-проигрыватель KS–IS Eightz (KS-065). пульт ДУ. Черный;f90401;158592.6;995;20;1
Автомобильные FM-модуляторы;Автомобильный FM-модулятор/MP3-проигрыватель KS–IS Firek (KS-089). пульт ДУ. Черный;f94468;69384.6;995;20;1
Автомобильные FM-модуляторы;Автомобильный FM-модулятор/MP3-проигрыватель KS–IS Guder (KS-127). пульт ДУ. черный;f100312;79296.3;995;20;1
Автомобильные FM-модуляторы;Автомобильный FM-модулятор/MP3-проигрыватель KS–IS Manse (KS-126). черный;f100313;74387.7;995;20;1
Автомобильные FM-модуляторы;Автомобильный FM-модулятор/MP3-проигрыватель KS-is Moks (KS-064B). пульт ДУ. Черный;f91400;118943.1;995;20;1
Автомобильные FM-модуляторы;Автомобильный FM-модулятор/MP3-проигрыватель KS–IS Moks (KS-064S). пульт ДУ. серебристый;f90400;118943.1;995;20;1
Автомобильные FM-модуляторы;Автомобильный FM-модулятор/MP3-проигрыватель KS–IS Nimfo (KS-069). TFT дисплей 1.8”. 2Gb встроенной памяти. пульт ДУ + пульт для установки на рулевое колесо. RTL;f90402;396481.5;995;20;1
Автомобильные FM-модуляторы;Автомобильный FM-модулятор/MP3-проигрыватель KS–IS Rubij (KS-128). с зарядным устройством USB. черный;f100314;148680.9;995;20;1
Авто аксессуары;Автомобильная вешалка для установки на подголовник Hama (H-83971);f98200;128857.5;995;20;1
Авто аксессуары;Держатель автомобильный для навигатора/Tablet PC HAMA (H-93792) различные варианты крепежа. 2 присоски. черный;f101017;261233.1;995;20;1
Авто аксессуары;Держатель автомобильный для навигатора/Tablet PC HAMA (H-93793) крепление на подголовник. черный;f101018;331635.6;995;20;1
Авто аксессуары;Зарядник USB устройств от автомобильного прикуривателя HAMA Picco (H-104821) 12В. кабель USB. черный;f101007;120889.8;995;20;1
Авто аксессуары;Зарядник USB устройств от автомобильного прикуривателя Orient 2208A (12-24V --> 5V. 400mA);f89349;22790.7;995;20;1
Авто аксессуары;Зарядник USB устройств от автомобильного прикуривателя Orient 2210A (12-24V --> 5V. 700mA);f89350;24826.5;995;20;1
Авто аксессуары;Органайзер автомобильный Hama (H-83964) черный. неопрен. 8.5х14.5 см;f78362;45576;995;20;1
Авто аксессуары;"Органайзер автомобильный Hama (H-83969) ""Automotive"". 27х32х8 см. черный";f78364;153681.3;995;20;1
Авто аксессуары;Органайзер для вещей на спинку авто Hama (H-83960) черный;f78358;79296.3;995;20;1
Авто аксессуары;Органайзер для вещей на спинку авто Hama (H-83961) изотермический черный;f78359;111996;995;20;1
Авто аксессуары;Портмоне автомобильное для документов HAMA (H-83970) черный;f101016;50581.8;995;20;1
Авто аксессуары;Портмоне на солнцезащитный козырёк авто Case Logic AB10 для 10 CD. нейлон. черный;f102216;9161.1;995;20;1
Авто аксессуары;Портмоне на солнцезащитный козырёк авто HAMA Sun Visor (H-17327) для 12СD. нейлон. черный;f101014;45114.3;995;20;1
Авто аксессуары;Портмоне на солнцезащитный козырёк авто HAMA Sun Visor (H-83955) для CD/SD/USB-носителей. черный;f101015;50581.8;995;20;1
Авто аксессуары;Светодиодный фонарик ALL-1201. встроенный аккумулятор. зарядка от прикуривателя. серебристый;f86191;51505.2;995;20;1
Авто аксессуары;Солнцезащитная шторка для лобового стекла автомобиля Hama (H-83974) 130x60 см;f78365;36684.9;995;20;1
Авто аксессуары;Сумка автомобильная Hama (H-83962) Universal Automotive Organizer. small. black;f78360;104122.8;995;20;1
Авто аксессуары;Сумка автомобильная Hama (H-83963) Universal Automotive Organizer. large. black;f78361;138769.2;995;20;1
Навигаторы GPS;"Digma DS501BN. 5"". ПО Navitel";f87446;921728.7;995;20;1
Навигаторы GPS;"Digma DS502N. GPS. 5"". Navitel";f86822;888378.3;995;20;1
Навигаторы GPS;"Digma DS504BN. GPS. 5"". Navitel";f93453;921728.7;995;20;1
Навигаторы GPS;"Digma DS506BN. 5"". ПО Navitel";f95012;943034.4;995;20;1
Навигаторы GPS;"Digma DS507BN. 5"". ПО Navitel";f95013;954150.3;995;20;1
Навигаторы GPS;"Digma DS600BN. 6"". ПО Navitel";f87445;1077356.7;995;20;1
Навигаторы GPS;"Digma DS701BN. 7"". 4Gb. ПО Navitel";f95014;1127379.6;995;20;1
Навигаторы GPS;Garmin Nuvi 2250LT Russia (010-00901-42);f96616;2075044.5;995;20;1
Навигаторы GPS;Garmin Nuvi 2460LT;f98164;3112568.1;995;20;1
Навигаторы GPS;"PROLOGY iMAP-4000M 4.3"". ПО ""Навител Навигатор""";f103174;1078504.2;995;20;1
Навигаторы GPS;"PROLOGY iMAP-5000M 5"". ПО ""Навител Навигатор""";f103175;739470.6;995;20;1
Навигаторы GPS;"PROLOGY iMAP-511A 5"". ПО ""Навител Навигатор""";f88511;1069607.7;995;20;1
Навигаторы GPS;"PROLOGY iMAP-520Ti 5"". ПО ""Навител Навигатор""";f90383;754596;995;20;1
Навигаторы GPS;"PROLOGY iMAP-527MG GPS + Glonass. 5"". ПО ""Навител Навигатор""";f99025;962822.7;995;20;1
Навигаторы GPS;"PROLOGY iMAP-540SB 5"". ПО ""Навител Навигатор Содружество""";f97975;962822.7;995;20;1
Навигаторы GPS;"PROLOGY iMAP-545SB 5"". ПО ""Навител Навигатор Содружество""";f97976;962822.7;995;20;1
Навигаторы GPS;"PROLOGY iMAP-547SB 5"". ПО ""Навител Навигатор Содружество""";f101318;905871.6;995;20;1
Навигаторы GPS;"PROLOGY iMAP-550AG+ 5"". GPRS. ПО ""Навител Навигатор Содружество""";f97977;1069607.7;995;20;1
Навигаторы GPS;"PROLOGY iMAP-552AG 5"". ПО ""Навител Навигатор""";f93392;1069607.7;995;20;1
Навигаторы GPS;"PROLOGY iMAP-555AG 5"". GPRS. ПО ""Навител Навигатор Содружество""";f97978;1446012;995;20;1
Навигаторы GPS;"PROLOGY iMAP-565A3G 5"". ПО ""Навител Навигатор""";f97979;1769031.9;995;20;1
Навигаторы GPS;"PROLOGY iMAP-570GL GPS + Glonass. 5"". ПО ""Навител Навигатор""";f102155;1044692.1;995;20;1
Навигаторы GPS;"PROLOGY iMAP-580TR со встроенным видеорегистратором. 5"". ПО ""Навител Навигатор 5.5.1 Содружество""";f103178;1219992.3;995;20;1
Навигаторы GPS;"PROLOGY iMAP-605A 6"". ПО ""Навител Навигатор""";f93393;1195076.7;995;20;1
Навигаторы GPS;"PROLOGY iMAP-630Ti 6"". ПО ""Навител Навигатор""";f90386;1376605.8;995;20;1
Навигаторы GPS;"PROLOGY iMAP-7000M 7"". ПО ""Навител Навигатор""";f103177;1069607.7;995;20;1
Навигаторы GPS;"PROLOGY iMAP-727MG GPS + Glonass. 7"". ПО ""Навител Навигатор""";f99758;1195076.7;995;20;1
Навигаторы GPS;"PROLOGY iMAP-730Ti 7"". ПО ""Навител Навигатор""";f90387;1510083;995;20;1
Навигаторы GPS;"RITMIX RGP-586TV. 5"". ПО ""Навител""";f90053;1109778.3;995;20;1
Навигаторы GPS;"RITMIX RGP-590. 5"". ПО ""Навител"". встроенный 3G-модем";f86338;1213531.2;995;20;1
Приемники GPS;GPS приемник GlobalSat BC-337. CompactFlash Receiver SIRF StarIII;f56057;677168.1;995;20;1
Приемники GPS;GPS приемник GlobalSat BR-355 USB+PS/2 Receiver. Чипсет SIRF Star III;f98036;648450.9;995;20;1
Приемники GPS;GPS приемник GlobalSat BT-335. Bluetooth Receiver+Logger SirfStar III;f56629;618807.6;995;20;1
Приемники GPS;GPS приемник GlobalSat BT-359. Bluetooth V1.1. SiRF Star III chipset;f36874;657714.6;995;20;1
Приемники GPS;GPS приемник GlobalSat BT-368. Bluetooth . SiRF Star III. 40x70x9 мм.. 30 гр.;f56059;569713.5;995;20;1
Приемники GPS;GPS приемник GlobalSat BT-821. MTK. 32-канала. Bluetooth. Black;f56061;589164.3;995;20;1
Приемники GPS;GPS приемник GlobalSat BU-353 . USB. SiRF Star IV;f100927;599354.1;995;20;1
Приемники GPS;GPS приемник GlobalSat GT-100 GPS USB;f98035;578977.2;995;20;1
Видеорегистраторы 5BITES;"5bites EAGLE. HD (1280*720)30fps без интерполяции. AVI. 2.5"" LCD. MIC. IR. USB2.0. SD/MMC до 32Gb. съемная Li-ion батарея";f93418;652158;995;20;1
Видеорегистраторы 5BITES;"5bites FINDER. HD (1280*720)30fps без интерполяции. 140° линза (поворот на 180°). 2.4"" LCD (поворот на 270°). IR. MIC. USB2.0. SD до 32Gb. Li-ion батарея";f93419;662347.8;995;20;1
Видеорегистраторы 5BITES;"5bites FLIP. HD720P (1280*720)30fps без интерполяции. H.264/AVI. 5.0MPix. 150° линза А+ класса. 2.5"" LCD. SD до 64Gb. IR. HDMI. USB2.0. MIC. Li-ion батарея";f93420;1357114.5;995;20;1
Видеорегистраторы 5BITES;"5bites INFRA. HD720P (1280*720). 2.0"" LCD. microSD до 32Gb. USB2.0 + HDMI. встроенная литий-ионная батарея";f102917;784625.4;995;20;1
Видеорегистраторы 5BITES;"5bites SHUTTER. FULL HD (1920*1080). 2.0"" LCD. SD до 32Gb. USB2.0 + HDMI. встроенная литий-ионная батарея";f102918;1385831.7;995;20;1
Видеорегистраторы 5BITES;"5bites SMART. HD720P (1280*720). 2.5"" LCD. SD до 32Gb. USB2.0 + HDMI. съемная Li-ion батарея";f93421;708666.3;995;20;1
Видеорегистраторы DIGMA;"Digma DVR-101 (1.3MPx. LCD 2.5"". запись видео до 1280х960. SD/SDHC)";f89540;529877.7;995;20;1
Видеорегистраторы DIGMA;"Digma DVR-102 (1.3MPx. LCD 2.5"". запись видео до 1280х960. SD/SDHC. подсветка)";f89541;529877.7;995;20;1
Видеорегистраторы DIGMA;Digma DVR-106G (GPS-модуль. G-сенсор. micro-SD/SDHC);f99288;1100514.6;995;20;1
Видеорегистраторы DOD-TEC;"DOD F500LHD. LCD 2.0"". 1920*1080 (30fps). SDHC card (Max 32G)";f92923;1536829.2;995;20;1
Видеорегистраторы DOD-TEC;"DOD F880LHD. LCD 2.0"". 1920*1080 (30fps). SDHC card (Max 32G)";f92924;1735071.3;995;20;1
Видеорегистраторы DOD-TEC;"DOD F900LHD. LCD 2.5"". 1920*1080 (30fps). SDHC card (Max 32G)";f92925;1933310.7;995;20;1
Видеорегистраторы DOD-TEC;"DOD GSE520. LCD 1.5"". 1920*1080 (30fps). micro SDHC card (Max 64G)";f95035;1784165.4;995;20;1
Видеорегистраторы DOD-TEC;"DOD GSE550. LCD 1.5"". 1920*1080 (30fps). micro SDHC card (Max 64G)";f98259;2378889;995;20;1
Видеорегистраторы DOD-TEC;"DOD V660. LCD 2.4"". 1280*720 (30fps). SDHC. SDXC card Class 6 и выше (Max 128G)";f97818;1189447.2;995;20;1
Видеорегистраторы GINZZU;Ginzzu FX-701HD;f101415;468736.2;995;20;1
Видеорегистраторы GINZZU;Ginzzu FX-902HD;f101416;978234.3;995;20;1
Видеорегистраторы GINZZU;Ginzzu FX-902HD GPS;f101417;1212605.1;995;20;1
Видеорегистраторы ICONBIT;IconBIT DVR CORE;f101418;949519.8;995;20;1
Видеорегистраторы ICONBIT;IconBIT DVR DUO;f101419;1029186;995;20;1
Видеорегистраторы ICONBIT;IconBIT DVR FHD;f101420;1171845.9;995;20;1
Видеорегистраторы ICONBIT;IconBIT DVR FHD GO;f103151;1178328.6;995;20;1
Видеорегистраторы ICONBIT;IconBIT DVR FHD LE;f101421;698476.5;995;20;1
Видеорегистраторы ICONBIT;IconBIT DVR FHD mk2;f101423;1365454.8;995;20;1
Видеорегистраторы ICONBIT;IconBIT DVR ONE;f101422;529877.7;995;20;1
Видеорегистраторы KS-IS;"KS–IS Cammo (KS-113). LCD 2.5"". 1/4” CMOS (1280x960). SD до 32Gb";f95899;415935;995;20;1
Видеорегистраторы KS-IS;"KS–IS Corej (KS-081) . LCD 2.0"". Камера 1/4” CMOS (1290x960). 2 инфракрасные лампы. micro SD. микрофон. встроенная Li-ion батарея";f90305;446504.4;995;20;1
Видеорегистраторы KS-IS;"KS–IS Cudox (KS-147) . LTPS 2.5"". FULL HD. SD (до 32Gb). микрофон. съемная Li-ion батарея";f103436;1239467.4;995;20;1
Видеорегистраторы KS-IS;"KS–IS Dowox (KS-094) . LTPS 2.7"". 2 камеры. GPS. G-сенсор";f93942;1189447.2;995;20;1
Видеорегистраторы KS-IS;"KS–IS Fireks (KS-095). LTPS 2"". microSD до 32Gb";f93943;792963;995;20;1
Видеорегистраторы KS-IS;"KS–IS Neyli (KS-124) . LCD 2.5"". Камера 1/4” CMOS (1920x1080). 8 инфракрасные лампы. SD (до 32Gb). микрофон. встроенная Li-ion батарея";f98676;892085.4;995;20;1
Видеорегистраторы KS-IS;"KS–IS Panrez (KS-082) . LCD 2.5"". Камера 1/4” CMOS (3200x2400). 8 инфракрасных ламп. SD/SDHC. микрофон. cъемная Li-ion батарея";f90304;713296.8;995;20;1
Видеорегистраторы KS-IS;"KS–IS Pirelz (KS-080) . LCD 2.5"". Камера 1/4” CMOS (1290x960). 4 инфракрасные лампы. SD/SDHC. микрофон. встроенная Li-Po батарея";f90306;415935;995;20;1
Видеорегистраторы KS-IS;"KS–IS Silcej (KS-125) . LCD 2.5"". Камера 1/4” CMOS (1920x1080). SD (до 32Gb). микрофон. съемная Li-ion батарея";f98677;892085.4;995;20;1
Видеорегистраторы KS-IS;KS–IS Smirer (KS-079) . Мобильный. Без экрана. Разрешение видео 720x480. micro SD. микрофон. встроенная Li-Po батарея;f90307;248265;995;20;1
Видеорегистраторы KS-IS;"KS–IS Zorrer (KS-114). LCD 2.5"". 1/5” CMOS (1280x960). SD до 32Gb";f95900;396481.5;995;20;1
Видеорегистраторы RITMIX;Ritmix AVR-300 (0.3MPx. запись видео 480х240. SD/MMC до 32Гб. циклическая запись);f87409;411304.5;995;20;1
Видеорегистраторы RITMIX;Ritmix AVR-660;f98842;844840.8;995;20;1
Преобразователи напряжения от прикуривателя автомобиля;Автомобильный преобразователь напряжения HAMA (H-39752) 150W. до -15С. серебристый;f98522;543771.9;995;20;1
Преобразователи напряжения от прикуривателя автомобиля;Автомобильный преобразователь напряжения HAMA Safety (H-39794) 10-230В. 100W;f98524;495603.9;995;20;1
Преобразователи напряжения от прикуривателя автомобиля;Автомобильный преобразователь напряжения IPPON 120S . DC (12V) / AC (220V). 120W;f76984;188330.4;995;20;1
Преобразователи напряжения от прикуривателя автомобиля;Автомобильный преобразователь напряжения IPPON 150C . DC (12V) / AC (220V). 150W;f76985;213154.2;995;20;1
Преобразователи напряжения от прикуривателя автомобиля;Автомобильный преобразователь напряжения KS–IS Cylis (KS-049). 180W. DC (12V) / AC (220V);f86271;208153.8;995;20;1
Преобразователи напряжения от прикуривателя автомобиля;Автомобильный преобразователь напряжения Titan HW-150E1 DC (12V) / AC (220V);f88723;263088;995;20;1
Преобразователи напряжения от прикуривателя автомобиля;Автомобильный преобразователь напряжения Titan HW-150E6 DC (12V) / AC (220V) USB;f88724;257526;995;20;1
Преобразователи напряжения от прикуривателя автомобиля;Автомобильный преобразователь напряжения Titan HW-200E5 DC (12V/24V) / AC (220V) USB;f88725;322371.9;995;20;1
Преобразователи напряжения от прикуривателя автомобиля;Автомобильный преобразователь напряжения Titan HW-200E6 DC (12V) / AC (220V) 200W. USB;f81756;282541.5;995;20;1
Преобразователи напряжения от прикуривателя автомобиля;Автомобильный преобразователь напряжения Titan HW-350E6 DC (12V) / AC (220V) 350W. USB;f76992;352015.2;995;20;1
Преобразователи напряжения от прикуривателя автомобиля;Автомобильный преобразователь напряжения Titan HW-75 DC (12V) / AC (220V) 150W. slim;f78853;168504.3;995;20;1
Преобразователи напряжения от аккумулятора автомобиля;Автомобильный преобразователь напряжения EG-PWC-001 . DC (12V) / AC (220V). 150W. от прикуривателя и аккумулятора;f88651;168504.3;995;20;1
Преобразователи напряжения от аккумулятора автомобиля;Автомобильный преобразователь напряжения EG-PWC-002 . DC (12V) / AC (220V). 300W. от прикуривателя и аккумулятора;f88652;248265;995;20;1
Преобразователи напряжения от аккумулятора автомобиля;Автомобильный преобразователь напряжения EG-PWC-003 . DC (12V) / AC (220V). 500W. от прикуривателя и аккумулятора;f88653;320519.7;995;20;1
Преобразователи напряжения от аккумулятора автомобиля;Автомобильный преобразователь напряжения IPPON 300C . DC (12V) / AC (220V). 300W;f76986;277908.3;995;20;1
Преобразователи напряжения от аккумулятора автомобиля;Автомобильный преобразователь напряжения KS–IS Brinvy (KS-050). 300W. DC (12V) / AC (220V). от прикуриватель + от аккумулятора;f86272;267718.5;995;20;1
Преобразователи напряжения от аккумулятора автомобиля;Автомобильный преобразователь напряжения KS–IS Finvy (KS-051). 500W. DC (12V) / AC (220V). от аккумулятора;f86273;377028;995;20;1
Преобразователи напряжения от аккумулятора автомобиля;Автомобильный преобразователь напряжения KS–IS Otto (KS-052). 1200W. DC (12V) / AC (220V). от аккумулятора;f86274;991205.1;995;20;1
Преобразователи напряжения от аккумулятора автомобиля;Автомобильный преобразователь напряжения Titan HW-600E6 DC (12V) / AC (220V) 600W. USB;f81755;664200;995;20;1
Преобразователи напряжения от аккумулятора автомобиля;Автомобильный преобразователь напряжения для грузовиков EG-PWC-022 . DC (20-30V) / AC (220V). 600W;f88655;430758;995;20;1
Игровые приставки;Defender SHARKY TVmate (16 bit) (64060);f87908;369289.8;995;20;1
Игровые приставки;"iCONBIT XFire 550DV. 5"" (800x480) Touch";f94762;892085.4;995;20;1
Игровые приставки;MICROSOFT XBOX 360 250Gb (R9G-00108) + игра GoW 2 + Halo Reach + Fable 3 + 3М Live Gold;f99422;3065550.3;995;20;1
Игровые приставки;MICROSOFT XBOX 360 250Gb (S7G-00034) с KINECT + игра Kinect Adventures;f99421;4596990.3;995;20;1
Игровые приставки;MICROSOFT XBOX 360 250Gb (S7G-00088) с KINECT + игра Dance Central 2;f101309;4596990.3;995;20;1
Игровые приставки;MICROSOFT XBOX 360 4Gb (RKB-00011);f92571;2514728.7;995;20;1
Игровые приставки;MICROSOFT XBOX 360 4Gb (S4G-00155) с KINECT + игра Disney Adventures;f101310;3966084;995;20;1
Игровые приставки;SONY PLAYSTATION 3 12Gb;f102180;2974787.1;995;20;1
Игровые приставки;SONY PLAYSTATION 3 160Gb;f83285;3304924.2;995;20;1
Игровые приставки;SONY PLAYSTATION 3 160Gb + игры Killzone3 + GoW3 + Resistance3;f100176;3890446.2;995;20;1
Игровые приставки;SONY PLAYSTATION 3 320Gb + игра MotorStorm Pacific Rift + игра Ratchet & Clank;f91068;4217913;995;20;1
Игровые приставки;SONY PLAYSTATION 3 320Gb + игра Uncharted 3;f94184;4373640.9;995;20;1
Игровые приставки;SONY PLAYSTATION 3 500Gb + игра FIFA13;f101888;4116468.6;995;20;1
Игровые приставки;SONY PLAYSTATION 3 500Gb + игры GT5 + Uncharted3;f101889;4116468.6;995;20;1
Игровые приставки;SONY PLAYSTATION Portable - PSP-E1008. белая;f100177;1397071.8;995;20;1
Игровые приставки;SONY PLAYSTATION Portable - PSP-E1008 + игра Cars 2;f97246;1607077.8;995;20;1
Игровые приставки;SONY PLAYSTATION Portable - PSP-E1008. черная;f93850;1397071.8;995;20;1
Игровые приставки;SONY PLAYSTATION Vita 3G - 1108/RUS. черная;f96394;4170749.4;995;20;1
Игровые приставки;SONY PLAYSTATION Vita WiFi - 1008/RUS. черная + AR карта и стикер;f96393;3320049.6;995;20;1
Игровые приставки;Беспроводная Bluetooth гарнитура для XBOX 360 и телефона (22J-00006);f101312;541031.4;995;20;1
Игровые приставки;Беспроводной геймпад для XBOX 360 (NSF-00002) + две игры: Fable 3 (LZD-00016) + Mass Effect (M59-00084);f101313;751040.1;995;20;1
Игровые приставки;Беспроводной руль для XBOX 360 (2ZJ-00003);f101316;530352.9;995;20;1
Игровые приставки;Зарядное устройство для XBOX 360 + батарея для геймпада (T2F-00002);f101315;298101.6;995;20;1
Игровые приставки;Кабель для XBOX 360 HDMI (без AV адаптера) (9Z3-00010);f101311;307000.8;995;20;1
Игровые приставки;Набор для XBOX 360 Essentials pack (беспроводной геймпад. HDMI кабель. пульт ду. 3 мес Xbox live) (GTA-00114);f101317;654933.6;995;20;1
Игровые приставки;Радиатор Thermalright TR-360 для XBOX360;f92051;337194.9;995;20;1
Игровые приставки;Сенсор KINECT для Windows (L6M-00008);f101314;2722958.1;995;20;1
Игровые приставки;Сенсор для XBOX 360 KINECT (LPF-00024) + игра Kinect Adventures;f84452;1801067.4;995;20;1
Портативные игры;FUNC FLINT-01;f102129;540140.4;995;20;1
Портативные игры;FUNC GP-06;f88257;686969.1;995;20;1
Портативные игры;FUNC GP-07;f91281;355941;995;20;1
Портативные игры;FUNC GP-12;f95849;648704.7;995;20;1
Портативные игры;FUNC GP-18;f96437;355941;995;20;1
Портативные игры;FUNC MGS-03;f95657;321237.9;995;20;1
Портативные игры;FUNC SPIDER-01. Android 2.3;f99548;817776;995;20;1
Портативные игры;FUNC TITAN-01;f100820;1460251.8;995;20;1
Портативные игры;Genius Heeha 100. 30-в-одном;f90653;176102.1;995;20;1
Портативные игры;Genius Heeha 100X. 30-в-одном;f90654;176102.1;995;20;1
Портативные игры;Genius Heeha 200. 30-в-одном;f90655;204263.1;995;20;1
Портативные игры;Genius Heeha 300. 30-в-одном;f90656;168320.7;995;20;1
Портативные игры;"Genius Heeha 400. 2.5"". 60 встроенных игр";f96218;239741.1;995;20;1
Портативные игры;"Genius Heeha 700. 2.7"". 38 встроенных игр. фото. видео";f96219;339973.2;995;20;1
Портативные игры;RITMIX RZX-16 красная;f80856;252898.2;995;20;1
Портативные игры;RITMIX RZX-18;f92784;252898.2;995;20;1
Портативные игры;RITMIX RZX-22 белая;f97570;352944;995;20;1
Портативные игры;RITMIX RZX-30;f84692;505791;995;20;1
Портативные игры;RITMIX RZX-42;f97572;569713.5;995;20;1
Игровые приставки. Игрушки. Сувениры;FUNC BT-34 Комплект танков (2шт.) на радио управлении;f95660;339036.3;995;20;1
Игровые приставки. Игрушки. Сувениры;FUNC IB-03 черно-коричневый жук с инфракрасным управлением;f95663;94413.6;995;20;1
Игровые приставки. Игрушки. Сувениры;FUNC MC-01 Машинка на радио управлении;f96689;94680.9;995;20;1
Игровые приставки. Игрушки. Сувениры;FUNC MC-02 Машинка на радио управлении;f95658;191673;995;20;1
Игровые приставки. Игрушки. Сувениры;FUNC MC-03 Машинка на радио управлении;f97231;133477.2;995;20;1
Игровые приставки. Игрушки. Сувениры;FUNC MC-07 Машинка на радио управлении;f95892;271406.7;995;20;1
Игровые приставки. Игрушки. Сувениры;FUNC MC-14 Машинка на радио управлении;f96691;152787.6;995;20;1
Игровые приставки. Игрушки. Сувениры;FUNC MC-20S Машинка на инфракрасном управлении с G-сенсором;f95659;78129.9;995;20;1
Игровые приставки. Игрушки. Сувениры;FUNC MC-23 Машинка на радио управлении;f96690;155368.8;995;20;1
Игровые приставки. Игрушки. Сувениры;FUNC MFC-11 Машинка на радио управлении;f95891;114080.4;995;20;1
Игровые приставки. Игрушки. Сувениры;FUNC MR-02 мини-робот;f95856;87029.1;995;20;1
Игровые приставки. Игрушки. Сувениры;FUNC RB-01 Лодка на радиоуправлении . до 50 метров;f97083;347044.5;995;20;1
Игровые приставки. Игрушки. Сувениры;FUNC RB-02 Лодка на радиоуправлении . до 50 метров;f99566;316788.3;995;20;1
Игровые приставки. Игрушки. Сувениры;FUNC RB-03 Лодка на радиоуправлении . до 100 метров;f99564;352382.4;995;20;1
Игровые приставки. Игрушки. Сувениры;WowWee DragonFly (4037);f94103;362169.9;995;20;1
Игровые приставки. Игрушки. Сувениры;WowWee Reptile (8065);f36429;1326774.6;995;20;1
Игровые приставки. Игрушки. Сувениры;WowWee RoboBoa (8032);f54194;1268041.5;995;20;1
Игровые приставки. Игрушки. Сувениры;WowWee RoboPet (8096);f101990;929010.6;995;20;1
Игровые приставки. Игрушки. Сувениры;WowWee RoboQuad (8039);f54193;1194185.7;995;20;1
Игровые приставки. Игрушки. Сувениры;WowWee RoboRaptor (8095);f31130;1314314.1;995;20;1
Игровые приставки. Игрушки. Сувениры;WowWee RoboRover (8515);f75158;1311646.5;995;20;1
Игровые приставки. Игрушки. Сувениры;WowWee Robosapien (8081);f21112;1224439.2;995;20;1
Игровые приставки. Игрушки. Сувениры;WowWee Robosapien (8083) Metallic;f28592;1273382.1;995;20;1
Игровые приставки. Игрушки. Сувениры;WowWee Robosapien V3 (8061);f45385;5189634.9;995;20;1
Игровые приставки. Игрушки. Сувениры;WowWee ROVIO WiFi (8033);f101988;4570295.4;995;20;1
Игровые приставки. Игрушки. Сувениры;WowWee Tribot (8042);f58195;1105201.8;995;20;1
Игровые приставки. Игрушки. Сувениры;WowWee Wrex (1045);f58770;2107177.2;995;20;1
Вертолеты;Вертолет Func DRAGON-01. на ИК управлении 3-х канальный. гироскоп;f99988;282973.5;995;20;1
Вертолеты;Вертолет Func HGI-30. на ИК управлении 3-х канальный. гироскоп;f88966;176904;995;20;1
Вертолеты;Вертолет Func HGI-31. на ИК управлении 3-х канальный;f87655;227801.7;995;20;1
Вертолеты;Вертолет Func HGI-32. на ИК управлении 3-х канальный. гироскоп;f95666;282973.5;995;20;1
Вертолеты;Вертолет Func HGI-36i. управление через iPhone. iPad. iPod. 3-х канальный. гироскоп;f88965;323908.2;995;20;1
Вертолеты;Вертолет Func HGI-41. на ИК управлении 4-х канальный. гироскоп;f97764;206358.3;995;20;1
Вертолеты;Вертолет Func HGR-31. Радиоуправление. 3-х канальный. гироскоп;f87659;339036.3;995;20;1
Вертолеты;Вертолет Func HGR-33. Радиоуправление. 3-х канальный. гироскоп;f95668;442257.3;995;20;1
Вертолеты;Вертолет Func HGR-34. Радиоуправление. 3-х канальный. гироскоп;f93319;707435.1;995;20;1
Вертолеты;Вертолет Func HGR-43 Аватар (XL). Радиоуправление. 4-х канальный. гироскоп;f97763;406663.2;995;20;1
Вертолеты;Верхние лопасти (основные) HGI-31/D/G-BU-2 в комплекте 2шт;f88130;44226;995;20;1
Вертолеты;Верхние лопасти (основные) HGI-33BU-2 в комплекте 2шт;f88149;44226;995;20;1
Вертолеты;Верхние лопасти (основные) HGI-42BU-2 в комплекте 2шт;f88136;29543.4;995;20;1
Вертолеты;Нижние лопасти (основные) HGI-31/D/G-BL-2 в комплекте 2шт;f88129;44226;995;20;1
Вертолеты;Нижние лопасти (основные) HGI-33BL-2 в комплекте 2шт;f88143;44226;995;20;1
Вертолеты;Нижние лопасти (основные) HGI-42BL-2 в комплекте 2шт;f88135;29543.4;995;20;1
Вертолеты;Тяга головки ротора HGI-31/D/G-RHL в комплекте 2шт;f88131;29543.4;995;20;1
Сувениры брелки;MP3- плеер Ingo BAKUGAN (BKM020C) 2Gb;f92997;287172;995;20;1
Сувениры брелки;MP3- плеер Ingo HELLO KITTY (HEM120C) 2Gb. Headphone+MP3+Speaker;f93883;495603.9;995;20;1
Сувениры брелки;MP4- плеер Ingo HELLO KITTY (HEC001N) 2''LCD. 3Mpx. 32Mb. Digital Zoom x4;f96717;545624.1;995;20;1
Сувениры брелки;Бегущий ледяной снеговик (NY5063). держатель для фото/визиток. подсветка 7 цветов. питание от USB;f81231;46318.5;995;20;1
Сувениры брелки;Бинокль HAMA Optec (H-2800) 8х21. roof призма. черный;f97365;160539.3;995;20;1
Сувениры брелки;Бинокль HAMA Optec (H-2802) 12х25. roof призма. черный;f97366;189348.3;995;20;1
Сувениры брелки;Бинокль HAMA Optec (H-2804) 10х50. porro призма. черный;f97367;349236.9;995;20;1
Сувениры брелки;Брелок Mini GPS навигатор Orient NG1. ЖК экран. фиксация до 16 точек местоположения. питание от акк.. зарядка от USB;f86190;399259.8;995;20;1
Сувениры брелки;Брелок-цифровой манометр для измерения давления в шинах Orient TG-01. ЖК дисплей с синей подсветкой. батарейки в комплекте;f92012;75313.8;995;20;1
Сувениры брелки;Брелок-цифровой манометр для измерения давления в шинах Orient TG-02. ЖК дисплей с зеленой подсветкой. батарейки в комплекте;f92013;92637;995;20;1
Сувениры брелки;Веселый Пингвин (NY6009). наполнен жидкостью с блесками. многоцветная подсветка. питание от USB;f102664;46318.5;995;20;1
Сувениры брелки;Веселый снежок на лыжах. с елкой и гирляндой (NY5183). встроенная подсветка. питание от USB;f81233;46318.5;995;20;1
Сувениры брелки;Веселый снежок с подарком (NY5184). многоцветная подсветка. питание от USB;f91991;52153.2;995;20;1
Сувениры брелки;"Видео записка-магнит Orient VMM-01N. цв.экран 1.44"". встроенная камера. запись видеосообщения до 30сек. USB. White";f95620;261049.5;995;20;1
Сувениры брелки;Волшебный экран Orient (MGS-01) для рисования спец.фломастером. надписи светятся. питание от USB/батареек ААА;f100654;79944.3;995;20;1
Сувениры брелки;Дед Всем Привет (NY6006) наполнен жидкостью с блесками. многоцветная подсветка. питание от USB;f91996;46318.5;995;20;1
Сувениры брелки;Дед Мороз (NY6001M) держатель для фото/визиток. c музыкой. подсветка. питание от USB;f102663;63733.5;995;20;1
Сувениры брелки;Дед Мороз (NY6001) держатель для фото/визиток. многоцветная подсветка. питание от USB;f91992;52153.2;995;20;1
Сувениры брелки;Дед Мороз (NY6005) наполнен жидкостью с блесками. многоцветная подсветка. питание от USB;f91995;46318.5;995;20;1
Сувениры брелки;Ионизатор/озонатор воздуха (N201a). USB;f82165;127372.5;995;20;1
Сувениры брелки;Мини-пылесос (V-01). турбо режим. встроенный фонарик. серебристый. USB;f81241;42889.5;995;20;1
Сувениры брелки;Мини-пылесос (V-01). турбо режим. встроенный фонарик. черный. USB;f81242;42889.5;995;20;1
Сувениры брелки;Мини-спикер 3Q QUBA Black SP-101M. 3W. Li-ion батарея. аллюминиевый корпус;f94343;142381.8;995;20;1
Сувениры брелки;Мини-спикер 3Q QUBA Blue SP-101M. 3W. Li-ion батарея. аллюминиевый корпус;f94344;142381.8;995;20;1
Сувениры брелки;Мини-спикер 3Q QUBA Green SP-101M. 3W. Li-ion батарея. аллюминиевый корпус;f94345;142381.8;995;20;1
Сувениры брелки;Мини-спикер 3Q QUBA Pink SP-101M. 3W. Li-ion батарея. аллюминиевый корпус;f94346;142381.8;995;20;1
Сувениры брелки;Мини-спикер 3Q QUBA Silver SP-101M. 3W. Li-ion батарея. аллюминиевый корпус;f94347;142381.8;995;20;1
Сувениры брелки;Мини-спикер Enzatec SP308OG 2.0 . 2W. Ni-mH батарея. USB. Yellow;f96649;148867.2;995;20;1
Сувениры брелки;Мини-спикер Enzatec SP308RE 2.0 . 2W. Ni-mH батарея. USB. Red;f96785;148867.2;995;20;1
Сувениры брелки;Мини-спикер Enzatec SP610BK 2.0 . 2.5W. USB. Black-Green;f95881;184809.6;995;20;1
Сувениры брелки;Мишка на ледяном кубике (NY5062). подсветка 7 цветов. питание от USB;f81229;46318.5;995;20;1
Сувениры брелки;Морозко (NY5181). встроенная подсветка. питание от USB;f82509;40575.6;995;20;1
Сувениры брелки;Набор светодиодных свечей ORIENT (CM-03) 3 шт. оболочка из парафина. имитация горения. питание от батареек;f96959;69479.1;995;20;1
Сувениры брелки;Набор светодиодных свечей ORIENT (CM-04) 4шт. в виде кристаллов. разноцветное свечение. водонепроницаемые. питание от батареек;f96960;63733.5;995;20;1
Сувениры брелки;Набор светодиодных свечей ORIENT (CM-07) 7шт. разноцветное свечение. водонепроницаемый прозрачный корпус. питание от батареек;f95614;57898.8;995;20;1
Сувениры брелки;"Настольная лампа ""Шар"" (L-025) c сенсорным включением. 12 св/д. матовое стекло. металлическая подставка. USB";f81584;149145.3;995;20;1
Сувениры брелки;Настольная светодиодная лампа (L-3022). 20cв/д. выключатель. белая. USB/батарейки;f95613;103104.9;995;20;1
Сувениры брелки;Настольная светодиодная лампа (L-3022). 20cв/д. выключатель. черная. USB/батарейки;f95612;81056.7;995;20;1
Сувениры брелки;Настольная светодиодная лампа (L-3025). 3cв/д. сенсорный выключатель с подсветкой. серебристая. USB;f86352;81056.7;995;20;1
Сувениры брелки;Настольная светодиодная лампа (L-3030). 18cв/д. 2 режима яркости. выключатель. увеличительное стекло. белая. USB/3xAAA;f86353;86894.1;995;20;1
Сувениры брелки;Настольная светодиодная лампа с регулятором яркости (L-022). 8 св/д. оранжевая. USB;f86354;57898.8;995;20;1
Сувениры брелки;Настольный USB холодильник (CW-1B). для 1 банки 0.5/0.33;f81244;191756.7;995;20;1
Сувениры брелки;Настольный мини-шредер с функцией открытия конвертов (PUPS1001). USB;f81243;111904.2;995;20;1
Сувениры брелки;"Настольный светильник ""Лава лампа"" (PUL1020) переливается разными цветами. USB";f92007;52153.2;995;20;1
Сувениры брелки;"Неоновая лампа NL-01 ""Лошадка"". синее свечение. питание от USB";f92008;46318.5;995;20;1
Сувениры брелки;"Неоновая лампа NL-10 ""Танцовщица"". красное свечение. питание от USB";f92009;46318.5;995;20;1
Сувениры брелки;"Новогодняя гирлянда ""Волшебные кисточки"" (NY1415). многоцветное свечение. питание от USB";f82511;57898.8;995;20;1
Сувениры брелки;"Новогодняя гирлянда ""Ледяные кубики"" (NY5075). 11 ламп. мягкое многоцветное свечение. питание от USB";f81235;57898.8;995;20;1
Сувениры брелки;"Новогодняя гирлянда ""Одуванчики"" (NY1421) длина 2 м. 14 ламп - шарики из цветного пластика с рисунком. питание от USB";f92002;48635.1;995;20;1
Сувениры брелки;"Новогодняя гирлянда ""Пурпурное настроение"" (NY1418) длина 2 м. 14 ламп - фиолетовые и розовые перья. питание от USB";f91999;69479.1;995;20;1
Сувениры брелки;"Новогодняя гирлянда ""Разноцветные перышки"" (NY1419) длина 2 м. 14 ламп - белые перья. многоцветное свечение. питание от USB";f92000;69479.1;995;20;1
Сувениры брелки;"Новогодняя гирлянда ""Разноцветные шарики"" (NY1420) длина 2 м. 14 ламп - цветные шарики. питание от USB";f92001;63733.5;995;20;1
Сувениры брелки;"Новогодняя гирлянда ""Сокровища гномов"" (NY1416). многоцветное свечениее. питание от USB";f82512;69479.1;995;20;1
Сувениры брелки;"Новогодняя гирлянда ""Хрустальное мерцание"" (310G). 12 ламп. многоцветное свечение. питание от USB";f81237;63733.5;995;20;1
Сувениры брелки;"Новогодняя елка Orient (303S) ""Снежная елочка"". белый перламутр. белая звезда. многоцветная подсветка. питание от USB/встроенная батарейка";f102660;62529.3;995;20;1
Сувениры брелки;"Новогодняя елка ""Северное сияние"" (341). высота 21см. прозрачный пластик. супер подсветка. питание от USB";f102662;133212.6;995;20;1
Сувениры брелки;Новогодняя елка с колокольчиками (303N). многоцветная подсветка. c музыкой. питание от USB/встроенная батарейка;f91988;57898.8;995;20;1
Сувениры брелки;Новогодняя елочка из оптоволокна с присоской (335). многоцветная подсветка. питание от USB;f81220;38259;995;20;1
Сувениры брелки;Новогодняя зеленая елка с мерцающими огоньками (337). высота 25см. питание от USB;f81216;75313.8;995;20;1
Сувениры брелки;Новогодняя зеленая елка с мерцающими огоньками и музыкой (337M). высота 25см. питание от USB;f81217;81056.7;995;20;1
Сувениры брелки;"Новогодняя ""Ледяная елочка"" (339). прозрачный зеленый пластик. подсветка. питание от USB";f91989;69479.1;995;20;1
Сувениры брелки;"Новогодняя ""Хрустальная елочка"" (340). прозрачный пластик как хрусталь. подсветка. высота 13см. питание от USB";f102661;52153.2;995;20;1
Сувениры брелки;Перчатки с подогревом (UG-011). шерсть. серо-голубые. USB;f81250;127836.9;995;20;1
Сувениры брелки;"Плазменный светильник ""Дельфин"" (LM8-3D) D20cm. 2 режима свечения. звукочувствительность. подставка подставка черная. USB";f96953;271422.9;995;20;1
Сувениры брелки;"Плазменный светильник ""Звезда"" (LM8-3B) D20cm. 2 режима свечения. звукочувствительность. подставка подставка черная. USB";f96952;218435.4;995;20;1
Сувениры брелки;"Плазменный светильник ""Сердце"" (PH-100) 2 режима свечения. звукочувствительность. подставка красная. USB";f92006;143861.4;995;20;1
Сувениры брелки;"Плазменный светильник ""Шар"" (LM4-3B) 2 режима свечения. звукочувствительность. подставка подставка черная. USB";f96950;85225.5;995;20;1
Сувениры брелки;"Плазменный светильник ""Шар"" (LM6-3B) D15cm. 2 режима свечения. звукочувствительность. подставка подставка черная. USB";f96951;181102.5;995;20;1
Сувениры брелки;Пневматическая ракетная установка S200. сервопривод. управление через ПО. 3 ракеты+мишень. питание от USB;f85550;261049.5;995;20;1
Сувениры брелки;Подогреватель для кружки (W1002) красный. USB;f81247;37054.8;995;20;1
Сувениры брелки;Подогреватель для кружки (W1002) черный. USB;f81246;37054.8;995;20;1
Сувениры брелки;Подогреватель для кружки со встроенным HUB 4port USB 2.0. в комплекте металл.кружка (W1002D);f81248;92637;995;20;1
Сувениры брелки;Подогреватель/охладитель для кружки (CW-014). USB;f81245;165169.8;995;20;1
Сувениры брелки;"Светильник ""Плазма Череп"" (PSK-170) USB. многоцветное свечение. звукочувствительность. черная подставка. USB";f81587;255673.8;995;20;1
Сувениры брелки;"Светильник ""Плазма Шар со змеей"" (PS-200) диаметр 9см. 2 режима свечения. звукочувствительность. подставка черная. USB";f92005;202408.2;995;20;1
Сувениры брелки;"Светодиодая свеча с подсвечником Orient (CL1303) ""Черепушки"" . многоцветная подсветка. питание от USB";f102657;74571.3;995;20;1
Сувениры брелки;"Светодиодая свеча с подсвечником Orient (CL1304) ""Черная кошка"". многоцветная подсветка. питание от USB";f102658;74571.3;995;20;1
Сувениры брелки;"Светодиодная гирлянда Orient NY5015G ""Волшебные кисточки"". 50 ламп. 10 метров. 8 режимов свечения. питание от 220В";f82507;191756.7;995;20;1
Сувениры брелки;"Светодиодная гирлянда Orient NY5016G ""Сокровища гномов"". 50 ламп. 10 метров. 8 режимов свечения. питание от 220В";f82508;202408.2;995;20;1
Сувениры брелки;"Светодиодная гирлянда Orient NY5018G ""Пурпурное настроение"". 50 ламп - цветные перья. 7.4 метра. 8 режимов свечения. питание от 220В";f92003;170451;995;20;1
Сувениры брелки;"Светодиодная гирлянда Orient NY5019G ""Разноцветные перышки"". 50 ламп - белые перья. 7.4 метра. 8 режимов свечения. питание от 220В";f92004;170451;995;20;1
Сувениры брелки;"Светодиодная гирлянда Orient NY5243G ""Разноцветный лёд"". 50 ламп. 7.5 метров. 8 режимов свечения. питание от 220В";f81209;149145.3;995;20;1
Сувениры брелки;"Светодиодная гирлянда Orient NY5244G ""Новогодние звёзды"". 50 ламп. 7.5 метров. 8 режимов свечения. питание от 220В";f81210;138491.1;995;20;1
Сувениры брелки;"Светодиодная гирлянда Orient NY5245G ""Слёзы Снежной Королевы"". 50 ламп. 7.5 метров. 8 режимов свечения. питание от 220В";f81211;170451;995;20;1
Сувениры брелки;"Светодиодная свеча ""Лунный Свет"" (NY6004) пластик. многоцветная подсветка + имитация горения. питание от USB";f91987;71793;995;20;1
Сувениры брелки;Светодиодное дерево (FD-100). высота 33см. голубая подсветка. подставка черная. питание от USB/батареек;f96954;69292.8;995;20;1
Сувениры брелки;Светодиодный букет (FD-200). высота 33см. многоцветная подсветка. подставка серебристая. питание от USB/батареек;f96955;74571.3;995;20;1
Сувениры брелки;Светодиодный фонарик Floston 231В Black;f92470;28995.3;995;20;1
Сувениры брелки;Светящийся Ангел (NA5501). прозрачный пластик. многоцветная подсветка. питание от USB;f91990;52153.2;995;20;1
Сувениры брелки;Снеговик (319B). красные шарф и шапочка. подсветка 7 цветов. c музыкой детства. питание от USB/встроенная батарейка;f81222;52153.2;995;20;1
Сувениры брелки;Снеговик (319B). синие шарф и шапочка. подсветка 7 цветов. c музыкой детства. питание от USB/встроенная батарейка;f81221;52153.2;995;20;1
Сувениры брелки;Снеговик Арлекин (NY6008) наполнен жидкостью с блесками. многоцветная подсветка. питание от USB;f91998;46318.5;995;20;1
Сувениры брелки;Снеговик меломан (NY6003) многоцветная подсветка. питание от USB;f91994;49839.3;995;20;1
Сувениры брелки;Снеговик Мистер Твистер (NY6007) наполнен жидкостью с блесками. многоцветная подсветка. питание от USB;f91997;46318.5;995;20;1
Сувениры брелки;Снеговик на ледяном кубике (NY5064). подсветка 7 цветов. питание от USB;f81230;46318.5;995;20;1
Сувениры брелки;Снеговик - Светофор (NY6011). наполнен жидкостью с блесками. многоцветная подсветка. питание от USB;f102665;46318.5;995;20;1
Сувениры брелки;Снеговичок зеленый колпачек (NY6002) многоцветная подсветка. питание от USB;f91993;52153.2;995;20;1
Сувениры брелки;Сувенир Змея (SN02). стекло. высота 6.5см. зеркальная подставка. цвет: голубой;f102734;25844.4;995;20;1
Сувениры брелки;Сувенир Змея (SN02). стекло. высота 6.5см. зеркальная подставка. цвет: желтый;f102733;25844.4;995;20;1
Сувениры брелки;Сувенир Змея Кобра (SN01). стекло. высота 5см. зеркальная подставка. цвет: зеленый;f102729;21583.8;995;20;1
Сувениры брелки;Сувенир Змея Кобра (SN01). стекло. высота 5см. зеркальная подставка. цвет: красный;f102732;21583.8;995;20;1
Сувениры брелки;Сувенир Змея Кобра (SN01). стекло. высота 5см. зеркальная подставка. цвет: оранжевый;f102731;21583.8;995;20;1
Сувениры брелки;Сувенир Змея Кобра (SN01). стекло. высота 5см. зеркальная подставка. цвет: синий;f102728;21583.8;995;20;1
Сувениры брелки;Сувенир Змея Кобра (SN01). стекло. высота 5см. зеркальная подставка. цвет: черный;f102730;21583.8;995;20;1
Сувениры брелки;Тапочки с подогревом (SH-01) велюр. светло-коричневые с белым. USB;f81249;149145.3;995;20;1
Сувениры брелки;Телескоп USB KS-is (KS-129) . USB;f99639;4408543.8;995;20;1
Сувениры брелки;"Фотокамера Toy Story DJ053TS 1.8"". 5MP. Zoom";f97084;525906;995;20;1
Сувениры брелки;Цифровой бинокулярный микроскоп KS-IS DuosoTM (KS-083) . USB;f92474;3240405;995;20;1
Сувениры брелки;Цифровой микроскоп KS-IS DigiLux. USB;f88656;1227428.1;995;20;1
Сувениры брелки;Цифровой микроскоп KS-IS DigiScope II. USB;f85890;971751.6;995;20;1
Сувениры брелки;Цифровой микроскоп KS-IS DigiScope. USB;f80352;736457.4;995;20;1
Метеостанции;Метеостанция HAMA EWS-151 (H-106986) термометр внутр./внешний (-20)/часы/будильник/календарь. черный;f97198;103010.4;995;20;1
Метеостанции;Метеостанция HAMA EWS-165 (H-92659) термометр внутр./внеш.(-20 С)/часы. календарь. черный;f97205;140065.2;995;20;1
Метеостанции;Метеостанция HAMA EWS-180 (H-104930) термометр внутр./внеш.(-20 С)/часы/календарь. черный/серебристый;f97182;171099;995;20;1
Метеостанции;Метеостанция HAMA EWS-185 (H-106961) термометр внутр./внеш.(-20 С)/часы/будильник/дата. черный;f97196;220101.3;995;20;1
Метеостанции;Метеостанция HAMA EWS-190 (H-104933) термометр внутр./внеш.(-20 С)/прогноз погоды/температурный тренд/часы/календарь. белый;f97185;255673.8;995;20;1
Метеостанции;Метеостанция HAMA EWS-2000 (H-92647) терм-тр внутр./внеш.(-20 С)/барометр/гигрометр внутр./часы/датчики дождя/ветра;f98739;883747.8;995;20;1
Метеостанции;Метеостанция HAMA EWS-2100 (H-106990) термометр внутр./внеш.(-10 C)/часы/прогноз погоды. цветовые индикаторы. черный;f97199;644743.8;995;20;1
Метеостанции;Метеостанция HAMA EWS-280 (H-104931) термометр внутр./внеш.(-20 С)/барометр/часы/календарь/прогноз погоды в виде символов. черный/серебристый;f97183;232146;995;20;1
Метеостанции;Метеостанция HAMA EWS-290 (H-104934) термометр внутр./внеш.(-20 С) /барометр/гигрометр внутр./внеш./часы/ будильник/календарь/прогноз погоды. белый;f97186;329783.4;995;20;1
Метеостанции;Метеостанция HAMA EWS-330 (H-92622) термометр внутр./внеш.(-20 С)/гигрометр внутр./внеш./часы/фазы луны/прогноз погоды. серебристый;f97203;240111;995;20;1
Метеостанции;Метеостанция HAMA EWS-380 (H-104932) термометр внутр. /внеш.(-20 С)/барометр/гигрометр внутр./внеш./будильник/ календарь/прогноз. черный/серебристый;f97184;305699.4;995;20;1
Метеостанции;Метеостанция HAMA EWS-385 (H-106963) термометр внутр./внеш.(-20 С)/гигрометр внутр./внеш./часы/будильник/дата. черный;f97197;339973.2;995;20;1
Метеостанции;Метеостанция HAMA EWS-390 (H-104935) термометр внутр./внеш.(-20 С)/барометр/гигрометр внутр./внеш./часы/календарь/прогноз погоды. белый;f97187;402040.8;995;20;1
Метеостанции;Метеостанция HAMA EWS-420 (H-106959) термометр внутр./внешний (-20С)/гигрометр внутр./внеш./часы/будильник/прогноз/фазы луны. черный;f97194;232146;995;20;1
Метеостанции;Метеостанция HAMA EWS-430 (H-106960) термометр внутр./внешний (-20)/гигрометр внутр./внеш./часы/фазы луны/прогноз погоды. черный;f97195;262159.2;995;20;1
Метеостанции;Метеостанция HAMA EWS-440 (H-104938) термометр внутр./внеш.(-20 С)/барометр/гигрометр внутр./внеш./часы/календарь/фазы луны/прогноз погоды в символах. белый;f97188;401114.7;995;20;1
Метеостанции;Метеостанция HAMA EWS-501 (H-106954) термометр внутр./внешний (-20С)/гигрометр внутр./часы/будильник/фазы луны. белый;f97192;364986;995;20;1
Метеостанции;Метеостанция HAMA EWS-751 (H-106955) термометр внутр./внешний (-20С)/гигрометр внутр./часы/будильник/восход/закат. белый;f97193;487263.6;995;20;1
Метеостанции;Метеостанция HAMA EWS-800 (H-76045) термометр внутр./внеш.(-40 С)/барометр/гигрометр внутр./часы/прогноз погоды. черный/серебристый;f98738;338121;995;20;1
Метеостанции;Метеостанция HAMA Magic Color (H-92658) термометр внутр./внеш.(-50)/часы/дата/будильник/ночник;f97204;375175.8;995;20;1
Метеостанции;Метеостанция Oregon Scientific BAR220 (прогноз погоды. температура. часы. календарь. сенсор движения);f86921;679949.1;995;20;1
Метеостанции;Метеостанция Oregon Scientific BAR386 (прогноз погоды. температура. часы. календарь. фазы Луны. будильник);f86914;389998.8;995;20;1
Метеостанции;Метеостанция Oregon Scientific BAR806 (прогноз погоды. температура. влажность. часы. календарь. будильник. солнечные батареи);f86915;445578.3;995;20;1
Метеостанции;Метеостанция Oregon Scientific BAR808HG (прогноз погоды. температура. влажность. часы. календарь. фазы Луны. будильник. солнечные батареи);f86916;579900.6;995;20;1
Метеостанции;Метеостанция Oregon Scientific EW93 (прогноз погоды.температура. часы. календарь. фазы Луны. будильник);f86917;360352.8;995;20;1
Метеостанции;Метеостанция Oregon Scientific I-600 (прогноз погоды.температура. влажность. подключение к ПК. прогноз погоды из Интернет. часы. календарь. будильник);f86918;790184.7;995;20;1
Метеостанции;Метеостанция Oregon Scientific WMR200 (прогноз погоды. темп. влажн. давление. направление ветра. УФ-излучение. осадки. календарь. фазы Луны. сенсорный дисплей);f87953;3421971.9;995;20;1
Метеостанции;Метеостанция Oregon Scientific WMR88 (прогноз погоды. темп. влажн. давление. направление ветра. УФ-излучение. часы. календарь. фазы Луны. будильник. солн батареи);f86922;1380275.1;995;20;1
Метеостанции;Метеостанция/проекционные часы Oregon Scientific BAR339P (прогноз погоды. температура. часы. календарь. будильник);f86923;779994.9;995;20;1
Утюги;Утюг Bosch TDA2315;f87704;234921.6;995;20;1
Утюги;Утюг Bosch TDA2325;f87705;266066.1;995;20;1
Утюги;Утюг Bosch TDA2620;f97275;362207.7;995;20;1
Утюги;Утюг Bosch TDA3615;f102318;485859.6;995;20;1
Утюги;Утюг Bosch TDA3620;f102319;513445.5;995;20;1
Утюги;Утюг Bosch TDA3630;f97276;549930.6;995;20;1
Утюги;Утюг Bosch TDA3637;f102320;731462.4;995;20;1
Утюги;Утюг Bosch TDA5620;f87706;525244.5;995;20;1
Утюги;Утюг Bosch TDA5650;f102321;652266;995;20;1
Утюги;Утюг Bosch TDA5653;f102322;613110.6;995;20;1
Утюги;Утюг Bosch TDA5657;f87707;754058.7;995;20;1
Утюги;Утюг Bosch TDA5680;f102323;731462.4;995;20;1
Утюги;Утюг Bosch TDA7620;f102324;631797.3;995;20;1
Утюги;Утюг Bosch TDA7630;f87708;618448.5;995;20;1
Утюги;Утюг Bosch TDA7650;f102325;710993.7;995;20;1
Утюги;Утюг Bosch TDA7658;f102326;731462.4;995;20;1
Утюги;Утюг Bosch TDA7677;f102327;888964.2;995;20;1
Утюги;Утюг Bosch TDA7680;f102328;791081.1;995;20;1
Утюги;Утюг Bosch TDS1210;f102329;929898.9;995;20;1
Утюги;Утюг Braun SI320/2020;f87709;362207.7;995;20;1
Утюги;Утюг Braun SI530/6591 насадка;f87710;824004.9;995;20;1
Утюги;Утюг Braun TexStyle 510;f102330;601541.1;995;20;1
Утюги;Утюг Braun TexStyle 520;f102331;695868.3;995;20;1
Утюги;Утюг Braun TexStyle 540;f102332;956596.5;995;20;1
Утюги;Утюг Braun TexStyle 720;f102333;792860.4;995;20;1
Утюги;Утюг Braun TexStyle 730;f102334;893416.5;995;20;1
Утюги;Утюг Braun TexStyle 740;f102335;821337.3;995;20;1
Утюги;Утюг Braun TexStyle 760;f102336;1001084.4;995;20;1
Утюги;Утюг Braun TexStyle 770;f102337;1108757.7;995;20;1
Утюги;Утюг Braun TexStyle 780;f102338;1350799.2;995;20;1
Утюги;Утюг Panasonic NI-E200TTTW;f102339;176723.1;995;20;1
Утюги;Утюг Panasonic NI-E210TGTW;f102340;167737.5;995;20;1
Утюги;Утюг Panasonic NI-E300TATW;f102341;196392.6;995;20;1
Утюги;Утюг Panasonic NI-E400TVTW;f102342;216056.7;995;20;1
Утюги;Утюг Panasonic NI-E500TDTW;f102343;255387.6;995;20;1
Утюги;Утюг Philips GC1420;f87691;190873.8;995;20;1
Утюги;Утюг Philips GC1480;f97277;205189.2;995;20;1
Утюги;Утюг Philips GC1490/02;f102344;216945;995;20;1
Утюги;Утюг Philips GC1905/01;f102345;296322.3;995;20;1
Утюги;Утюг Philips GC1930;f87692;314963.1;995;20;1
Утюги;Утюг Philips GC1960/02;f87694;323908.2;995;20;1
Утюги;Утюг Philips GC2965/02;f102346;597982.5;995;20;1
Утюги;Утюг Philips GC3320;f87698;566838;995;20;1
Утюги;Утюг Philips GC3592/02;f102347;766165.5;995;20;1
Утюги;Утюг Philips GC3720/02;f102348;610440.3;995;20;1
Утюги;Утюг Philips GC4410/02;f102349;763495.2;995;20;1
Утюги;Утюг Philips GC4415/02;f102350;673620.3;995;20;1
Утюги;Утюг Philips GC4420/02;f102351;799980.3;995;20;1
Утюги;Утюг Philips GC4422/02;f102352;831124.8;995;20;1
Утюги;Утюг Philips GC4425/02;f83684;844473.6;995;20;1
Утюги;Утюг Philips GC4430/02;f102353;925449.3;995;20;1
Утюги;Утюг Philips GC4850/02;f102361;911212.2;995;20;1
Утюги;Утюг Philips GC4860/02;f102354;1010874.6;995;20;1
Утюги;Утюг Philips GC4870/02;f102355;1081174.5;995;20;1
Утюги;Утюг Philips GC6510/02;f102357;1034013.6;995;20;1
Утюги;Утюг Philips GC651/02;f102356;292761;995;20;1
Утюги;Утюг Philips GC6520/02;f102358;1221771.6;995;20;1
Утюги;Утюг Philips GC8350/02;f102359;1910517.3;995;20;1
Утюги;Утюг Philips GC9220/02;f102360;2410616.7;995;20;1
Утюги;Утюг Tefal FV2115E0;f102362;323908.2;995;20;1
Утюги;Утюг Tefal FV2325E0;f102363;323908.2;995;20;1
Утюги;Утюг Tefal FV3530;f87702;430690.5;995;20;1
Утюги;Утюг Tefal FV3535;f87703;452935.8;995;20;1
Утюги;Утюг Tefal FV3835E0;f102364;481412.7;995;20;1
Утюги;Утюг Tefal FV5333E0;f102365;625568.4;995;20;1
Утюги;Утюг Tefal FV5350E0;f102366;638914.5;995;20;1
Утюги;Утюг Tefal FV5375E0;f102367;756378;995;20;1
Утюги;Утюг Tefal FV5377E0;f102368;777735;995;20;1
Утюги;Утюг Tefal FV5378E0;f102369;864939.6;995;20;1
Утюги;Утюг Tefal FV5378 автоотключение;f97278;835574.4;995;20;1
Утюги;Утюг Tefal FV9530E2;f102370;879176.7;995;20;1
Утюги;Утюг Tefal FV9540E2;f102371;984179.7;995;20;1
Утюги;Утюг Tefal FV9547E2;f102372;1110539.7;995;20;1
Утюги;Утюг Tefal FV9550E2;f102373;1045580.4;995;20;1
Фены;Фен BOSCH PHD1100;f102281;169163.1;995;20;1
Фены;Фен BOSCH PHD1101;f102282;182241.9;995;20;1
Фены;Фен BOSCH PHD1150;f102283;186513.3;995;20;1
Фены;Фен BOSCH PHD3200;f102287;182241.9;995;20;1
Фены;Фен BOSCH PHD3300;f102291;222463.8;995;20;1
Фены;Фен BOSCH PHD3305;f102288;240262.2;995;20;1
Фены;Фен BOSCH PHD5560;f102289;353270.7;995;20;1
Фены;Фен BOSCH PHD5980;f102290;458276.4;995;20;1
Фены;Фен BOSCH PHD7960;f102284;451156.5;995;20;1
Фены;Фен BOSCH PHD7967;f102285;458276.4;995;20;1
Фены;Фен BOSCH PSH3321 + щипцы для выпрямления;f102286;442257.3;995;20;1
Фены;Фен Philips HP4829/00;f102292;260728.2;995;20;1
Фены;Фен Philips HP4940/00;f102293;245600.1;995;20;1
Фены;Фен Philips HP4962/22;f102294;188025.3;995;20;1
Фены;Фен Philips HP8103/00;f102295;156170.7;995;20;1
Фены;Фен Philips HP8105/00;f102296;148961.7;995;20;1
Фены;Фен Philips HP8106/00;f102297;177881.4;995;20;1
Фены;Фен Philips HP8115/00;f102298;157682.7;995;20;1
Фены;Фен Philips HP8116/00;f102299;177881.4;995;20;1
Фены;Фен Philips HP8180/00;f102300;284752.8;995;20;1
Фены;Фен Philips HP8183/00;f102301;420012;995;20;1
Фены;Фен Philips HP8195/00;f102302;363060.9;995;20;1
Фены;Фен Philips HP8250/00;f102303;439589.7;995;20;1
Фены;Фен Philips HP8251/00;f102304;458276.4;995;20;1
Фены;Фен Rowenta CV1215F0/7PO;f102316;138815.1;995;20;1
Фены;Фен Rowenta CV1230F0;f102317;173523.6;995;20;1
Фены;Фен Rowenta CV3502F0;f102305;183664.8;995;20;1
Фены;Фен Rowenta CV4212F0;f102306;226913.4;995;20;1
Фены;Фен Rowenta CV4330F0;f102307;173523.6;995;20;1
Фены;Фен Rowenta CV4802D0;f102308;345262.5;995;20;1
Фены;Фен Rowenta CV4930F0;f102309;400434.3;995;20;1
Фены;Фен Rowenta CV4942F0;f102310;282082.5;995;20;1
Фены;Фен Rowenta CV7410D6;f102311;432469.8;995;20;1
Фены;Фен Rowenta CV7430D6;f102312;497429.1;995;20;1
Фены;Фен Rowenta CV7620D0/7PO;f102313;596203.2;995;20;1
Фены;Фен Rowenta CV7650D0;f102314;647813.7;995;20;1
Фены;Фен Rowenta CV8538D4;f102315;518786.1;995;20;1
Фены;Фен-щетка BOSCH PHA2000;f102277;185179.5;995;20;1
Фены;Фен-щетка BOSCH PHA2204;f102278;280305.9;995;20;1
Фены;Фен-щетка BOSCH PHA2302;f102279;338145.3;995;20;1
Фены;Фен-щетка BOSCH PHA2662;f102280;395987.4;995;20;1
Фены;Фен-щетка Rowenta CF9202;f102230;420012;995;20;1
Цифровые термометры;Цифровой термометр HAMA (H-75298) термометр/часы/будильник. серебристый/черный;f97201;64011.6;995;20;1
Цифровые термометры;Цифровой термометр HAMA TH100 (H-75297) термометр/гигрометр/часы/фазы луны/прогноз погоды. черный;f97200;86059.8;995;20;1
Цифровые термометры;Цифровой термометр HAMA TH200 (H-87682) термометр/гигрометр/часы/будильник/прогноз погоды. черный/серебристый;f97202;88006.5;995;20;1
Цифровые термометры;Цифровой термометр HAMA TH500 (H-106927) термометр/гигрометр/часы/фазы луны/прогноз погоды. черный;f97189;151089.3;995;20;1
Цифровые термометры;Цифровой термометр HAMA TH500 (H-106928) термометр/гигрометр/часы/фазы луны/прогноз погоды. белый;f97190;148032.9;995;20;1
Цифровые термометры;Цифровой термометр HAMA TH500 (H-106929) термометр/гигрометр/часы/фазы луны/прогноз погоды. серебристый;f97191;148032.9;995;20;1
Цифровые термометры;Цифровой термометр HAMA Window (H-87670) уличный на окно на присоске. -20/+60 C. серебристый;f98740;57064.5;995;20;1
Цифровые термометры;Цифровой термометр Oregon Scientific EW91 (температура);f86924;160074.9;995;20;1
Цифровые термометры;Цифровой термометр Oregon Scientific EW92 (температура. часы. календарь. будильник);f86925;180084.6;995;20;1
Цифровые термометры;Цифровой термометр Oregon Scientific RMR202 (температура. часы. календарь);f86926;240111;995;20;1
Цифровые термометры;Цифровой термометр Oregon Scientific RMR382 (температура. часы. календарь. будильник);f86928;250117.2;995;20;1
Цифровые термометры;Цифровой термометр/проекционные часы Ea2 BL506 (температура. календарь. будильник);f86913;270496.8;995;20;1
Цифровые термометры;Цифровой термометр/проекционные часы Oregon Scientific RMR391P (температура. часы. календарь. будильник);f86927;560449.8;995;20;1
Часы настольные;Проекционные часы HAMA RCR 110 (H-104952) автоматич.настройка времени (DCF). будильник. дата. термометр. белый;f98563;230107.5;995;20;1
Часы настольные;Проекционные часы Oregon Scientific RM308Р (часы. календарь. будильник. регулируемая проекция);f86929;270496.8;995;20;1
Часы настольные;Радиочасы Philips AJ3115/12;f99947;134902.8;995;20;1
Часы настольные;Радиочасы Philips AJ3123/12;f99948;156170.7;995;20;1
Часы настольные;Радиочасы Philips AJ3138/12;f87990;310559.4;995;20;1
Часы настольные;Радиочасы Philips AJ3231/12;f87991;266957.1;995;20;1
Часы настольные;Радиочасы Philips AJ3500/12;f92885;302551.2;995;20;1
Часы настольные;Радиочасы Philips AJ3540/12;f87992;209204.1;995;20;1
Часы настольные;Радиочасы Philips AJ3551/12;f96805;353270.7;995;20;1
Часы настольные;Радиочасы Philips AJ7000/12;f93367;697647.6;995;20;1
Часы настольные;Таймер цифровой HAMA Premium (H-108838) мин.интервал 1мин. 230В. белый;f97206;112090.5;995;20;1
Часы настольные;Таймер цифровой HAMA Weekly (H-47675) до 10 программ в день. интервал 1 мин. 230В. белый;f97207;91060.2;995;20;1
Часы настольные;Цифровые часы HAMA Fashion (H-104910) пластик. белый;f98558;81056.7;995;20;1
Часы настольные;Цифровые часы HAMA Fashion (H-104913) пластик. серебристый;f98559;86059.8;995;20;1
Часы настольные;Цифровые часы HAMA Fashion (H-104914) пластик. черный;f98560;87077.7;995;20;1
Часы настольные;Цифровые часы HAMA Fashion (H-104915) автоматич.настройка времени (DCF). термометр (-10 С). белый;f98561;115055.1;995;20;1
Часы настольные;Цифровые часы HAMA Message (H-104955) ввод сообщений длиной до 120 букв. белый;f98564;103010.4;995;20;1
Часы настольные;Цифровые часы Oregon Scientific RM901 (часы. календарь. будильник. сенсорный дисплей. встроенный динамик);f86931;500234.4;995;20;1
Часы настольные;Цифровые часы Oregon Scientific RRM902 (часы. календарь. будильник. FM-радио. сенсорный дисплей. встроенный динамик. аудиовход);f86932;750351.6;995;20;1
Вентиляторы;USB Вентилятор настольный KREOLZ USF-10. часы. календарь. White;f97457;102918.6;995;20;1
Вентиляторы;USB Вентилятор настольный Orient (F2029) 2 скорости. регулировка наклона. пласт.защитный кожух. белый;f96958;72349.2;995;20;1
Вентиляторы;USB Вентилятор настольный Orient (F2029) 2 скорости. регулировка наклона. пласт.защитный кожух. черный;f88451;72349.2;995;20;1
Вентиляторы;USB Вентилятор настольный Orient (F2030) 2 скорости. осевой механизм вращения. металл.защитный кожух. белый;f88453;128393.1;995;20;1
Вентиляторы;USB Вентилятор настольный Orient (F2030) 2 скорости. осевой механизм вращения. металл.защитный кожух. черный;f88454;128393.1;995;20;1
Вентиляторы;USB Вентилятор настольный Orient (LY-33A) высота 22см. мягкие лопасти. синий;f96956;71328.6;995;20;1
Вентиляторы;USB Вентилятор настольный со встроенным HUB 4port USB (L-33H) высота 22см. мягкие лопасти. черный;f96957;108013.5;995;20;1
Вентиляторы;Вентилятор напольный Floston AF718. высота 105см. 55Вт. черный;f99347;468736.2;995;20;1
Вентиляторы;Вентилятор напольный KREOLZ FAN-01. 3 скорости. поворотный. лопасти 40 см. 40W. White-Gray;f97453;147754.8;995;20;1
Вентиляторы;Вентилятор напольный/настольный/настенный KREOLZ FAN-11. 3 скорости. поворотный. диаметр 45 см. алюм. лопасти. 65W. Chrome-Black;f97454;280686.6;995;20;1
Вентиляторы;Вентилятор напольный/настольный/настенный KREOLZ FAN-21. 16 дюймов. 40W. винт - пластик. 3 скорости. пульт ДУ;f97455;234370.8;995;20;1
Вентиляторы;Вентилятор настольный Floston AF685. 20см. 35Вт. белый;f99345;168134.4;995;20;1
Вентиляторы;Вентилятор настольный Floston AF685. 20см. 35Вт. синий;f99344;168134.4;995;20;1
Вентиляторы;Вентилятор настольный Floston AF685. 20см. 35Вт. сиреневый;f99346;168134.4;995;20;1
Вентиляторы;Вентилятор настольный Floston AF685. 20см. 35Вт. черный;f99343;163036.8;995;20;1
Обогреватели;Конвектор Polaris PCH1269;f83311;528576.3;995;20;1
Обогреватели;Конвектор Polaris PCH1870D;f83312;441366.3;995;20;1
Обогреватели;Конвектор Polaris PCH2068;f83313;457385.4;995;20;1
Обогреватели;Конвектор Scarlett SC-2158;f91560;484083;995;20;1
Обогреватели;Конвектор Scarlett SC-2159;f91561;622009.8;995;20;1
Обогреватели;Конвектор Scarlett SC-2160;f91562;738579.6;995;20;1
Обогреватели;Конвектор Supra ECS-151 черный;f101812;339924.6;995;20;1
Обогреватели;Радиатор масляный Scarlett SC-1159;f91555;272295;995;20;1
Обогреватели;Тепловентилятор Clatronic HL 3378;f102375;63090.9;995;20;1
Обогреватели;Тепловентилятор Clatronic HL 3379;f102376;75103.2;995;20;1
Обогреватели;Тепловентилятор Polaris PCDH1316;f83229;243820.8;995;20;1
Обогреватели;Тепловентилятор Scarlett SC-150. Cерый;f91563;130720.5;995;20;1
Обогреватели;Тепловентилятор Scarlett SC-151;f103437;130542.3;995;20;1
Обогреватели;Тепловентилятор Scarlett SC-157;f103438;130542.3;995;20;1
Блендеры;Блендер BOSCH MMB1001;f102377;593532.9;995;20;1
Блендеры;Блендер BOSCH MMB2001;f102378;964604.7;995;20;1
Блендеры;Блендер BOSCH MSM6150;f102379;237589.2;995;20;1
Блендеры;Блендер BOSCH MSM6300;f102380;437810.4;995;20;1
Блендеры;Блендер BOSCH MSM6600;f102381;541031.4;995;20;1
Блендеры;Блендер BOSCH MSM6700;f102382;645146.1;995;20;1
Блендеры;Блендер BOSCH MSM6B100;f102383;180727.2;995;20;1
Блендеры;Блендер BOSCH MSM6B150;f102384;205289.1;995;20;1
Блендеры;Блендер BOSCH MSM6B250;f102385;338145.3;995;20;1
Блендеры;Блендер BOSCH MSM6B700;f102386;437810.4;995;20;1
Блендеры;Блендер BOSCH MSM7800;f102387;991299.6;995;20;1
Блендеры;Блендер Braun MR120 Omelette;f102390;475183.8;995;20;1
Блендеры;Блендер Braun MR300 Soup;f102391;289202.4;995;20;1
Блендеры;Блендер Braun MR320 Baby;f102392;487638.9;995;20;1
Блендеры;Блендер Braun MR320 Omelette;f102393;555271.2;995;20;1
Блендеры;Блендер Braun MR320 Spaghetti;f102394;577516.5;995;20;1
Блендеры;Блендер Braun MR540 Menu;f102395;1063376.1;995;20;1
Блендеры;Блендер Braun MR550 Buffet;f102396;1203084.9;995;20;1
Блендеры;Блендер Braun MR570 Patisserie;f102397;1292959.8;995;20;1
Блендеры;Блендер Braun MR730;f102398;727901.1;995;20;1
Блендеры;Блендер Braun MX2000;f102399;581075.1;995;20;1
Блендеры;Блендер MOULINEX DD411G47. 700 Вт. 2 насадки. 2 скорости. 0.8 л;f102599;659383.2;995;20;1
Блендеры;Блендер MOULINEX DD853830. 700 Вт. 3 насадки. 2 скорости. 0.8 л;f102600;560609.1;995;20;1
Блендеры;Блендер MOULINEX DD855830. погружной. 2 металл. насадки для приготовления пюре. 700 Вт;f102602;755487;995;20;1
Блендеры;Блендер Philips HR1341/00;f102400;237589.2;995;20;1
Блендеры;Блендер Philips HR1342/00;f102401;300769.2;995;20;1
Блендеры;Блендер Philips HR1364/00;f102402;469843.2;995;20;1
Блендеры;Блендер Philips HR1371/90;f102403;703876.5;995;20;1
Блендеры;Блендер Philips HR1372/90;f102404;850699.8;995;20;1
Блендеры;Блендер Philips HR1377/90;f102405;1050918.3;995;20;1
Блендеры;Блендер Philips HR1602/00;f102406;335475;995;20;1
Блендеры;Блендер Philips HR1603/00;f102407;398655;995;20;1
Блендеры;Блендер Philips HR1615/00;f102408;498320.1;995;20;1
Блендеры;Блендер Philips HR1615/90;f102409;498320.1;995;20;1
Блендеры;Блендер Philips HR1616/00;f102410;608661;995;20;1
Блендеры;Блендер Philips HR1617/00;f102411;600652.8;995;20;1
Блендеры;Блендер Philips HR1619/00;f102412;1021553.1;995;20;1
Блендеры;Блендер Philips HR1619/90;f102413;1021553.1;995;20;1
Блендеры;Блендер Philips HR1650/90;f102414;702985.5;995;20;1
Блендеры;Блендер Philips HR1652/90;f102415;895193.1;995;20;1
Блендеры;Блендер Philips HR1653/90;f102416;1011765.6;995;20;1
Блендеры;Блендер Philips HR1659/90;f102417;1704960.9;995;20;1
Блендеры;Блендер Philips HR2095/30;f102418;1021553.1;995;20;1
Блендеры;Блендер Philips HR2096/30;f102419;1228891.5;995;20;1
Блендеры;Блендер Philips HR2161/40;f102420;683407.8;995;20;1
Блендеры;Блендер Philips HR2170/40;f102421;807988.5;995;20;1
Блендеры;Блендер Philips HR2170/50;f102422;807988.5;995;20;1
Измельчители;Измельчитель BOSCH MMR1501. 550Вт. 1 скорость. чаша. 2 насадки;f103100;433358.1;995;20;1
Измельчители;Измельчитель MOULINEX DJ200581;f102423;361278.9;995;20;1
Измельчители;Измельчитель MOULINEX DJ756G35;f102424;592641.9;995;20;1
Измельчители;Измельчитель Tefal MB401188;f102425;367510.5;995;20;1
Измельчители;Измельчитель Tefal MB402188;f102426;425349.9;995;20;1
Йогуртницы;Йогуртница MOULINEX DJC141;f102427;377300.7;995;20;1
Йогуртницы;Йогуртница MOULINEX YG230131/3H1;f102428;436028.4;995;20;1
Йогуртницы;Йогуртница Tefal 887241;f102429;573066.9;995;20;1
Кофемашины;Кофемашина BOSCH TES50328RW VeroCafe Latte. 15 бар. 6 программ. черная;f102623;6276150;995;20;1
Кофемашины;Кофемашина BOSCH TES50621RW VeroCafe Latte Pro. 15 бар. 6 программ. серебристая;f102624;7549532.1;995;20;1
Кофемашины;Кофемашина BOSCH TES70621RW VeroBar. 19 бар. 11 программ. титановая;f103101;14018780.7;995;20;1
Кофемашины;Кофемашина KRUPS KP210011;f102430;1326774.6;995;20;1
Кофемашины;Кофемашина KRUPS KP210225;f102431;1326774.6;995;20;1
Кофемашины;Кофемашина Philips HD8327/09 SAECO. 15 бар. 3 программы. серебристая;f102625;1672037.1;995;20;1
Кофемашины;Кофемашина Philips HD8838/32 Saeco Syntia Cappuccino. 15 бар. 3 программы. красная;f102626;7563769.2;995;20;1
Кофемашины;Кофемашина Rowenta ES060010 Рожковая Allegro. 4 бар. эспрессо + ручной капуччинатор. черный пластик;f102627;592641.9;995;20;1
Кофемашины;Кофемашина Rowenta ES320030 Рожковая Opio. 15 бар. эспрессо + ручной капуччинатор. черный пластик;f102628;1058926.5;995;20;1
Кофемашины;Кофемашина Rowenta ES440030 Электронная. 15 бар. эспрессо + ручной капуччинатор. черный пластик;f102629;1966580.1;995;20;1
Ломтерезки;Ломтерезка BOSCH MAS4201N;f102432;349714.8;995;20;1
Ломтерезки;Ломтерезка BOSCH MAS4601N;f102433;628236;995;20;1
Ломтерезки;Ломтерезка BOSCH MAS6200;f103147;743029.2;995;20;1
Микроволновые печи;Микроволновая печь GORENJE MO20DCE. 20 л. 900 Вт. гриль 1200 Вт. электронное управление. нерж.сталь;f102565;1317875.4;995;20;1
Микроволновые печи;Микроволновая печь GORENJE MO20DGS. 20 л. 700 Вт. гриль 900 Вт. электронное управление. серебристая;f102566;810658.8;995;20;1
Микроволновые печи;Микроволновая печь Samsung GE-712MR. 20 л. 750 Вт. гриль. механическое управление. белая;f103124;956596.5;995;20;1
Микроволновые печи;Микроволновая печь Samsung GE-712MR-S/BWT. 20 л. 750 Вт. гриль. механическое управление. серебряная;f103125;956596.5;995;20;1
Микроволновые печи;Микроволновая печь Samsung GE-73AR. 20 л. 750 Вт. гриль. электронное управление. белая;f103126;896084.1;995;20;1
Микроволновые печи;Микроволновая печь Samsung ME-87HPR. 23 л. 850 Вт. электронное управление. белая;f103127;1029561.3;995;20;1
Микроволновые печи;Микроволновая печь Samsung PG-832R-S. 23 л. 800 Вт. двойной гриль. электронное управление. серебристая;f102567;1096302.6;995;20;1
Микроволновые печи;Микроволновая печь Samsung PG-836R/BWT. 23 л. 800 Вт. двойной гриль. сенсорное управление. белая;f102568;1196856;995;20;1
Микроволновые печи;Микроволновая печь Sharp R8771LK. 26 л. 900 Вт . гриль 1200 Вт. электронное управление. черная;f102570;2544984.9;995;20;1
Микроволновые печи;Микроволновая печь Sharp R8772N. 26 л. 900 Вт . гриль 1200 Вт. электронное управление. серебристая;f102571;2569900.5;995;20;1
Миксеры;Миксер BOSCH MFQ3010. 2 насадки. 300 Вт. без чаши;f102596;240262.2;995;20;1
Миксеры;Миксер BOSCH MFQ3540. 3 насадки. 450 Вт. без чаши;f103131;422682.3;995;20;1
Миксеры;Миксер BOSCH MFQ3550. 3 насадки. 450 Вт. без чаши;f103133;500099.4;995;20;1
Миксеры;Миксер BOSCH MFQ3555. 2 насадки. 350 Вт. чаша;f102597;514336.5;995;20;1
Миксеры;Миксер BOSCH MFQ3560. 2 насадки. 450 Вт. чаша;f103135;659383.2;995;20;1
Миксеры;Миксер BOSCH MFQ3580. 4 насадки. 450 Вт. без чаши;f103136;638914.5;995;20;1
Миксеры;Миксер BOSCH MFQ4070. 3 насадки. 500 Вт. без чаши;f103137;708323.4;995;20;1
Миксеры;Миксер MOULINEX ABM11A3E. 2 насадки. 150 Вт. без чаши;f103138;233142.3;995;20;1
Миксеры;Миксер MOULINEX HM610130. 500 Вт. 5 скоростей + турбо. насадка - погружной блендер;f103139;475183.8;995;20;1
Миксеры;Миксер MOULINEX HM615130. стационарный PowerMix. 500 Вт. 5 скоростей + турбо;f103140;664721.1;995;20;1
Миксеры;Миксер Panasonic MK-GB1WTQ. 2 насадки. 200 Вт. чаша;f103141;402216.3;995;20;1
Миксеры;Миксер Panasonic MK-GH1WTQ. 2 насадки. 200 Вт. без чаши;f102598;256278.6;995;20;1
Миксеры;Миксер Philips HR1453/70. 2 насадки. 175 Вт. без чаши;f103142;280305.9;995;20;1
Миксеры;Миксер Philips HR1560/40. 2 насадки. 350 Вт. без чаши;f103143;418232.7;995;20;1
Миксеры;Миксер Philips HR1565/20. 2 насадки. 350 Вт. чаша;f103144;621118.8;995;20;1
Миксеры;Миксер Philips HR1565/40. 3 скорости + турборежим. 350 Вт. вращающаяся чаша. черный;f103145;557938.8;995;20;1
Миксеры;Миксер Philips HR1574/50. 3 насадки. 350 Вт. без чаши;f103146;639805.5;995;20;1
Мясорубки;Мясорубка Bosch MFW1501 белая. 450Вт. 1 насадка;f102603;694086.3;995;20;1
Мясорубки;Мясорубка Bosch MFW1545 белая. 500Вт. 1 насадка;f102604;720783.9;995;20;1
Мясорубки;Мясорубка Bosch MFW1550 белая. 500Вт. 3 насадки;f102605;850699.8;995;20;1
Мясорубки;Мясорубка Braun G 1300W белая. 1300Вт. 3 насадки;f103148;1200414.6;995;20;1
Мясорубки;Мясорубка Braun G 1500W пластик/нерж.сталь. 1500Вт. 5 насадок;f103150;1457581.5;995;20;1
Мясорубки;Мясорубка Braun G 1500 черная. 800Вт. 5 насадок;f103149;1431777.6;995;20;1
Мясорубки;Мясорубка Braun G 3000 белая/серебристая. 1500Вт. 4 насадки;f102607;1605301.2;995;20;1
Мясорубки;Мясорубка Kenwood MG520;f100737;1816195.5;995;20;1
Мясорубки;Мясорубка Panasonic MK-G1300PWTQ белая. 1300Вт;f102608;989520.3;995;20;1
Мясорубки;Мясорубка Panasonic MK-G1800PWTQ белая. 1800Вт;f102609;1981705.5;995;20;1
Мясорубки;Мясорубка Panasonic MK-MG1000WTQ белая. 1000Вт;f102610;691416;995;20;1
Мясорубки;Мясорубка Panasonic MK-MG1300WTQ белая. 1300Вт;f102611;853370.1;995;20;1
Мясорубки;Мясорубка Panasonic MK-MG1501WTQ серая. 1500Вт;f102612;955705.5;995;20;1
Пароварки;Пароварка Braun FS20. 6.2 л. 2 яруса. непрозрачный пластик/белый;f103105;690527.7;995;20;1
Пароварки;Пароварка GORENJE FS900E. 3 яруса. прозрачный пластик;f102579;606881.7;995;20;1
Пароварки;Пароварка GORENJE FS900W. 3 яруса. прозрачный пластик;f102580;448488.9;995;20;1
Пароварки;Пароварка Moulinex MV1000;f103106;358611.3;995;20;1
Пароварки;Пароварка TEFAL VC100230. 9 л. 3 яруса. прозрачный пластик;f102581;569508.3;995;20;1
Пароварки;Пароварка TEFAL VC101431. 6 л. 3 яруса. прозрачный пластик;f102582;611328.6;995;20;1
Пароварки;Пароварка TEFAL VS400331. 10л. 3 яруса. прозрачный пластик;f103107;1258256.7;995;20;1
Пароварки;Пароварка TEFAL VS700130. 9.4л. 2 яруса. прозрачный пластик;f103108;1590170.4;995;20;1
Соковыжималки;Соковыжималка Bosch MCP3000 белая. 20 Вт. для цитрусовых;f102613;203952.6;995;20;1
Соковыжималки;Соковыжималка Bosch MES1020 380 Вт. универсальная. белая;f103110;625568.4;995;20;1
Соковыжималки;Соковыжималка Bosch MES20A0 700 Вт. универсальная. белая/черная;f102614;771503.4;995;20;1
Соковыжималки;Соковыжималка Bosch MES20C0 700 Вт. универсальная. белая/вишневая;f102615;771503.4;995;20;1
Соковыжималки;Соковыжималка GORENJE JC805E 800 Вт. универсальная. нерж. сталь;f102616;896084.1;995;20;1
Соковыжималки;Соковыжималка Panasonic MJ-M(W)171PN(W)TQ 230 Вт. универсальная. белый;f102618;1189736.1;995;20;1
Соковыжималки;Соковыжималка Philips HR1870/00 700 Вт. насадка цитрус-пресс. широкая камера для подачи фруктов. черная;f102619;1518982.2;995;20;1
Соковыжималки;Соковыжималка Philips HR2737/70 25 Вт. для цитрусовых. белая;f102620;173253.6;995;20;1
Соковыжималки;Соковыжималка Philips HR2744/40 25 Вт. для цитрусовых. белая;f102621;257166.9;995;20;1
Соковыжималки;Соковыжималка TEFAL 830931/6RO 30 Вт. для цитрусовых. белая/бежевая;f102622;195501.6;995;20;1
Термопоты;Термопот Panasonic NC-EH30PWTW белый. электрический насос. 3л;f102437;792860.4;995;20;1
Термопоты;Термопот Panasonic NC-EH40PWTW белый. электрический насос. 4л;f102438;891634.5;995;20;1
Термопоты;Термопот Panasonic NC-PF30PVWTW белый. ручная помпа. 3л;f102439;1083842.1;995;20;1
Термопоты;Термопот Panasonic NC-PG30PWTW белый. ручная помпа. 3л;f102440;733241.7;995;20;1
Термопоты;Термопот Scarlett IS-509;f102434;876509.1;995;20;1
Термопоты;Термопот Scarlett SC1221 белый;f102435;476072.1;995;20;1
Термопоты;Термопот Scarlett SC1229 белый;f102436;321237.9;995;20;1
Термопоты;Термопот Toshiba PLK-30VETR(W) белый. электрический насос. 3л;f102441;775064.7;995;20;1
Термопоты;Термопот Toshiba PLK-45 SDTR (WT) белый. электрический насос. 4.5л;f102442;919220.4;995;20;1
Тостеры;Тостер Bosch TAT4620 серебристый. 950Вт;f102443;402216.3;995;20;1
Тостеры;Тостер Bosch TAT8611 белый. 860Вт;f102444;743029.2;995;20;1
Тостеры;Тостер MOULINEX LT120530. серый/красный. 850Вт. 2 секции;f103113;379077.3;995;20;1
Тостеры;Тостер MOULINEX TT110031. белый. 850Вт. 2 секции;f103114;251829;995;20;1
Тостеры;Тостер Panasonic NT-GT1WTQ белый. 1200Вт;f102445;367510.5;995;20;1
Тостеры;Тостер Philips HD2566/70 белый. 950Вт. 2 секции;f103115;266957.1;995;20;1
Тостеры;Тостер Philips HD2586/20 черный/серебристый. 950Вт. 2 секции;f103116;409333.5;995;20;1
Тостеры;Тостер Philips HD2627/70 черный/серебристый. 900Вт;f102446;457385.4;995;20;1
Тостеры;Тостер Philips HD2630/50 1000Вт. 2 секции;f103118;454715.1;995;20;1
Тостеры;Тостер Philips HD2636/20 серебристый. 850Вт. 2 секции;f103117;496538.1;995;20;1
Тостеры;Тостер Philips HD2636/40 нерж.сталь. 850Вт. 2 секции;f103119;496538.1;995;20;1
Тостеры;Тостер Philips HD2686/30 белый. 1500Вт. 2 секции;f103120;658492.2;995;20;1
Тостеры;Тостер Philips HD2686/90 черный/металлик. 1500Вт. 2 секции;f103121;658492.2;995;20;1
Тостеры;Тостер Philips HD2698/00 черный/металлик. 1200Вт. 7 режимов поджаривания;f103122;844473.6;995;20;1
Фритюрницы;Фильтр масляный TEFAL 7925.82 для фритюрниц;f102595;28563.3;995;20;1
Фритюрницы;Фритюрница MOULINEX AF100530. загрузка картофеля 0.3 кг. 840 Вт. белая/желтая;f102591;382638.6;995;20;1
Фритюрницы;Фритюрница Philips HD6103/70. загрузка картофеля 1.1 кг.2000 Вт. белая/голубая;f102586;783963.9;995;20;1
Фритюрницы;Фритюрница Philips HD6159/55. загрузка картофеля 1.3 кг.2000 Вт. белая;f102592;1246687.2;995;20;1
Фритюрницы;Фритюрница Philips HD9220/40. загрузка картофеля 0.8 кг. 1425 Вт. черная;f102593;1358807.4;995;20;1
Фритюрницы;Фритюрница TEFAL FF102432. загрузка картофеля 0.4 кг. 840 Вт. стальная/черная;f102594;527685.3;995;20;1
Хлебопечи;Хлебопечь MOULINEX OW110E31. 3 варианта веса - 500/750/900г. 12 програм. отложенный старт (13 ч);f102572;1098081.9;995;20;1
Хлебопечи;Хлебопечь MOULINEX OW310E30. 15 программ. макс.вес выпечки 1000г. 700Вт. металл;f103103;1412199.9;995;20;1
Хлебопечи;Хлебопечь MOULINEX OW502430. 16 программ. макс.вес выпечки 1500г. 1650Вт. белая;f103104;1930986;995;20;1
Хлебопечи;Хлебопечь Mystery MBM1203;f102788;607772.7;995;20;1
Хлебопечи;Хлебопечь Panasonic SD-2500WTS. 11 программ. макс.вес выпечки 1250 г. 550 Вт. белая;f102573;1339232.4;995;20;1
Хлебопечи;Хлебопечь Panasonic SD-2501WTS. 12 программ. макс.вес выпечки 1000 г. 550 Вт. белая;f102574;1526990.4;995;20;1
Хлебопечи;Хлебопечь Panasonic SD-ZB2502BTS. 12 программ. макс.вес выпечки 1250 г. 550 Вт. нерж.сталь;f102575;1744116.3;995;20;1
Хлебопечи;Хлебопечь Philips HD9020/40. 12 программ. макс.вес выпечки 1000 г. 660 Вт. бело-голубая;f102576;1094520.6;995;20;1
Хлебопечи;Хлебопечь Supra BMS-240. 11 программ. макс.вес выпечки 1500 г. 650 Вт. белая;f102577;690527.7;995;20;1
Хлебопечи;Хлебопечь Supra BMS-355. 12 программ. макс.вес выпечки 1000 г. 650 Вт. белая;f102578;843582.6;995;20;1
Чайники;Чайник Bosch TWK1102N;f87673;263395.8;995;20;1
Чайники;Чайник Bosch TWK4701;f87674;274965.3;995;20;1
Чайники;Чайник Bosch TWK6001;f97393;317676.6;995;20;1
Чайники;Чайник Bosch TWK6002;f87676;319593.6;995;20;1
Чайники;Чайник Bosch TWK6004N;f87677;315009;995;20;1
Чайники;Чайник Bosch TWK6005;f87678;317676.6;995;20;1
Чайники;Чайник Bosch TWK6006;f97392;317676.6;995;20;1
Чайники;Чайник Bosch TWK6801;f97391;506328.3;995;20;1
Чайники;Чайник Bosch TWK8613;f92101;670952.7;995;20;1
Чайники;Чайник Philips HD4646/00;f87679;282082.5;995;20;1
Чайники;Чайник Philips HD4649;f87680;279414.9;995;20;1
Чайники;Чайник Philips HD4665;f87681;583742.7;995;20;1
Чайники;Чайник Philips HD4677;f87682;393317.1;995;20;1
Чайники;Чайник Philips HD4678;f87683;382638.6;995;20;1
Чайники;Чайник Scarlett IS-500 стеклянный;f87690;449377.2;995;20;1
Чайники;Чайник Tefal BF263A;f87684;362207.7;995;20;1
Чайники;Чайник Tefal BF560140;f87685;315009;995;20;1
Чайники;Чайник Tefal BF612040;f87686;386291.7;995;20;1
Чайники;Чайник Tefal BF662340;f87687;430690.5;995;20;1
Чайники;Чайник Tefal KO102140;f87688;230472;995;20;1
Кресла;Кресло CH-201NX/Bl&Blue (черно-синее 12-191);f26857;307000.8;995;20;1
Кресла;Кресло CH-201NX/B (черное 10-11);f26856;307000.8;995;20;1
Кресла;Кресло CH-201NX/Ch (бордо 10-361);f26859;307000.8;995;20;1
Кресла;Кресло CH-201NX/G (зеленое);f37592;307000.8;995;20;1
Кресла;Кресло CH-201NX/Purple (темно-синее 10-352);f26862;307000.8;995;20;1
Кресла;"Кресло CH-201NX/romashki (ткань ""ромашки на зеленом фоне"")";f90895;307000.8;995;20;1
Кресла;Кресло CH-201NX (темно-серое 10-128);f26855;307000.8;995;20;1
Кресла;Кресло CH-213AXN/Bl&Blue (черно-синее 12-191);f26865;407554.2;995;20;1
Кресла;Кресло CH-213AXN/Bl&Grey (сине-серый 12-263);f26866;393317.1;995;20;1
Кресла;Кресло CH-213AXN/Blue (синее 10-357);f26867;393317.1;995;20;1
Кресла;Кресло CH-213AXN/B (черное 1011);f26864;393317.1;995;20;1
Кресла;Кресло CH-213AXN/Ch (бордо 10-361);f26868;407554.2;995;20;1
Кресла;Кресло CH-213AXN (темно-серое 10-128);f26863;393317.1;995;20;1
Кресла;Кресло CH-297/DG/15-48 (спинка темно-серая сетка. сиденье серое 15-48);f90898;402216.3;995;20;1
Кресла;Кресло CH-300AXSN/Black (механизм качания спинки. газпатрон. черное P31/JP-15-2);f26870;505437.3;995;20;1
Кресла;Кресло CH-300AXSN/#Ch (механизм качания спинки. газпатрон. бордо JP-15-6);f90899;505437.3;995;20;1
Кресла;Кресло CH-300AXSN/Grey (механизм качания спинки. газпатрон. серое P34/JP-15-1);f26872;505437.3;995;20;1
Кресла;Кресло CH-356AXSN/Bl&Blu (черно-синее 12-191);f26956;550818.9;995;20;1
Кресла;Кресло CH-356AXSN/Blue (синее 10-357);f26957;550818.9;995;20;1
Кресла;Кресло CH-356AXSN/B (черное 10-11/JP-15-2);f26955;550818.9;995;20;1
Кресла;Кресло CH-360AXSN/#B (с подлокотниками. черное в ромбик JP-15-2);f90896;604211.4;995;20;1
Кресла;Кресло CH-360AXSN/#G (с подлокотниками. серое в ромбик JP-15-1);f90903;595312.2;995;20;1
Кресла;Кресло CH-513AXN/#B (черное JP-15-2);f26958;648704.7;995;20;1
Кресла;Кресло CH-513AXN/#Grey (серое JP-15-1);f26960;661162.5;995;20;1
Кресла;Кресло CH-687AXSN/#Blue (черный пластик. синяя ткань JP-15-5);f26980;670061.7;995;20;1
Кресла;Кресло CH-687AXSN/#B (черный пластик. черная ткань JP-15-2);f26979;670061.7;995;20;1
Кресла;Кресло CH-687AXSN/#G (черный пластик. серое JP-15-1);f90904;685189.8;995;20;1
Кресла;"Кресло CH-725AXSN/Blue. подлокотник ""под дерево"" (синее JP-15-5)";f26984;663830.1;995;20;1
Кресла;"Кресло CH-725AXSN/B. подлокотник ""под дерево"" (черное JP-15-2)";f26983;670061.7;995;20;1
Кресла;"Кресло CH-725AXSN/Grey. подлокотник ""под дерево"" (серое JP-15-1)";f26985;670061.7;995;20;1
Кресла;Кресло CH-797AXSN/Black (черное 26-28. Т-образные подлокотники);f79914;571287.6;995;20;1
Кресла;Кресло CH-797AXSN (сиденье красное 26-22. Т-образные подлокотники);f85906;571287.6;995;20;1
Кресла;Кресло CH-797AXSN (сиденье серое 26-25. Т-образные подлокотники);f85907;571287.6;995;20;1
Кресла;Кресло CH-797AXSN (сиденье синее 26-21. Т-образные подлокотники);f85905;571287.6;995;20;1
Кресла;Кресло CH-799AXSN/Black (Спинка черная сетка. сиденье черное 26-28);f80869;604211.4;995;20;1
Кресла;Кресло CH-799/CH/TW-13 (спинка бордовая сетка. сиденье бордовое TW-13);f90893;625568.4;995;20;1
Кресла;Кресло CH-799/LG/TW-12 (спинка светло-серая сетка. сиденье серое TW-12);f90892;625568.4;995;20;1
Кресла;Кресло CH-994AV (черная иск. кожа);f79912;1494957.6;995;20;1
Кресла;Кресло CH-W797/PK/TW-13A (белый пластик. спинка розовая сетка. сиденье розовое);f97608;607772.7;995;20;1
Кресла;Кресло T-612AXSN/Ch (бордовое JP-15-6);f27003;1168381.8;995;20;1
Кресла;Кресло T-612AXSN/Grey (серое JP-15-1);f27004;1168381.8;995;20;1
Кресла;Кресло T-612AXSN (темно-синее JP-15-15/15-5);f27570;1168381.8;995;20;1
Кресла;Кресло на полозьях CH-994AV/Слоновая кость (металлические подлокотники с пластиковыми накладками);f97609;1756574.1;995;20;1
Кресла;Кресло на полозьях CH-994AV/черная кожа (металлические подлокотники с пластиковыми накладками);f97607;1756574.1;995;20;1
Кресла;Кресло посетителя CH-661AXSN/Blue (синее V398-86);f26972;1279611;995;20;1
Кресла;Кресло посетителя CH-661AXSN/B (черное V398-20);f26971;1279611;995;20;1
Кресла;Кресло посетителя CH-661AXSN/Green (зеленое V398-42);f26973;1279611;995;20;1
Кресла;Кресло посетителя CH-661AXSN/Grey (серое V398-12);f26974;1279611;995;20;1
Кресла;Кресло посетителя CH-661AXSN/Yellow (желтое V398-30);f26975;1279611;995;20;1
Кресла;Кресло руководителя CH-808AXSN/Bl&Blue (черно-синее 12-191);f26986;708323.4;995;20;1
Кресла;Кресло руководителя CH-808AXSN/Grey (темно-серое 10-128);f26988;708323.4;995;20;1
Кресла;Кресло руководителя CH-808AXSN/TW-10 (синее TW-10);f90902;728792.1;995;20;1
Кресла;Кресло руководителя CH-848AXSN (черная кожа);f26992;1576824.3;995;20;1
Кресла;Кресло руководителя CH-868AXSN/Black (пластик темно-серый. черная иск. кожа);f79915;1298297.7;995;20;1
Кресла;Кресло руководителя CH-868AXSN/Brown (пластик темно-серый. коричневая иск. кожа);f90889;1308976.2;995;20;1
Кресла;Кресло руководителя CH-868SAXSN/Grey (пластик серебристый. серая иск. кожа);f90905;1308976.2;995;20;1
Кресла;Кресло руководителя CH-868YAXSN/Beige (пластик золотистый. бежевая иск. кожа);f90890;1308976.2;995;20;1
Кресла;Кресло руководителя CH-868YAXSN/Coffee (пластик золотистый. темно-коричневая иск.кожа);f90891;1298297.7;995;20;1
Кресла;Кресло руководителя CH-992AXL (черная кожа);f26995;1821533.4;995;20;1
Кресла;"Кресло руководителя CH-999ASX. эргономичная сетка. ""подвижные"" подлокотники";f26996;2699821.8;995;20;1
Кресла;Кресло руководителя T-800AXSN (черная кожа);f90901;1294741.8;995;20;1
Кресла;Кресло руководителя T-898AXSN/Black (черное 8011);f53975;1071387;995;20;1
Кресла;Кресло руководителя T-898AXSN/Grey (серое HS 601);f53982;1071387;995;20;1
Кресла;Кресло руководителя T-9906AXSN (черная кожа);f90894;1547459.1;995;20;1
Кресла;Кресло руководителя T-9930AXSN/Black (черная кожа);f85903;2157899.4;995;20;1
Кресла;Кресло руководителя T-9930AXSN/Ivory (кожа цвета слоновой кости);f85904;2149002.9;995;20;1
Кресла;Кресло руководителя T-9950AXSN/Black (черная кожа);f79916;2595707.1;995;20;1
Кресла;Кресло руководителя T-9950AXSN/Brown (коричневая кожа. цвет рыжий);f80405;2595707.1;995;20;1
Кресла;Кресло руководителя T-9950AXSN/Chocolate (коричневая кожа. цвет темно-коричневый);f80406;2619734.4;995;20;1
Стулья;Стул для посетителей ВИСИ (каркас хром. черная ткань);f30900;256278.6;995;20;1
Стулья;Стул для посетителей ВИСИ (черный каркас. серая ткань);f29673;191052;995;20;1
Стулья;Стул для посетителей ВИСИ (черный каркас. спинка черная сетка. сиденье черное С11);f90888;243820.8;995;20;1
Стулья;Стул для посетителей ВИСИ (черный каркас. черная ткань);f27006;191052;995;20;1
Стулья;Стул для посетителей ВИСИ (черный каркас.черно-синяя ткань 12-191);f27005;191052;995;20;1
Настройка компьютера и программ;Восстановление данных (полное или частичное);f64507;477351.9;995;20;1
Настройка компьютера и программ;Выезд инженера в пределах МКАД;f64508;140437.8;995;20;1
Настройка компьютера и программ;Диагностика компьютера;f64506;252711.9;995;20;1
Настройка компьютера и программ;Диагностика сервера;f79863;505421.1;995;20;1
Настройка компьютера и программ;Настройка BIOS;f64509;136174.5;995;20;1
Настройка компьютера и программ;Настройка FireWall;f64510;258360.3;995;20;1
Настройка компьютера и программ;Настройка Windows 2000/2003/2008/NT/XP;f64511;258360.3;995;20;1
Настройка компьютера и программ;Настройка Windows Vista;f64512;379066.5;995;20;1
Настройка компьютера и программ;Настройка Windows XP Media Center Edition;f64513;294858.9;995;20;1
Настройка компьютера и программ;Настройка графического интерфейса ОС;f64514;140437.8;995;20;1
Настройка компьютера и программ;Настройка Интернет;f64515;258360.3;995;20;1
Настройка компьютера и программ;Настройка специализированного ПО (за единицу);f64516;533490.3;995;20;1
Настройка компьютера и программ;Настройка электронной почты (e-mail);f64517;126354.6;995;20;1
Настройка компьютера и программ;Очистка внутренностей системного блока от пыли;f69611;98285.4;995;20;1
Настройка компьютера и программ;Очистка компьютера от вирусов;f64518;426772.8;995;20;1
Настройка компьютера и программ;Устранение мелких неисправностей;f64519;174063.6;995;20;1
Установка программного обеспечения;Установка Adobe Photoshop/illustrator (с дистрибутивов заказчика);f64557;407135.7;995;20;1
Установка программного обеспечения;Установка AUTO CAD/3D Studio MAX (с дистрибутивов заказчика;f64558;398706.3;995;20;1
Установка программного обеспечения;Установка Corel DRAW (с дистрибутивов заказчика);f64559;407135.7;995;20;1
Установка программного обеспечения;Установка Fine Reader (с дистрибутивов заказчика);f64560;244282.5;995;20;1
Установка программного обеспечения;Установка MS Office (с дистрибутивов заказчика);f64561;244282.5;995;20;1
Установка программного обеспечения;Установка OC с сохранением данных (с дистрибутивов заказчика;f64562;519501.6;995;20;1
Установка программного обеспечения;Установка Open Office (с дистрибутивов заказчика);f64563;196573.5;995;20;1
Установка программного обеспечения;Установка STYLUS (с дистрибутивов заказчика);f64564;176933.7;995;20;1
Установка программного обеспечения;Установка Windows 2003/2008 Server (с дистрибут. заказчика);f64565;631778.4;995;20;1
Установка программного обеспечения;Установка Windows 95/98/ME/2000/XP (с дистрибут. заказчика);f64556;176933.7;995;20;1
Установка программного обеспечения;Установка Windows Vista. Windows 7 (с дистрибут. заказчика);f64566;238723.2;995;20;1
Установка программного обеспечения;Установка Windows XP Media Center Edition (с дистрибут. заказчика);f64567;168504.3;995;20;1
Установка программного обеспечения;Установка антивируса на сервер (с дистрибутивов заказчика);f64569;640207.8;995;20;1
Установка программного обеспечения;Установка антивируса (с дистрибутивов заказчика);f64568;176933.7;995;20;1
Установка программного обеспечения;Установка архиватора;f64570;145994.4;995;20;1
Установка программного обеспечения;Установка дополнительного ПО (за ед.) (с дистрибутивов заказчика);f64571;199351.8;995;20;1
Установка программного обеспечения;Установка игрового ПО (за ед.) (с дистрибутивов заказчика);f64572;154423.8;995;20;1
Установка программного обеспечения;Установка обновления ОС;f64573;176933.7;995;20;1
Установка программного обеспечения;Установка ПО DVD. MPEG плеера (с дистрибутивов заказчика);f64574;157202.1;995;20;1
Установка программного обеспечения;Установка ПО Venta FAX VOICE AON (с дистрибутивов заказчика);f64575;317279.7;995;20;1
Установка программного обеспечения;Установка ПО для записи на CDR (с дистрибутивов заказчика);f64576;120703.5;995;20;1
Установка программного обеспечения;Установка ПО для КПК и мобильных телефонов;f64577;286429.5;995;20;1
Транспортные услуги;Вечерняя доставка до подъезда за МКАД (в пределах 15 км) на автомобиле;f98953;277908.3;995;20;1
Транспортные услуги;Вечерняя доставка до подъезда по Москве на автомобиле (в пределах МКАД);f98952;138952.8;995;20;1
Транспортные услуги;Доставка за МКАД (в пределах 15 км) крупногабаритных грузов до подъезда;f69365;370542.6;995;20;1
Транспортные услуги;Доставка за МКАД (в пределах 15 км) на автомобиле;f69364;277908.3;995;20;1
Транспортные услуги;Доставка курьером по Москве (в пределах МКАД);f3371;83373.3;995;20;1
Транспортные услуги;Доставка по Москве крупногабаритных грузов до подъезда (в пределах МКАД);f3245;231589.8;995;20;1
Транспортные услуги;Доставка по Москве на автомобиле (в пределах МКАД);f1720;138952.8;995;20;1
