categories;product_name;;product_code;price_value;product_vendor_id;price_currency_id;product_published
Шлейфы;Кабель Orient IEEE-1394 6P-->4P 1.5/1.8м;;n8620;11836.35;1005;20;1
Шлейфы;Orient <UDL-20> Кабель-адаптер USB для связи 2-х компьютеров (PC <-->PC. PC <--> Mac. Mac <--> Mac);;n140200;113600.25;1005;20;1
Шлейфы;Кабель Hama удлинительный USB3.0 A-->A (3м) <54506>;;n119476;109386.84;1005;20;1
Шлейфы;Кабель Hama USB3.0 A-->B (5м) <39673>;;n119467;119967.78;1005;20;1
Шлейфы;Кабель Hama USB3.0 A-->B (3м) <39672>;;n119466;105618.87;1005;20;1
Шлейфы;Кабель USB3.0 <A-->B> 5м;;n104391;59983.716;1005;20;1
Шлейфы;Кабель USB3.0 <A-->B> 3м;;n104390;51645.114;1005;20;1
Шлейфы;Кабель USB3.0 A-->B (1.8м);;n102133;37209.639;1005;20;1
Шлейфы;Кабель Defender USB3.0 A-->B (1.8м) 2 фильтра <87446>;;n119947;48775.419;1005;20;1
Шлейфы;Кабель Defender USB2.0 A-->B (3м) 2 фильтра <USB04-10 PRO>;;n57200;42320.976;1005;20;1
Шлейфы;Кабель Defender USB2.0 A-->B (1.8м) <USB04-06>;;n69598;19904.382;1005;20;1
Шлейфы;Кабель Defender USB2.0-repeater. удлинительный активный <A-->A> 4.8м <USL111>;;n92134;126150.87;1005;20;1
Шлейфы;Кабель Defender удлинительный USB3.0 A-->A (1.8м) 2 фильтра <87445>;;n119946;55770.915;1005;20;1
Шлейфы;Кабель Defender удлинительный USB2.0 A-->A (1.8м) 2 фильтра <USB02-06 PRO/2>;;n59789;37209.639;1005;20;1
Шлейфы;Кабель Defender удлинительный USB2.0 A-->A (1.8м) <USB02-06(-2)>;;n70522;22059.024;1005;20;1
Шлейфы;Кабель Hama USB2.0 A-->B (3м) <46772>;;n60887;93966.09;1005;20;1
Шлейфы;Кабель Hama USB2.0 A-->B (5м) <45023>;;n60885;59983.716;1005;20;1
Шлейфы;Кабель Hama USB2.0 A-->B (1.8м) <46778>;;n62894;44562.618;1005;20;1
Шлейфы;Кабель Hama USB2.0 A-->B (1.5м) <53717>;;n98387;31112.679;1005;20;1
Шлейфы;Кабель Hama USB2.0 A-->B (1.8м) <45021>;;n60883;36311.016;1005;20;1
Шлейфы;Кабель Hama USB2.0 AM-->mini-B 5P (3м) <41534>;;n62892;79530.528;1005;20;1
Шлейфы;Кабель Hama USB2.0 AM-->mini-B 5P (1.8м) <41533>;;n62891;65095.053;1005;20;1
Шлейфы;Кабель Hama удлинительный USB3.0 A-->A (1.8м) <39674>;;n104376;109386.84;1005;20;1
Шлейфы;Кабель VCOM USB2.0 A-->B (5м);;n119871;19276.329;1005;20;1
Шлейфы;Кабель VCOM USB2.0 A-->B (3м);;n119870;16677.204;1005;20;1
Шлейфы;Кабель VCOM USB2.0 A-->B (1.8м);;n119869;12193.833;1005;20;1
Шлейфы;Кабель SVEN USB3.0 A-->B (1.8м) <00461>;;n132767;42320.976;1005;20;1
Шлейфы;Кабель SVEN USB2.0 A-->B (3м) 2 фильтра <00459>;;n119610;22774.077;1005;20;1
Шлейфы;Кабель SVEN USB2.0 A-->B (1.8м) 2 фильтра <00458>;;n119611;20889.918;1005;20;1
Шлейфы;Кабель SVEN USB2.0 A-->B (5м) <00462>;;n119612;21788.541;1005;20;1
Шлейфы;Кабель SVEN USB2.0 A-->B (3м) <00455>;;n119613;16406.634;1005;20;1
Шлейфы;Кабель SVEN USB2.0 A-->B (1.8м) <00454>;;n119614;14077.992;1005;20;1
Шлейфы;Кабель SVEN удлинительный USB2.0 <A-->A> 5м <00463>;;n119615;21788.541;1005;20;1
Шлейфы;Кабель SVEN удлинительный USB2.0 <A-->A> 3м <00457>;;n119616;17933.223;1005;20;1
Шлейфы;Кабель SVEN удлинительный USB2.0 <A-->A> 1.8м <00456>;;n119617;14706.045;1005;20;1
Шлейфы;Кабель SVEN USB2.0 AM-->mini-B 5P (1.8м) <00453>;;n132764;14706.045;1005;20;1
Шлейфы;Кабель SVEN USB2.0 AM-->micro-B (1.8м) <00460>;;n132763;14706.045;1005;20;1
Шлейфы;Кабель Hama USB3.0 A-->micro-B (1.8м) <39682>;;n119470;110643.12;1005;20;1
Шлейфы;Кабель Belsis USB2.0 AM-->micro-B (1.8м) 1 фильтр <BW1431>;;n85893;59983.716;1005;20;1
Шлейфы;Кабель Belsis USB2.0 AM--> mini-B 5P (3м) 1 фильтр <BW1421>;;n124025;35238.48;1005;20;1
Шлейфы;Кабель Belsis USB2.0 AM-->mini-B 5P (1.8м) 1 фильтр <BW1420>;;n85892;26001.342;1005;20;1
Шлейфы;Кабель Belsis USB2.0 AF--> mini-B 5P (0.5м) <BW1422>;;n138991;52901.22;1005;20;1
Шлейфы;Кабель Belsis USB2.0 A-->B (3м) 1 фильтр <BW1412>;;n85890;31112.679;1005;20;1
Шлейфы;Кабель Belsis USB2.0 A-->B (1.8м) 1 фильтр <BW1411>;;n90603;30214.143;1005;20;1
Шлейфы;Кабель Belsis USB2.0 A-->A (1.8м) 1 фильтр <BW1403>;;n124024;21788.541;1005;20;1
Шлейфы;Кабель Belsis USB2.0 A-->A (3м) 1 фильтр <BW1404>;;n124028;30214.143;1005;20;1
Шлейфы;Кабель Belsis удлинительный USB2.0 <A-->A> 3.0м. 1 фильтр <BW1402>;;n85888;29141.52;1005;20;1
Шлейфы;Кабель Belsis удлинительный USB2.0 <A-->A>1.5м. 1 фильтр <BW1400>;;n85887;19904.382;1005;20;1
Шлейфы;Кабель VCOM USB2.0 AM-->micro-B (1.8м);;n119872;21160.488;1005;20;1
Шлейфы;Кабель VCOM USB2.0 AM-->micro-B (1.5м);;n119873;15778.581;1005;20;1
Шлейфы;Кабель VCOM удлинительный USB2.0 <A-->A> (5м);;n119874;19276.329;1005;20;1
Шлейфы;Кабель VCOM удлинительный USB2.0 <A-->A> (3м);;n119875;17662.74;1005;20;1
Шлейфы;Кабель VCOM удлинительный USB2.0 <A-->A> (1.8м);;n119876;15334.098;1005;20;1
Шлейфы;Кабель Telecom USB2.0 A-->B (5м);;n125269;19005.846;1005;20;1
Шлейфы;Кабель Telecom USB2.0 A-->B (1.8м);;n116292;13807.422;1005;20;1
Шлейфы;Кабель Telecom удлинительный USB2.0 <A-->A> 5м;;n108944;17933.223;1005;20;1
Шлейфы;Кабель Telecom удлинительный USB2.0 <A-->A> 3.0м;;n108826;16049.151;1005;20;1
Шлейфы;Кабель Telecom удлинительный USB2.0 <A-->A> 1.8м;;n106540;16677.204;1005;20;1
Шлейфы;Кабель Telecom USB2.0 AM-->mini-B 5P  (3м);;n132091;10580.244;1005;20;1
Шлейфы;Кабель Telecom USB2.0 AM-->mini-B 5P  (1.8м);;n109389;10309.7175;1005;20;1
Шлейфы;Кабель Telecom USB2.0 AM-->mini-B 5P  (1м);;n108937;8696.1024;1005;20;1
Шлейфы;TRENDnet <TU3-С10> кабель USB3.0 3 м;;n101891;155562.96;1005;20;1
Шлейфы;TRENDnet <TU2-DU5> USB2.0 Docking Cable (AF<-->AM);;n94443;83385.846;1005;20;1
Шлейфы;TRENDnet <TU2-EX12> Кабель USB2.0-repeater. удлинительный активный <A-->A> 12м;;n121076;240021.69;1005;20;1
Шлейфы;TRENDnet <TU2-EX5> Кабель USB2.0-repeater. удлинительный активный <A-->A> 5м;;n61920;180308.37;1005;20;1
Шлейфы;TRENDnet <TU2-PMLINK> Кабель-адаптер USB для связи 2-х компьютеров (PC <-->PC. PC <--> Mac. Mac <--> Mac);;n97756;310856.22;1005;20;1
Шлейфы;TRENDnet <TU2-PCLINK> Кабель-адаптер USB для связи 2-х компьютеров (PC <--> PC);;n97757;255084.87;1005;20;1
Шлейфы;Кабель VCOM удлинительный активный USB2.0 <A-->A> 5м;;n120334;117725.79;1005;20;1
Шлейфы;Кабель удлинительный Aopen USB2.0 A-->A ( 3м ) <ACU202-3TG>;;n145738;17933.223;1005;20;1
Шлейфы;Кабель удлинительный Aopen USB2.0 A-->A ( 1.8м ) <ACU202-1.8TG>;;n145737;15063.528;1005;20;1
Шлейфы;Кабель удлинительный USB3.0 <A-->A> 5м;;n104389;56843.451;1005;20;1
Шлейфы;Кабель удлинительный USB3.0 <A-->A> 3м;;n104388;39451.281;1005;20;1
Шлейфы;Кабель удлинительный USB3.0 <A-->A> 1.8м;;n104387;32098.215;1005;20;1
Шлейфы;Кабель Aopen USB2.0 A-->B ( 3м ) <ACU201-3TG>;;n145736;17662.74;1005;20;1
Шлейфы;Кабель USB2.0 A-->B ( 4.5-5м );;n15742;17034.687;1005;20;1
Шлейфы;Кабель USB2.0 A-->B ( 3м ) 2 фильтра;;n138477;19904.382;1005;20;1
Шлейфы;Кабель USB2.0 A-->B ( 3м );;n15741;13179.456;1005;20;1
Шлейфы;Кабель USB2.0 A-->B (1.8м) 2 фильтра;;n64996;17662.74;1005;20;1
Шлейфы;Кабель USB2.0 A-->B (1.8м);;n11046;10580.244;1005;20;1
Шлейфы;Кабель USB2.0 AM-->mini-B 5P  (1м);;n21799;10309.7175;1005;20;1
Шлейфы;Кабель USB2.0 AF --> mini-B 5P (1м);;n125015;24387.666;1005;20;1
Шлейфы;Кабель USB2.0 AM--> micro-B retractable;;n132618;25286.289;1005;20;1
Шлейфы;Кабель USB2.0 AM-->micro-B (1.8м);;n92542;15063.528;1005;20;1
Шлейфы;Кабель USB2.0 AM--> micro-B (1м);;n125974;12551.403;1005;20;1
Шлейфы;Кабель USB2.0 AF --> micro-B (1м);;n125014;24387.666;1005;20;1
Шлейфы;Кабель USB AM-->mini-B 5P (1м) спиральный;;n136062;34339.857;1005;20;1
Шлейфы;Кабель USB AM-->micro-B (1м) спиральный;;n136063;34339.857;1005;20;1
Шлейфы;Кабель удлинительный активный USB2.0 <A-->A> 5м;;n98306;102391.605;1005;20;1
Шлейфы;Кабель удлинительный USB2.0 <A-->A> 4.5-5м;;n23711;14706.045;1005;20;1
Шлейфы;Кабель удлинительный USB2.0 <A-->A> 3м 2 фильтра;;n138476;17662.74;1005;20;1
Шлейфы;Кабель удлинительный USB2.0 <A-->A> 3м;;n23710;15778.581;1005;20;1
Шлейфы;Кабель удлинительный USB2.0 <A-->A> 1.8м 2 фильтра;;n120072;18561.276;1005;20;1
Шлейфы;Кабель удлинительный USB2.0 <A-->A> 1.8м;;n21175;14706.045;1005;20;1
Шлейфы;Кабель VCOM Display Port 1.8м;;n119885;102391.605;1005;20;1
Шлейфы;Кабель Display Port 5м;;n84110;102391.605;1005;20;1
Шлейфы;Кабель Display Port 3м;;n84109;77646.456;1005;20;1
Шлейфы;Кабель AOpen Display Port 1.8м <ACG591-1.8м>;;n141917;56843.451;1005;20;1
Шлейфы;Кабель AOpen HDMI to HDMI (19M -19M) 5м. ver1.4 <ACG511W-5м>;;n141915;73433.655;1005;20;1
Шлейфы;Кабель AOpen HDMI to HDMI (19M -19M) 10м. ver1.4 <ACG511W-10м>;;n141914;131175.99;1005;20;1
Шлейфы;Кабель AOpen HDMI to HDMI (19M -19M) 20м. 2 фильтра. ver1.4 <ACG511D-20м>;;n141913;485067.63;1005;20;1
Шлейфы;Кабель AOpen HDMI to HDMI (19M -19M) 15м. 2 фильтра. ver1.4 <AC G511D-15м>;;n141912;340712.88;1005;20;1
Шлейфы;Кабель AOpen HDMI to HDMI (19M -19M) 15м. ver1.4 <ACG511-15м>;;n141911;328161.39;1005;20;1
Шлейфы;Кабель AOpen HDMI to HDMI (19M -19M) 1.8м. ver1.4. Г-образный коннектор <ACG503R-1.8м>;;n140310;71279.013;1005;20;1
Шлейфы;Кабель AOpen HDMI to HDMI (19M -19M) 5м. ver1.4. Г-образный коннектор <ACG503R-5м>;;n140312;107503.29;1005;20;1
Шлейфы;Кабель AOpen HDMI to HDMI (19M -19M) 1.8м. ver1.4 <ACG511-1.8м>;;n140313;46533.777;1005;20;1
Шлейфы;Кабель AOpen HDMI to HDMI (19M -19M) 10м. ver1.4 <ACG511-10м>;;n140314;130277.28;1005;20;1
Шлейфы;Кабель AOpen HDMI to HDMI (19M -19M) 1м. ver1.4 <ACG511-1м>;;n140315;39451.281;1005;20;1
Шлейфы;Кабель AOpen HDMI to HDMI (19M -19M) 20м. ver1.4 <ACG511-20м>;;n140316;474845.13;1005;20;1
Шлейфы;Кабель AOpen HDMI to HDMI (19M -19M) 3м. ver1.4 <ACG511-3м>;;n140317;59983.716;1005;20;1
Шлейфы;Кабель AOpen HDMI to HDMI (19M -19M) 5м. ver1.4 <ACG511-5м>;;n140318;76303.35;1005;20;1
Шлейфы;Кабель AOpen HDMI to HDMI (19M -19M) 1.8м. 2 фильтра. ver1.4 <ACG511D-1.8м>;;n140319;48775.419;1005;20;1
Шлейфы;Кабель AOpen HDMI to HDMI (19M -19M) 10м. 2 фильтра. ver1.4 <ACG511D-10м>;;n140320;131175.99;1005;20;1
Шлейфы;Кабель AOpen HDMI to HDMI (19M -19M) 3м. 2 фильтра. ver1.4 <ACG511D-3м>;;n140321;66080.589;1005;20;1
Шлейфы;Кабель AOpen HDMI to HDMI (19M -19M) 5м. 2 фильтра. ver1.4 <ACG511D-5м>;;n140322;79530.528;1005;20;1
Шлейфы;Кабель AOpen HDMI to HDMI (19M -19M) 1.8м. ver1.4 <ACG511W-1.8м>;;n140323;46533.777;1005;20;1
Шлейфы;Кабель AOpen HDMI to HDMI (19M -19M) 1м. ver1.4 <ACG511W-1м>;;n140324;39451.281;1005;20;1
Шлейфы;Кабель AOpen HDMI to HDMI (19M -19M) 3м. ver1.4 <ACG511W-3м>;;n140325;59983.716;1005;20;1
Шлейфы;Кабель AOpen HDMI to HDMI (19M -19M) 1.8м. ver1.4 <ACG532-1.8м>;;n140326;67423.695;1005;20;1
Шлейфы;Кабель AOpen HDMI to HDMI (19M -19M) 10м. ver1.4 <ACG532-10м>;;n140327;185777.19;1005;20;1
Шлейфы;Кабель AOpen HDMI to HDMI (19M -19M) 15м. ver1.4 <ACG532-15м>;;n140328;354250.08;1005;20;1
Шлейфы;Кабель AOpen HDMI to HDMI (19M -19M) 20м. ver1.4 <ACG532-20м>;;n140329;492507.87;1005;20;1
Шлейфы;Кабель AOpen HDMI to HDMI (19M -19M) 3м. ver1.4 <ACG532-3м>;;n140330;80516.151;1005;20;1
Шлейфы;Кабель AOpen HDMI to HDMI (19M -19M) 5м. ver1.4 <ACG532-5м>;;n140331;107503.29;1005;20;1
Шлейфы;Кабель AOpen HDMI to HDMI (19M -19M) 10м. 2 фильтра. ver1.4 <ACG532D-10м>;;n140333;193130.43;1005;20;1
Шлейфы;Кабель AOpen HDMI to HDMI (19M -19M) 3м. 2 фильтра. ver1.4 <ACG532D-3м>;;n140336;84728.952;1005;20;1
Шлейфы;Кабель AOpen HDMI to HDMI (19M -19M) 5м. 2 фильтра. ver1.4 <ACG532D-5м>;;n140337;107503.29;1005;20;1
Шлейфы;Кабель AOpen HDMI to HDMI (19M -19M) 1.8м. ver1.4. плоский <ACG541-1.8м>;;n140338;71279.013;1005;20;1
Шлейфы;Кабель AOpen HDMI to HDMI (19M -19M) 3м. ver1.4. плоский <ACG541-3м>;;n140339;89840.289;1005;20;1
Шлейфы;Кабель AOpen HDMI to HDMI (19M -19M) 5м. ver1.4. плоский <ACG541-5м>;;n140340;107503.29;1005;20;1
Шлейфы;Кабель AOpen HDMI to micro HDMI (19M -19M) 1.8м. ver1.4 <ACG588-1.8м>;;n140343;80516.151;1005;20;1
Шлейфы;Кабель AOpen HDMI to micro HDMI (19M -19M) 1м. ver1.4 <ACG588-1м>;;n140344;74506.191;1005;20;1
Шлейфы;Кабель Defender HDMI to HDMI (19M -19M) 10м <HDMI-33PRO>;;n89175;185777.19;1005;20;1
Шлейфы;Кабель Defender HDMI to HDMI (19M -19M) 3м <HDMI-10PRO>;;n76557;71279.013;1005;20;1
Шлейфы;Кабель Defender HDMI to HDMI (19M -19M) 1.8м <HDMI-06PRO>;;n82676;59983.716;1005;20;1
Шлейфы;Кабель Defender HDMI to HDMI (19M -19M) 3м <HDMI-10>;;n100477;44562.618;1005;20;1
Шлейфы;Кабель Defender HDMI to HDMI (19M -19M) 1.8м <HDMI-06>;;n100476;39451.281;1005;20;1
Шлейфы;Кабель SVEN HDMI to HDMI (19M -19M) 2.5м. High Speed <00547>;;n143454;44562.618;1005;20;1
Шлейфы;Кабель SVEN HDMI to HDMI (19M -19M) 1.5м. High Speed <00546>;;n143455;36311.016;1005;20;1
Шлейфы;Кабель SVEN HDMI to HDMI (19M -19M) 0.75м. High Speed <00545>;;n143456;30214.143;1005;20;1
Шлейфы;Кабель SVEN HDMI to HDMI (19M -19M) 3м. плоский. High Speed with Ethernet <00474>;;n132557;96294.732;1005;20;1
Шлейфы;Кабель SVEN HDMI to HDMI (19M -19M) 5м. плоский. High Speed <00136>;;n124096;95038.626;1005;20;1
Шлейфы;Кабель SVEN HDMI to HDMI (19M -19M) 1.8м. плоский. ver1.3b;;n95107;66080.589;1005;20;1
Шлейфы;Кабель SVEN HDMI to HDMI (19M -19M) 5м. 1 фильтр. High Speed <00140>;;n132759;104275.59;1005;20;1
Шлейфы;Кабель SVEN HDMI to HDMI (19M -19M) 3м. 1 фильтр. High Speed <00139>;;n132758;75404.727;1005;20;1
Шлейфы;Кабель SVEN HDMI to HDMI (19M -19M) 1.8м. 1 фильтр. High Speed <00138>;;n132757;70206.39;1005;20;1
Шлейфы;Кабель SVEN HDMI to HDMI (19M -19M) 1м. 1 фильтр. High Speed <00137>;;n132756;36311.016;1005;20;1
Шлейфы;Кабель SVEN HDMI to HDMI (19M -19M) 1м. 1 фильтр. ver1.3b. Rotate (поворачивающийся на 180 градусов разъём);;n132755;49673.955;1005;20;1
Шлейфы;Кабель SVEN HDMI to mini HDMI (19M -19M) 1.8м <00470>;;n132762;69307.854;1005;20;1
Шлейфы;Кабель SVEN HDMI to DVI-D Dual Link (19M -25M) 3м. 2 фильтра <00472>;;n132761;98178.891;1005;20;1
Шлейфы;Кабель SVEN HDMI to DVI-D Dual Link (19M -25M) 1.8м. 2 фильтра <00471>;;n132760;80516.151;1005;20;1
Шлейфы;Кабель Kreolz HDMI to HDMI (19M -19M) 1.8м. 2 фильтра<CHH18>;;n94005;72535.032;1005;20;1
Шлейфы;Кабель Kreolz HDMI to HDMI (19M -19M) 3м. 2 фильтра<CHH30>;;n94004;91096.395;1005;20;1
Шлейфы;Кабель Kreolz HDMI to HDMI (19M -19M) 5м. 2 фильтра<CHH50>;;n125723;133146.54;1005;20;1
Шлейфы;Кабель KREOLZ HDMI to DVI-D Dual Link (19M -25M) 5м. 2 фильтра <CDH50>;;n124629;132160.83;1005;20;1
Шлейфы;Кабель Orient HDMI to HDMI (19M -19M). 10м 2 фильтра <HH1310>;;n116368;187033.47;1005;20;1
Шлейфы;Кабель Orient HDMI to HDMI (19M -19M) 1.8м <R3018> ver1.3;;n91678;71279.013;1005;20;1
Шлейфы;Кабель Orient HDMI to HDMI (19M -19M). 1.8м <HH1418>;;n116367;71279.013;1005;20;1
Шлейфы;Кабель Belsis HDMI to HDMI (19M -19M) 5м. 2 фильтра<BW1458> High Speed with Ethernet;;n85897;202454.22;1005;20;1
Шлейфы;Кабель Belsis HDMI to HDMI (19M -19M) 3м. 2 фильтра<BW1457> High Speed with Ethernet;;n86262;166143.9;1005;20;1
Шлейфы;Кабель Belsis HDMI to HDMI (19M -19M) 2м. 2 фильтра <BW1456> ver1.3с;;n85896;131175.99;1005;20;1
Шлейфы;Кабель Belsis HDMI to HDMI (19M -19M) 1м. 2 фильтра <BW1455> High Speed with Ethernet;;n124027;122924.04;1005;20;1
Шлейфы;Кабель Sparks HDMI to HDMI (19M -19M) 1.8м <SN1040>;;n99354;85714.488;1005;20;1
Шлейфы;Кабель Sparks HDMI to mini HDMI (19M -19M) 1.8м <SN1043>;;n99356;119967.78;1005;20;1
Шлейфы;Кабель Sparks HDMI to micro HDMI (19M -19M) 1.8м. 2 фильтра <SN1048>;;n138990;127049.58;1005;20;1
Шлейфы;Кабель HDMI to HDMI (19M -19M). 5м. плоский;;n84531;64196.517;1005;20;1
Шлейфы;Кабель HDMI to HDMI (19M -19M). 3м. плоский;;n84532;46533.777;1005;20;1
Шлейфы;Кабель HDMI to HDMI (19M -19M). 1.8/2м. плоский;;n84533;37209.639;1005;20;1
Шлейфы;Кабель HDMI to HDMI (19M -19M) 15м. 2 фильтра;;n86222;268535.07;1005;20;1
Шлейфы;Кабель HDMI to HDMI (19M -19M) 10м. 2 фильтра;;n86223;130277.28;1005;20;1
Шлейфы;Кабель HDMI to HDMI (19M -19M) 3м. 2 фильтра;;n84529;50746.578;1005;20;1
Шлейфы;Кабель HDMI to HDMI (19M -19M). 3м;;n42288;44562.618;1005;20;1
Шлейфы;Кабель HDMI to HDMI (19M -19M) 1.8м/2м. 2 фильтра;;n68408;40436.817;1005;20;1
Шлейфы;Кабель HDMI to HDMI (19M -19M). 1.8/2м;;n45987;32098.215;1005;20;1
Шлейфы;Кабель KREOLZ HDMI to micro HDMI (19M -19M) 1.5м <CHMH15> ver1.3;;n124630;79530.528;1005;20;1
Шлейфы;Кабель HDMI to micro HDMI (19M -19M) 1.8/2м;;n138761;67423.695;1005;20;1
Шлейфы;Кабель HDMI to mini HDMI (19M -19M). 1.8/2м;;n109107;40436.817;1005;20;1
Шлейфы;Кабель VCOM mini HDMI to mini HDMI (19M -19M) 5м;;n119868;107503.29;1005;20;1
Шлейфы;Кабель VCOM mini HDMI to mini HDMI (19M -19M) 3м;;n119867;91096.395;1005;20;1
Шлейфы;Кабель VCOM mini HDMI to mini HDMI (19M -19M) 1.8м;;n119866;76303.35;1005;20;1
Шлейфы;Кабель VCOM HDMI to HDMI (19M -19M) 5м. Г-образный коннектор;;n119865;100062.963;1005;20;1
Шлейфы;Кабель VCOM HDMI to HDMI (19M -19M) 1.8м. ver1.4. плоский;;n137904;60969.252;1005;20;1
Шлейфы;Кабель VCOM HDMI to HDMI (19M -19M) 3м. ver1.4V. плоский;;n133035;77646.456;1005;20;1
Шлейфы;Кабель VCOM HDMI to HDMI (19M -19M) 5м. ver1.4. плоский;;n133036;102391.605;1005;20;1
Шлейфы;Кабель VCOM HDMI to HDMI (19M -19M) 5м. плоский;;n119862;87956.13;1005;20;1
Шлейфы;Кабель VCOM HDMI to HDMI (19M -19M) 1.8м;;n119584;58099.557;1005;20;1
Шлейфы;Кабель VCOM HDMI to HDMI (19M -19M) 3м;;n119585;66080.589;1005;20;1
Шлейфы;Кабель VCOM HDMI to HDMI (19M -19M) 5м;;n119586;86883.594;1005;20;1
Шлейфы;Кабель VCOM HDMI to HDMI (19M -19M) 15м;;n119588;308701.23;1005;20;1
Шлейфы;Кабель VCOM HDMI to HDMI (19M -19M) 20м;;n119589;451085.43;1005;20;1
Шлейфы;Кабель VCOM HDMI to HDMI (19M -19M) 5м. 2 фильтра;;n119592;89840.289;1005;20;1
Шлейфы;Кабель VCOM HDMI to HDMI (19M -19M) 15м. 2 фильтра;;n119594;309599.94;1005;20;1
Шлейфы;Кабель VCOM HDMI to HDMI (19M -19M) 20м. 2 фильтра;;n119595;437635.23;1005;20;1
Шлейфы;Кабель VCOM HDMI to HDMI (19M -19M) 1.8м. ver1.4;;n119596;68322.231;1005;20;1
Шлейфы;Кабель VCOM HDMI to HDMI (19M -19M) 3м. ver1.4;;n119597;79530.528;1005;20;1
Шлейфы;Кабель VCOM HDMI to HDMI (19M -19M) 5м. ver1.4;;n119598;102391.605;1005;20;1
Шлейфы;Кабель VCOM HDMI to HDMI (19M -19M) 10м. ver1.4;;n119599;135388.53;1005;20;1
Шлейфы;Кабель VCOM HDMI to HDMI (19M -19M) 15м. ver1.4;;n137902;339814.17;1005;20;1
Шлейфы;Кабель VCOM HDMI to HDMI (19M -19M) 20м. ver1.4;;n137903;476816.55;1005;20;1
Шлейфы;Кабель VCOM HDMI to HDMI (19M -19M) 1.8м. 2 фильтра. ver1.4;;n119600;71279.013;1005;20;1
Шлейфы;Кабель VCOM HDMI to HDMI (19M -19M) 10м. 2 фильтра. ver1.4;;n119603;144712.32;1005;20;1
Шлейфы;Кабель VCOM HDMI to HDMI (19M -19M) 3м. ver1.4. Г-образный коннектор;;n133033;89840.289;1005;20;1
Шлейфы;Кабель VCOM HDMI to HDMI (19M -19M) 5м. ver1.4. Г-образный коннектор;;n133034;105618.87;1005;20;1
Шлейфы;Кабель Telecom HDMI to HDMI (19M -19M) ver.1.4 5м. плоский;;n137907;106517.58;1005;20;1
Шлейфы;Кабель Telecom HDMI to HDMI (19M -19M) ver.1.4 3м. плоский;;n137906;81859.17;1005;20;1
Шлейфы;Кабель Telecom HDMI to HDMI (19M -19M) ver.1.4 1.8м. плоский;;n137905;59983.716;1005;20;1
Шлейфы;Кабель Telecom HDMI to HDMI (19M -19M) 5м. плоский;;n125273;88854.666;1005;20;1
Шлейфы;Кабель Telecom HDMI to HDMI (19M -19M) 3м. плоский;;n125272;76303.35;1005;20;1
Шлейфы;Кабель Telecom HDMI to HDMI (19M -19M) ver.1.4 20м;;n137946;437635.23;1005;20;1
Шлейфы;Кабель Telecom HDMI to HDMI (19M -19M) ver.1.4 15м;;n137944;310856.22;1005;20;1
Шлейфы;Кабель Telecom HDMI to HDMI (19M -19M) ver.1.4 10м. 2 фильтра;;n127119;133146.54;1005;20;1
Шлейфы;Кабель Telecom HDMI to HDMI (19M -19M) ver.1.4 10м;;n127120;133146.54;1005;20;1
Шлейфы;Кабель Telecom HDMI to HDMI (19M -19M) ver.1.4 7.5м. 2 фильтра;;n145853;93067.467;1005;20;1
Шлейфы;Кабель Telecom HDMI to HDMI (19M -19M) ver.1.4 7.5м;;n145854;91096.395;1005;20;1
Шлейфы;Кабель Telecom HDMI to HDMI (19M -19M) ver.1.4 5м. 2 фильтра;;n127118;73433.655;1005;20;1
Шлейфы;Кабель Telecom HDMI to HDMI (19M -19M) ver.1.4 5м;;n125270;63210.894;1005;20;1
Шлейфы;Кабель Telecom HDMI to HDMI (19M -19M) ver.1.4 3м. 2 фильтра;;n119761;51645.114;1005;20;1
Шлейфы;Кабель Telecom HDMI to HDMI (19M -19M) ver.1.4 3м;;n118559;55770.915;1005;20;1
Шлейфы;Кабель Telecom HDMI to HDMI (19M -19M) ver.1.4 1.8/2м. 2 фильтра;;n118558;52901.22;1005;20;1
Шлейфы;Кабель Telecom HDMI to HDMI (19M -19M) ver.1.4 1.8/2м;;n118557;46533.777;1005;20;1
Шлейфы;Кабель Telecom HDMI to HDMI (19M -19M) 20м. 2 фильтра;;n105868;448930.44;1005;20;1
Шлейфы;Кабель Telecom HDMI to HDMI (19M -19M) 20м;;n105867;430553.43;1005;20;1
Шлейфы;Кабель Telecom HDMI to HDMI (19M -19M) 15м. 2 фильтра;;n116430;306730.68;1005;20;1
Шлейфы;Кабель Telecom HDMI to HDMI (19M -19M) 15м;;n111675;313725.48;1005;20;1
Шлейфы;Кабель Telecom HDMI to HDMI (19M -19M) 10м. 2 фильтра;;n108528;112614.54;1005;20;1
Шлейфы;Кабель Telecom HDMI to HDMI (19M -19M) 10м;;n105866;133146.54;1005;20;1
Шлейфы;Кабель Telecom HDMI to HDMI (19M -19M) 7.5м;;n145856;71279.013;1005;20;1
Шлейфы;Кабель Telecom HDMI to HDMI (19M -19M) 5м. 2 фильтра;;n106539;60969.252;1005;20;1
Шлейфы;Кабель Telecom HDMI to HDMI (19M -19M) 5м;;n105865;68322.231;1005;20;1
Шлейфы;Кабель Telecom HDMI to HDMI (19M -19M) 3м. 2 фильтра;;n105987;52901.22;1005;20;1
Шлейфы;Кабель Telecom HDMI to HDMI (19M -19M) 1.8м/2м;;n105862;41422.353;1005;20;1
Шлейфы;Кабель Telecom HDMI to HDMI (19M -19M) 1м;;n111676;40436.817;1005;20;1
Шлейфы;Кабель удлинительный Telecom HDMI (19M -19F) 5м;;n125276;87956.13;1005;20;1
Шлейфы;Кабель удлинительный Telecom HDMI (19M -19F) 3м;;n125275;76303.35;1005;20;1
Шлейфы;Кабель удлинительный Telecom HDMI (19M -19F) 1.8м;;n125274;60969.252;1005;20;1
Шлейфы;Кабель Telecom HDMI to DVI-D Single Link (19M -19M) 10м. 2 фильтра;;n110309;116827.08;1005;20;1
Шлейфы;Кабель Telecom HDMI to DVI-D Single Link (19M -19M) 10м;;n110308;118711.5;1005;20;1
Шлейфы;Кабель Telecom HDMI to DVI-D Single Link (19M -19M) 5м. 2 фильтра;;n110307;79530.528;1005;20;1
Шлейфы;Кабель Telecom HDMI to DVI-D Single Link (19M -19M) 5м;;n110306;69307.854;1005;20;1
Шлейфы;Кабель Telecom HDMI to DVI-D Single Link (19M -19M) 3м;;n111677;60969.252;1005;20;1
Шлейфы;Кабель HDMI to DVI-D Dual Link (19M -25M) 10м. 2 фильтра;;n116443;134402.82;1005;20;1
Шлейфы;Кабель HDMI to DVI-D Dual Link (19M -25M) 5м. 2 фильтра;;n116442;60969.252;1005;20;1
Шлейфы;Кабель HDMI to DVI-D Dual Link (19M -25M) 1.8м/2м. 2 фильтра;;n116440;42320.976;1005;20;1
Шлейфы;Кабель HDMI to DVI-D Single Link (19M -19M) 5м. 2 фильтра;;n87333;67423.695;1005;20;1
Шлейфы;Кабель Kreolz HDMI to DVI-D Dual Link (19M -25M) 3м. 2 фильтра <CDH30>;;n94002;87956.13;1005;20;1
Шлейфы;Кабель Orient USB3.0 A-->micro-B (1.8м) <MU-318>;;n144130;63210.894;1005;20;1
Шлейфы;Кабель Orient удлинительный USB3.0 A-->A (1.8м) <SU-300>;;n144131;51645.114;1005;20;1
Шлейфы;Кабель удлинительный VCOM монитор - SVGA card (15M -15F) 5м 2 фильтра;;n119879;55770.915;1005;20;1
Шлейфы;Кабель удлинительный VCOM монитор - SVGA card (15M -15F) 3м 2 фильтра;;n119880;45548.154;1005;20;1
Шлейфы;Кабель удлинительный VCOM монитор - SVGA card (15M -15F) 1.8м 2 фильтра;;n119881;29856.573;1005;20;1
Шлейфы;Кабель удлинительный монитор - SVGA card (15M -15F) 15м 1 фильтр;;n134449;127049.58;1005;20;1
Шлейфы;Кабель удлинительный монитор - SVGA card (15 M -15 F) 4.5м-5м 2 фильтра;;n31191;46533.777;1005;20;1
Шлейфы;Кабель удлинительный монитор - SVGA card (15M -15F) 1.8м 2 фильтра;;n35724;21788.541;1005;20;1
Шлейфы;Кабель VCOM монитор - SVGA card DVI-D Dual Link (25M -25M) 3м 2фильтра <VDV6300>;;n119883;77646.456;1005;20;1
Шлейфы;Кабель монитор - SVGA card DVI-I Dual Link (29M -29M) 5м 2 фильтра;;n83535;132160.83;1005;20;1
Шлейфы;Кабель монитор - SVGA card DVI-I Dual Link (29M -29M) 3м 2 фильтра;;n86212;95038.626;1005;20;1
Шлейфы;Кабель монитор - SVGA card VGA - DVI-I (15M - 29M) 0.5м 2 фильтра;;n75957;100062.963;1005;20;1
Шлейфы;Кабель монитор - SVGA card DVI-D Dual Link (25M -25M) 5м 2 фильтра;;n101632;75404.727;1005;20;1
Шлейфы;Кабель монитор - SVGA card DVI-D Dual Link (25M -25M) 3м 2 фильтра;;n115268;68322.231;1005;20;1
Шлейфы;Кабель монитор - SVGA card DVI-D Dual Link (25M -25M) 1.8/2м 2 фильтра;;n32580;59983.716;1005;20;1
Шлейфы;Кабель монитор - SVGA card DVI-D Dual Link (25M -25M) 1.8/2м;;n72344;52901.22;1005;20;1
Шлейфы;Кабель монитор - SVGA card Defender (15M -15M) 6м <BB340M-20 PRO>;;n16458;89840.289;1005;20;1
Шлейфы;Кабель монитор - SVGA card Defender (15M -15M) 3.0м <BB340M-10 PRO>;;n11178;73433.655;1005;20;1
Шлейфы;Кабель монитор - SVGA card Defender (15M -15M) 1.8м <BB340M-06 PRO>;;n8603;58998.093;1005;20;1
Шлейфы;Кабель Telecom монитор - SVGA card (15M -15M) 50м 2 фильтра;;n127464;458168.1;1005;20;1
Шлейфы;Кабель Telecom монитор - SVGA card (15M -15M) 40м 2 фильтра;;n105985;328161.39;1005;20;1
Шлейфы;Кабель VCOM монитор - SVGA card (15M -15M) 50м 2 фильтра;;n122010;433422.69;1005;20;1
Шлейфы;Кабель VCOM монитор - SVGA card (15M -15M) 40м 2 фильтра;;n120460;326276.97;1005;20;1
Шлейфы;Кабель VCOM монитор - SVGA card (15M -15M) 30м 2 фильтра;;n119892;216890.13;1005;20;1
Шлейфы;Кабель VCOM монитор - SVGA card (15M -15M) 20м 2 фильтра;;n119891;134402.82;1005;20;1
Шлейфы;Кабель VCOM монитор - SVGA card (15M -15M) 10м 2 фильтра;;n119889;102391.605;1005;20;1
Шлейфы;Кабель VCOM монитор - SVGA card (15M -15M) 5м 2 фильтра;;n119888;59983.716;1005;20;1
Шлейфы;Кабель VCOM монитор - SVGA card (15M -15M) 3м 2 фильтра;;n119887;50746.578;1005;20;1
Шлейфы;Кабель VCOM монитор - SVGA card (15M -15M) 1.8м 2 фильтра;;n119886;26986.878;1005;20;1
Шлейфы;Кабель монитор - SVGA card (15M -15M) 30м 2 фильтра;;n89507;223972.8;1005;20;1
Шлейфы;Кабель монитор - SVGA card (15M -15M) 5-4.5м 2 фильтра;;n31328;59983.716;1005;20;1
Шлейфы;Кабель монитор - SVGA card (15M -15M) 3м 2 фильтра;;n14626;41422.353;1005;20;1
Шлейфы;Кабель монитор - SVGA card (15M -15M) 1.8м 2 фильтра;;n10336;34339.857;1005;20;1
Шлейфы;Кабель монитор - SVGA card Belsis (15M -15M) 5м. 2 фильтра <BW1473>;;n86261;98178.891;1005;20;1
Шлейфы;Кабель монитор - SVGA card Belsis (15M -15M)3м. 2 фильтра <BW1472>;;n86260;89840.289;1005;20;1
Шлейфы;Кабель монитор - SVGA card Belsis (15M -15M) 1.8м. 2 фильтра <BW1475>;;n86259;65095.053;1005;20;1
Шлейфы;Кабель Sparks монитор - SVGA card (15M -15M) 1.8м <SN1044>;;n99353;68322.231;1005;20;1
Шлейфы;Кабель монитор - компьютер (UPS -> устройство) 220V << 3м >>;;n5768;20532.435;1005;20;1
Шлейфы;Кабель монитор - компьютер (UPS -> устройство) 220V 1.8м;;n379;17662.74;1005;20;1
Шлейфы;Кабель VCOM компьютер - розетка 220V <3м> (Европейский стандарт);;n136867;18290.793;1005;20;1
Шлейфы;Кабель компьютер - розетка 220V <3м> (Европейский стандарт);;n46320;20261.952;1005;20;1
Шлейфы;Кабель компьютер - розетка 220V <1.8м> (Европейский стандарт);;n384;18290.793;1005;20;1
Шлейфы;Кабель компьютер - розетка 220V <1.2/1.5м> (Европейский стандарт);;n69884;8338.5846;1005;20;1
Шлейфы;Кабель Hama компьютер-розетка 220V 1.5м (Евро) <44219>;;n60882;73433.655;1005;20;1
Шлейфы;Кабель VCOM удлинительный 3м <PS/2>;;n121269;12551.403;1005;20;1
Шлейфы;Кабель VCOM удлинительный 1.8м <PS/2>;;n120335;9324.1467;1005;20;1
Шлейфы;Кабель Sparks антенный ТВ-М-->F-M (5м) <SN1078>;;n99379;36311.016;1005;20;1
Шлейфы;Кабель Sparks антенный ТВ-М-->ТВ-F (5м) <SN1073>;;n99377;32098.215;1005;20;1
Шлейфы;Кабель Sparks антенный ТВ-М-->ТВ-F (3м) <SN1072>;;n99376;29586.09;1005;20;1
Приятные мелочи;Нитрат-тестер SOEKS НУК-019-1 (экспресс-анализ содержания нитратов в овощах. фруктах);;n130811;1299562.5;1005;20;1
Приятные мелочи;Экотестер SOEKS (экспресс-анализ содержания нитратов +оценка уровня радиоактивного фона);;n130812;2016225;1005;20;1
Приятные мелочи;"Массажная накидка на кресло <MCX-2015R> пульт справа (питание 220V/авто.""прикуриватель""12V)";;n140205;878265;1005;20;1
Приятные мелочи;Orient <S200> USB Ракетница (25508);;n84656;309599.94;1005;20;1
Приятные мелочи;Orient <782-1> Ракеты для USB ракетниц. 3шт;;n84657;11478.78;1005;20;1
Приятные мелочи;Orient <VMM-04> Видео-записка;;n120741;412890.69;1005;20;1
Приятные мелочи;Orient <VMM-02> Видео-записка;;n116364;336587.34;1005;20;1
Приятные мелочи;Orient <VMM-01(N)> Видео-записка;;n113490;294266.19;1005;20;1
Приятные мелочи;Orient <WI-220> 4-port USB2.0 Hub + Подставка для мобильного телефона;;n109720;82757.793;1005;20;1
Приятные мелочи;Orient <LB-012> Портативная светодиодная лампа для подсветки книг (3xLR44);;n146005;55770.915;1005;20;1
Приятные мелочи;Orient <LB-011> USB Портативная светодиодная лампа для подсветки книг (2xCR2032);;n139396;78631.992;1005;20;1
Приятные мелочи;Orient <L-33H> 4-port USB Hub + USB Вентилятор настольный. повышенной мощности;;n83920;126150.87;1005;20;1
Приятные мелочи;Orient <F2030 Black> USB Вентилятор настольный (возможно питание от батарей 4xAAA);;n120022;141485.49;1005;20;1
Приятные мелочи;Orient <F2010> USB Вентилятор настольный на гибкой ножке;;n109064;66080.589;1005;20;1
Приятные мелочи;Orient <CM-07> Набор водонепроницаемых светодиодных свечей. 7 шт;;n120739;65095.053;1005;20;1
Приятные мелочи;Orient <CM-04> Набор водонепроницаемых светодиодных свечей. 4 шт;;n136108;81859.17;1005;20;1
Приятные мелочи;Orient <CM-03> Набор светодиодных свечей. 3 шт;;n120740;77646.456;1005;20;1
Приятные мелочи;Orient <L-3030> USB Настольная светодиодная лампа с лупой;;n112913;103289.88;1005;20;1
Приятные мелочи;Orient <L-3018B> USB Настольная светодиодная лампа на присоске;;n109065;71279.013;1005;20;1
Приятные мелочи;Orient <L-3016> фонарик на гибкой ножке с прищепкой и выключателем. питается от USB порта;;n112912;79530.528;1005;20;1
Приятные мелочи;Orient <L-3015> фонарик на гибкой ножке с прищепкой и выключателем. питается от USB порта;;n112911;77646.456;1005;20;1
Приятные мелочи;Orient <L-029> фонарик на гибкой ножке. с выключателем. питается от USB порта;;n88011;70206.39;1005;20;1
Приятные мелочи;Orient <ALL-1201> Автомобильный фонарик;;n115078;68322.231;1005;20;1
Приятные мелочи;Orient <NL-10> Неоновая лампа. USB;;n83914;55770.915;1005;20;1
Приятные мелочи;Orient <NL-01> Неоновая лампа. USB;;n83910;55770.915;1005;20;1
Приятные мелочи;"Orient <NY5184> Сувенир ""Снежок с подарком"" (7 цветов. USB)";;n125347;67423.695;1005;20;1
Приятные мелочи;Orient <MGS-01> USB Волшебный экран (голубая подсветка. возможно питаниеот батарей 3xAAA);;n142889;104275.59;1005;20;1
Приятные мелочи;"Orient <NY5183> Сувенир ""Весёлый снежок"" (USB) <28126>";;n109719;58998.093;1005;20;1
Приятные мелочи;"Orient <NY5181> Сувенир ""Морозко"" (USB) <28124>";;n109717;50746.578;1005;20;1
Приятные мелочи;Orient <NY5063> Бегущий снеговик USB (7 цветов);;n89990;58998.093;1005;20;1
Приятные мелочи;"Orient <341> Сувенир Елка ""Северное сияние"" (USB)";;n146002;146683.74;1005;20;1
Приятные мелочи;"Orient <340> Сувенир ""Хрустальная Ёлочка"" (USB)";;n145645;67423.695;1005;20;1
Приятные мелочи;"Orient <339> Сувенир ""Ледяная Ёлка"" (USB)";;n125346;81859.17;1005;20;1
Приятные мелочи;"Orient <303S> Сувенир ""Снежная Ёлочка"" (USB)";;n145644;69307.854;1005;20;1
Приятные мелочи;"Orient <303G> Сувенир ""Зелёная Ёлочка с музыкой"" (USB)";;n145643;77646.456;1005;20;1
Приятные мелочи;Orient <337M> Новогодняя Ёлка USB (мерцающая. музыкальная. возможно питание от батарей 3xAAA) <27978>;;n109386;93067.467;1005;20;1
Приятные мелочи;"Orient <NY5019G> Новогодняя гирлянда ""Разноцветные пёрышки"" (220В. 7.4м)";;n125542;203439.93;1005;20;1
Приятные мелочи;"Orient <NY5016G> Новогодняя гирлянда ""Сокровища гномов"" (220В. 7.4м) <28136>";;n109714;268535.07;1005;20;1
Приятные мелочи;"Orient <NY5015G> Новогодняя гирлянда ""Волшебные кисточки"" (220В. 7.4м) <28134>";;n109713;257955;1005;20;1
Приятные мелочи;Orient <KF-416> Брелок для поиска ключей/вещей (отзывается на свист хозяина. 1 LED);;n94201;50746.578;1005;20;1
Приятные мелочи;"Orient <NY6011> Сувенир ""Снеговик - Светофор"" (7 цветов. USB)";;n146004;58998.093;1005;20;1
Приятные мелочи;"Orient <NY6006> Сувенир ""Дед Всем Привет"" (7 цветов. USB)";;n125352;55770.915;1005;20;1
Приятные мелочи;"Orient <NY6005> Сувенир ""Дед Мороз"" (7 цветов. USB)";;n125351;54872.292;1005;20;1
Приятные мелочи;"Orient <NY6003> Сувенир ""Снеговик меломан"" (7 цветов. USB)";;n125350;61954.788;1005;20;1
Приятные мелочи;"Orient <NY6002> Сувенир ""Снеговичок зелёный колпачок"" (7 цветов. USB)";;n125349;65095.053;1005;20;1
Приятные мелочи;"Orient <NY6001> Держатель для фотографий/визиток ""Дед Мороз подарок на память"" (7 цветов. USB)";;n125348;65095.053;1005;20;1
Приятные мелочи;Orient <L-040T> фонарик на гибкой ножке. с сенсорным управлением. питается от USB порта;;n136854;77646.456;1005;20;1
Приятные мелочи;Orient <L-025> USB Сенсорная лампа;;n83916;160133.94;1005;20;1
Приятные мелочи;"Orient <TL-02D> Светильник ""Собачка"" (питание от батарей 3xLR726)";;n146006;35238.48;1005;20;1
Приятные мелочи;"Orient <TL-01P> Светильник ""Пирамидка"" (питание от батарей 3xAA)";;n144120;98178.891;1005;20;1
Приятные мелочи;"Orient <FD-200V> USB Светильник ""Светодиодный букет"" (возможно питание от батарей 3xAA)";;n144121;98178.891;1005;20;1
Приятные мелочи;"Orient <FD-200> USB Светильник ""Светодиодный букет"" (9 цветов. USB.возможно питание от батарей 3xAA)";;n133223;97193.268;1005;20;1
Приятные мелочи;Orient <PUL1020> Настольный светильник. питание от USB;;n142479;66080.589;1005;20;1
Приятные мелочи;CBR <CL 800ST> USB Настольная светодиодная лампа с выключателем;;n127075;67423.695;1005;20;1
Приятные мелочи;CBR <CL 600S> фонарик на гибкой ножке с абажуром и выключателем. питается от USB порта;;n127072;72535.032;1005;20;1
Приятные мелочи;CBR <CL 900S> фонарик на гибкой ножке с отражателем. питается от USB порта;;n127070;61954.788;1005;20;1
Приятные мелочи;"Orient <BL-02> USB Светильник ""Волшебные пузырьки""";;n133227;102391.605;1005;20;1
Приятные мелочи;Orient <LY-33B> USB Вентилятор настольный. повышенной мощности;;n136853;81859.17;1005;20;1
Приятные мелочи;Orient <LY-33A> USB Вентилятор настольный. повышенной мощности <19462>;;n78532;81859.17;1005;20;1
Приятные мелочи;Orient <UG011> USB перчатки с подогревом. шерсть;;n70439;146683.74;1005;20;1
Приятные мелочи;CW-1B Термоэлектрическая подставка для охлаждения/нагревания. USB;;n77946;206580.63;1005;20;1
Приятные мелочи;Orient <W1002D> 4-port USB2.0 Hub + Cup Warmer Pad+Кружка (Нагреватель для кружки) <22773>;;n66557;104275.59;1005;20;1
Приятные мелочи;Orient <W1002B> 4-port USB2.0 Hub + Cup Warmer Pad (Нагреватель для кружки) <22772>;;n66558;87956.13;1005;20;1
Приятные мелочи;Orient <W1002> USB Cafe Pad (Нагреватель для кружки) <18871>;;n35437;38195.175;1005;20;1
Приятные мелочи;KREOLZ <USS-01> USB Вентилятор настольный. лампа. органайзер;;n124635;80516.151;1005;20;1
Приятные мелочи;KREOLZ <USF-10> USB Вентилятор настольный. с регулятором скорости;;n124634;93966.09;1005;20;1
Приятные мелочи;KREOLZ <USF-02> USB Вентилятор настольный. в виде цветка;;n124633;53886.756;1005;20;1
Приятные мелочи;Kreolz 4-port USB2.0 Hub + Cup Warmer Pad+Кружка (Нагреватель для кружки);;n102237;105618.87;1005;20;1
Приятные мелочи;"Автономный детектор дыма <YCC1012> (сирена 85dB.""Крона"")";;n75587;53886.756;1005;20;1
Приятные мелочи;"Автономный детектор дыма <YCC1009> (сирена 85dB.""Крона"")";;n75588;52901.22;1005;20;1
Приятные мелочи;CBR FD368 Мини-пылесос USB;;n118065;67423.695;1005;20;1
Приятные мелочи;Orient <PUCL1001/V-01> Мини-пылесос Mini Vacuum USB;;n39115;51645.114;1005;20;1
Приятные мелочи;"Orient <PUPS1001> Mini USB Paper Shredder (A5. 2 листа. питание4x""AA""/USB) (23026)";;n70134;122924.04;1005;20;1
Приятные мелочи;Orient <TG-02> Брелок - цифровой манометр (LCD. питание 1xCR2032 + 2хAG13/LR44);;n125549;100062.963;1005;20;1
Приятные мелочи;Orient <TG-01> Брелок - цифровой манометр (LCD. питание 1xCR2032 + 2AG13/LR44);;n125548;80516.151;1005;20;1
Приятные мелочи;"Orient <FX-1> Набор фиксаторов для кабелей ""Зоопарк"" (4шт.)";;n144122;61954.788;1005;20;1
Приятные мелочи;Скотч прозрачный 75х57 уп-ка 4 шт (цена за 1 уп.);;n121281;71279.013;1005;20;1
Приятные мелочи;Скотч прозрачный 48х45 уп-ка 6 шт (цена за 1 уп.);;n83257;54872.292;1005;20;1
Метеостанции;Kreolz <CT-02> Часы-будильник с термометром;;n111707;113600.25;1005;20;1
Телескопы;"Телескоп Celestron PowerSeeker 70EQ <21037> (70мм рефрактор-ахромат. 700 мм. 1:10. 2 окуляра 1.25"". иск. 5x24. ПО)";;n125610;1505482.8;1005;20;1
Телескопы;Телескоп Celestron AstroMaster 70 AZ <21061> (70мм рефрактор-ахромат. 900 мм. 1:12.9. 2 окуляра. StarPointer. ПО);;n125609;1505482.8;1005;20;1
Телескопы;"Телескоп Celestron Travel Scope 50 <21038> (50мм рефрактор-ахромат. 360 мм. 1:7.2. 2 окуляра 1.25"". иск.. ПО)";;n125607;761792.88;1005;20;1
Телескопы;Телескоп Celestron NexStar 5SE с комп. нав. (125мм Шмидт-Кассегрен.330 мм.1:10.StarPointer.ПДУ);;n92201;12070554;1005;20;1
Телескопы;"Телескоп Celestron PowerSeeker 60EQ <21043> (60мм рефрактор.900 мм.1:15.2 окуляра 1.25"".иск. 5x24.ПО)";;n72885;1371172.2;1005;20;1
Телескопы;"Телескоп Celestron PowerSeeker 60 <21041> (60мм рефрактор.700 мм.1:12.2 окуляра 1.25"".иск. 5x24.ПО)";;n72910;887182.5;1005;20;1
Телескопы;"Телескоп Celestron PowerSeeker 50 TT AZ < 21009>(50мм рефрактор-ахромат.500 мм.1:10. 3 окуляра 1.25"".иск.5x24.ПО)";;n128616;571729.2;1005;20;1
Дистанционно управляемые игрушки;Модель Р/У <9112c> А/м Xeno-V 1:18 (Аккум. ЗУ. AAx2шт);;n141658;257056.29;1005;20;1
Дистанционно управляемые игрушки;Модель Р/У <2019> А/м Mini (Аккум. AAx6шт);;n141656;223972.8;1005;20;1
Дистанционно управляемые игрушки;"Модель Р/У <757-4WD05> А/м Crawler King 1:12 (Аккум. ЗУ. ""Крона"")";;n141655;370569.54;1005;20;1
Дистанционно управляемые игрушки;"Модель Р/У <FC081> А/м 1:16 (Аккум. ЗУ. ""Крона"". LCD ПДУ)";;n141654;536058.33;1005;20;1
Дистанционно управляемые игрушки;Модель Р/У <6001> А/м CT-Speedster 1:14 (Аккум. ЗУ. AAx4шт);;n141653;451653.54;1005;20;1
Дистанционно управляемые игрушки;"Модель Р/У <FC080> А/м 1:10 (Аккум. ЗУ. ""Крона"". LCD ПДУ)";;n141652;699098.94;1005;20;1
Дистанционно управляемые игрушки;Модель Р/У Himoto <HI2111 EAMBA XR-1> 1:10 (AAx4шт. Аккум. ЗУ);;n132547;1577362.2;1005;20;1
Дистанционно управляемые игрушки;Модель Р/У Himoto <E18SC> Tyronno Short Course 1:18 (AAx4шт. Аккум. ЗУ);;n132546;851511.63;1005;20;1
Дистанционно управляемые игрушки;Модель Р/У Himoto <HI4183 EXT-16 TRUGGY> 1:16 (AAx4шт. Аккум. ЗУ);;n132544;1021762.8;1005;20;1
Дистанционно управляемые игрушки;Модель Р/У Himoto <HI4186 EXM-16 TRUCK> 1:16 (AAx4шт. Аккум. ЗУ);;n132542;1057432.8;1005;20;1
Дистанционно управляемые игрушки;Модель Р/У Himoto <HI2101 EMXT-1> 1:10 (AAx4шт. Аккум. ЗУ);;n132541;1595197.2;1005;20;1
Дистанционно управляемые игрушки;Модель Р/У Himoto <HI3101 ZMOTOZ3> 1:10 (AAx4шт. Аккум. ЗУ);;n132538;1541422.5;1005;20;1
Дистанционно управляемые игрушки;Модель Р/У Himoto <HI718> Mini Drift Lightning Car 1:18 (AAx8шт. Аккум. ЗУ);;n132537;815570.19;1005;20;1
Дистанционно управляемые игрушки;Модель Р/У Himoto <HI4192 SCT-16> 1:16 (AAx4шт. Аккум. ЗУ);;n132536;1084455;1005;20;1
Дистанционно управляемые игрушки;Модель Р/У Himoto <HI4163 EDC-16> 1:16 (AAx4шт. Аккум. ЗУ);;n132535;994731.9;1005;20;1
Дистанционно управляемые игрушки;Модель Р/У Himoto <HI3178> MEGAE XT10 1:10 (AAx4шт. Аккум. ЗУ);;n132533;1693837.8;1005;20;1
Дистанционно управляемые игрушки;Модель Р/У HiMoto <HI1121> А/м Formula 1:10 (AAx8шт. Аккум. ЗУ);;n132532;1299562.5;1005;20;1
Дистанционно управляемые игрушки;Модель Р/У HiMoto <1058> А/м Short Course Truck 1:10 (AAx4шт. Аккум. ЗУ);;n132531;1595197.2;1005;20;1
Дистанционно управляемые игрушки;Модель Д/У <AS0916A>/ <777-178 Blue> Летающая рыба-акула (AAAx1шт. AAAx2шт);;n131036;344838.42;1005;20;1
Дистанционно управляемые игрушки;Модель Д/У <AS0916B>/ <777-178 Orange> Летающая рыба-клоун (AAAx1шт. AAAx2шт);;n130039;344838.42;1005;20;1
Дистанционно управляемые игрушки;Модель Р/У HSP <94081> А/м Nitro Advanced Buggy 1:8 (ДВС. 4xAA + 8xАА);;n123172;3217146.9;1005;20;1
Дистанционно управляемые игрушки;"Модель Р/У <W3818> А/м Rampage 1:12 (Аккум. ЗУ. ""Крона"")";;n120723;536058.33;1005;20;1
Дистанционно управляемые игрушки;Модель Р/У <866-1199> А/м HUMMER-2 (Аккум. ЗУ. AAx6шт);;n61132;672075;1005;20;1
Дистанционно управляемые игрушки;"Модель Р/У <2125-609-10> А/м Volkswagen 1:18 (Аккум. ЗУ. ""AAx2шт"")";;n66494;237423;1005;20;1
Дистанционно управляемые игрушки;"Модель Р/У <2125-605-10/NO.605> А/м MINI Cooper (Аккум. ЗУ. ""AAx2шт"")";;n66495;250872.33;1005;20;1
Дистанционно управляемые игрушки;Модель Р/У <2009> А/м MINI Car (Аккум. ЗУ. AAx6шт);;n95590;167215.74;1005;20;1
Дистанционно управляемые игрушки;Модель Р/У <2233> А/м Hurricane (Аккум. AAx4шт);;n47149;161119.65;1005;20;1
Дистанционно управляемые игрушки;"Модель Р/У <9297> Mini Monster 1:18 (AAx4шт. ""Крона"")";;n90583;147582.45;1005;20;1
Дистанционно управляемые игрушки;"Модель Р/У <3398> А/м Бетономешалка  (""Крона"". AAx4шт)";;n59063;250872.33;1005;20;1
Дистанционно управляемые игрушки;"Модель Р/У Автопогрузчик FORKLIFT (""Крона"". AAx4шт)";;n75814;188019.18;1005;20;1
Дистанционно управляемые игрушки;Модель Р/У <QY0105> Самосвал 1:20 ( (AAAx4шт. AAAx2шт);;n141662;202454.22;1005;20;1
Дистанционно управляемые игрушки;Модель Р/У <S032G> Вертолёт Syma (Аккум. ЗУ. AAx4шт);;n113713;517951.89;1005;20;1
Дистанционно управляемые игрушки;Модель Р/У <S108G> Вертолёт Syma (Аккум. ЗУ. AAx6шт);;n120727;410648.7;1005;20;1
Дистанционно управляемые игрушки;Модель Д/У <S107G> Вертолёт Syma (Аккум. AAx6шт);;n123209;408764.28;1005;20;1
Дистанционно управляемые игрушки;Модель Р/У <S109> Вертолёт Syma AH-64 Gyro System (Аккум. ЗУ. AAx6шт);;n120725;426427.02;1005;20;1
Дистанционно управляемые игрушки;Модель Р/У <YD-915> Вертолёт (Аккум. ЗУ. AAx4шт);;n115902;482281.02;1005;20;1
Дистанционно управляемые игрушки;Модель Р/У <W909-1> Вертолёт (AAx6шт. Аккум. ЗУ);;n101270;482281.02;1005;20;1
Дистанционно управляемые игрушки;Модель Р/У <5805> Самолёт P-47 Thunderbolt (Аккум. ЗУ. AAx8шт);;n120716;1245787.8;1005;20;1
Дистанционно управляемые игрушки;Модель Р/У <5862> Самолёт ME-109 Messerschmitt (Аккум. ЗУ. AAx8шт);;n120717;1299562.5;1005;20;1
Дистанционно управляемые игрушки;Модель Р/У <7801> Самолёт SU-27 Русские Витязи (Аккум. ЗУ. AAx8шт);;n120720;3459006.9;1005;20;1
Дистанционно управляемые игрушки;"Модель Р/У <HQ2011> Спортивный катер (Аккум. ЗУ. ""Крона"")";;n141665;552270.78;1005;20;1
Дистанционно управляемые игрушки;Модель Р/У <3362> Катер (Аккум. ЗУ. AAx3шт);;n141664;318924.6;1005;20;1
Дистанционно управляемые игрушки;"Модель Р/У <2875(F)> Катер 1:20 (Аккум. ЗУ. ""Крона"")";;n63549;398454.78;1005;20;1
Дистанционно управляемые игрушки;"Модель Р/У <HT-2877(F)> Катер Warship ( Аккум. ЗУ. ""Крона"")";;n50042;439877.22;1005;20;1
Дистанционно управляемые игрушки;"Модель Д/У <529> ""Танковый бой"" 2xТанк (Аккум. ЗУ. AAx2)";;n119169;536058.33;1005;20;1
Дистанционно управляемые игрушки;"Модель Р/У <3808> Танк 1:24 (Аккум. ЗУ. ""Крона"")";;n48477;654240;1005;20;1
Дистанционно управляемые игрушки;"Модель Р/У <2125/2126-508-10> ""Танковый бой"" 2xТанк 1:32 (Аккум. ЗУ. AAx2)";;n48865;473363.52;1005;20;1
Дистанционно управляемые игрушки;"Модель Р/У <3809> Танк Leopard II A5 1:24 (Аккум. ЗУ. ""Крона"")";;n43671;654240;1005;20;1
Дистанционно управляемые игрушки;"Модель Р/У <777-510> Вездеход (Аккум. ЗУ. ""Крона"")";;n130036;663157.5;1005;20;1
Дистанционно управляемые игрушки;"Модель Р/У <24886> Вездеход 1:10 (Аккум. ЗУ. ""Крона"")";;n130035;672075;1005;20;1
Дистанционно управляемые игрушки;"Модель Р/У <24883> Вездеход (Аккум. ЗУ. ""Крона"")";;n72794;473363.52;1005;20;1
Фонарики сигнализация и другие устройства;Фонарь Camelion Headlite <LED5312-14F4> (14 светодиодов. 3xAAA);;n64144;47519.313;1005;20;1
Фонарики сигнализация и другие устройства;Фонарь-брелок Camelion Mini <CM06> (Ударопрочный корпус. 1xAA в комплекте);;n46151;17933.223;1005;20;1
Фонарики сигнализация и другие устройства;Фонарь-брелок Camelion Mini <CM03> (Ударопрочный корпус. 1xAAA в комплекте);;n46150;17933.223;1005;20;1
Канцтовары;Camelion <KD319-Black> Светильник-прищепка настольный. 60W;;n42276;86883.594;1005;20;1
Канцтовары;Camelion <KD028C-Black> Светильник настольный. 20W;;n42273;168472.02;1005;20;1
Канцтовары;Camelion <KD017A-Silver> Светильник настольный. 11W;;n42272;165245.19;1005;20;1
Канцтовары;Camelion <KD001-Silver> Светильник настольный. 9W;;n42269;96294.732;1005;20;1
Канцтовары;K4201-10/03 Доска с верхним прижимом 35х23 см. (цена за 1шт. в уп-ке 1шт);;n11655;17034.687;1005;20;1
Канцтовары;41860/02 Маркер перманентный Big Mark синий. круглый (цена за 1шт. в уп-ке 10шт);;n20144;19005.846;1005;20;1
Канцтовары;41860/01 Маркер перманентный Big Mark чёрный. круглый (цена за 1шт. в уп-ке 10шт);;n20145;19005.846;1005;20;1
Канцтовары;41737/02 Маркер перманентный Big Mark синий. скошенный (цена за 1шт. в уп-ке 10шт);;n19539;19005.846;1005;20;1
Канцтовары;41737/01 Маркер перманентный Big Mark чёрный. скошенный (цена за 1шт. в уп-ке 10шт);;n19538;19005.846;1005;20;1
Канцтовары;3713    Нож канцелярский мощный. с 2-мя запасными лезвиями (цена за 1шт. в уп-ке 1шт);;n8285;19005.846;1005;20;1
Канцтовары;"K-55/50    Папка ""Корона"" 55 мм (цена за 1шт. в уп-ке 10шт)";;n3631;30842.109;1005;20;1
Канцтовары;013Bkan/2  Папка-вкладыш с перфорацией. ф.A4. 100шт (цена за 1шт. в уп-ке 10шт);;n3662;19005.846;1005;20;1
Канцтовары;Ручка шариковая Corvina. в прозрачном корпусе. синяя (цена за 1шт. в уп-ке 50шт);;n30731;6454.4517;1005;20;1
Канцтовары;Гелевая ручка Cello TOP. синяя (цена за 1шт. в уп-ке 50шт);;n144662;9324.1467;1005;20;1
Канцтовары;21007Y  Самоклеящийся блок 76.2*76.2 мм 100 л (цена за 1шт. вуп-ке 12шт);;n3809;7082.496;1005;20;1
Канцтовары;21005   Самокл. Блок 38х50 (100 л) жёлтый (цена за 1шт. в уп-ке 12шт);;n33404;3227.2215;1005;20;1
Канцтовары;Диспенсер с прозрачной лентой 19mm x 7.5m <6-1975D>;;n39838;29586.09;1005;20;1
Канцтовары;5870    Степлер N3(24/6) half strip (цена за 1шт. в уп-ке 1шт);;n3675;25286.289;1005;20;1
Канцтовары;0246    Скобы N3 (24/6) (цена за 1шт. в уп-ке 10шт);;n3673;7082.496;1005;20;1
Чистящие средства;VisibleDust EZ Sensor Cleaning Kit для влажной чистки сенсоров фотоаппаратов;;n140143;313725.48;1005;20;1
Чистящие средства;Lenspen SensorKlear Loupe Kit Набор для чистки матриц зеркальных камер;;n140142;609380.19;1005;20;1
Чистящие средства;EMTEC (BASF) 338838/EKNLINMULT  Влажные чистящие салфетки в пластиковой тубе (100шт);;n9797;45548.154;1005;20;1
Чистящие средства;EMTEC (BASF) 338837/EKNLINRECH  Влажные чистящие салфетки (100шт) запасной блок;;n10369;37209.639;1005;20;1
Чистящие средства;Hama <83732> Универсальная салфетка из микрофибры для LCD и плазменных экранов. 30х40 см. синяя;;n116299;63210.894;1005;20;1
Чистящие средства;Hama <44720> Универсальная салфетка из микрофибры;;n116298;36311.016;1005;20;1
Чистящие средства;"Hama <84171> Пневмоочиститель ""Easy-Push"" (баллон - 300мл)";;n107147;154935.69;1005;20;1
Чистящие средства;"Hama <49877> Пневмоочиститель ""Office-Clean"" (баллон - 400мл)";;n107146;91096.395;1005;20;1
Чистящие средства;Defender <36903> Набор для чистки CD/DVD-дисковода + жидкость;;n67840;33083.838;1005;20;1
Чистящие средства;Defender <CLN30591> Комплект для очистки LCD мониторов (100мл + 15 салфеток);;n47475;33083.838;1005;20;1
Чистящие средства;Defender <CLN30806> Чистящая пена для LED/LCD экранов (баллон - 100мл);;n137948;42320.976;1005;20;1
Чистящие средства;Defender <CLN30804> Пневмоочиститель (баллон - 120мл);;n124973;46533.777;1005;20;1
Чистящие средства;Defender <CLN30803> Пневмоочиститель (баллон - 280мл);;n124972;74506.191;1005;20;1
Чистящие средства;Defender <CLN30802> Пневмоочиститель (баллон - 300мл);;n4313;136374.24;1005;20;1
Чистящие средства;Defender <CLN30607> Салфетка из рассеченного микроволокна для линз и экранов. многоразовая;;n47474;33982.374;1005;20;1
Чистящие средства;Defender <CLN30604> Сухие безворсовые салфетки (25шт);;n4325;21430.971;1005;20;1
Чистящие средства;Defender <CLN30600> Сухие и влажные чистящие салфетки в пластиковой тубе для экранов (50+50шт);;n36022;49673.955;1005;20;1
Чистящие средства;Defender <CLN30593> Очиститель для оптических поверхностей (баллон -200мл);;n6042;37209.639;1005;20;1
Чистящие средства;Defender <CLN30850> Влажные чистящие салфетки в пластиковой тубе для домашней техники (80шт);;n133582;33083.838;1005;20;1
Чистящие средства;Defender <CLN30322> Влажные чистящие салфетки в пластиковой тубе для экранов всех типов (100шт);;n137947;15778.581;1005;20;1
Чистящие средства;Defender <CLN30320> Влажные чистящие салфетки в пластиковой тубе для экранов всех типов (100шт);;n35779;22774.077;1005;20;1
Чистящие средства;Defender <CLN30300> Влажные чистящие салфетки в пластиковой тубе для компьютеров и оргтехники (100шт);;n35778;22774.077;1005;20;1
Чистящие средства;Defender <30202> Чистящие салфетки для LCD экранов и плазменных панелей (20шт);;n89673;11836.35;1005;20;1
Чистящие средства;Defender <30200> Чистящие салфетки универсальные (20шт);;n89672;11836.35;1005;20;1
Чистящие средства;Defender <CLN30192> Сухие и влажные салфетки для мониторов (10+10 шт);;n5895;48775.419;1005;20;1
Чистящие средства;Defender <CLN30130> Запасные салфетки для CLN30100 (100 шт);;n4310;26629.395;1005;20;1
Чистящие средства;Defender <CLN30102> Влажные чистящие салфетки для ЖК-мониторов в тубе (100шт);;n16831;35238.48;1005;20;1
Чистящие средства;Defender <CLN30101> Влажные чистящие салфетки для ноутбуков в тубе (100шт);;n8245;28871.037;1005;20;1
Чистящие средства;Defender <CLN30100G/30333> (Apple) Универсальные влажные чистящие салфетки в пластиковой тубе (100шт);;n18713;42320.976;1005;20;1
Чистящие средства;Defender <CLN30100> Влажные чистящие салфетки в пластиковой тубе (110шт);;n4309;34339.857;1005;20;1
Чистящие средства;Kreolz NMB-1 Комплект для очистки компьютеров и оргтехники (100мл + салфетка из микрофибры);;n109201;46533.777;1005;20;1
Чистящие средства;Kreolz NMB3 Комплект для очистки экранов телевизоров и мониторов (гель 200мл + салфетка из микрофибры);;n146042;36311.016;1005;20;1
Чистящие средства;Kreolz NBT-2 Влажные чистящие салфетки в пластиковой тубе (100шт.);;n109203;34967.91;1005;20;1
Чистящие средства;Kreolz <K130001/nbt-1> Влажные чистящие салфетки в пластиковой тубе для экранов и оптики (100шт);;n85001;36311.016;1005;20;1
Чистящие средства;Kreolz <K130002/nst-1> Влажные чистящие салфетки в малой тубе для экранов и оптики (100шт);;n85002;33083.838;1005;20;1
Чистящие средства;Kreolz <K430001/nst-2> Влажные чистящие салфетки в малой тубе для ноутбуков и портативной техники (100шт);;n85003;33083.838;1005;20;1
Компьютерная мебель;Ch-799AXSN/Red-26-22  Кресло (красное);;n104441;609380.19;1005;20;1
Компьютерная мебель;Ch-797AXSN/26-25 Кресло (спинка чёрная сетка. сиденье серое);;n104445;600462.69;1005;20;1
Компьютерная мебель;Ch-G318AXN/B-10-11    Кресло офисное (чёрное);;n4040;528850.38;1005;20;1
Компьютерная мебель;T-9950AXSN/Ivory  Кресло руководителя (кожа цвета слоновой кости);;n104451;2760179.4;1005;20;1
Компьютерная мебель;T-9950AXSN/Brown  Кресло руководителя (коричневая кожа);;n104449;2760179.4;1005;20;1
Компьютерная мебель;CH-299/CH/15-11  Кресло (спинка бордовая сетка. сиденье бордовое);;n104437;391101.54;1005;20;1
Компьютерная мебель;Ch-201AXN/Black-10-11   Стул с подлокотником (чёрный);;n4222;487039.05;1005;20;1
Компьютерная мебель;Виси - чёрный-C-11    Стул. чёрный каркас. чёрная ткань;;n8048;242621.25;1005;20;1
Компьютерная мебель;Виси - Серый     Стул. чёрный каркас. серая ткань;;n8050;242621.25;1005;20;1
Компьютерная мебель;Набор заглушек для крестовины (5 шт.D=51/38.5/11мм) <FootSet35>;;n59630;79530.528;1005;20;1
Электроинструмент Makita;Makita <BDF451RFE> Аккум. дрель-шуруповерт (80 Нм.1700 об/мин.13 мм.18В.3000мАч Li-Ion х2. 3ск. подсв.кейс);;n121016;3656279.4;1005;20;1
Электроинструмент Makita;Makita <BDF343RFE> Аккум. дрель-шуруповерт (36 Нм.1300 об/мин.10 мм.14.4 В.3000мАч Li-Ion х2. 2ск. кейс);;n102102;2222415;1005;20;1
Электроинструмент Makita;Makita <BDF343SHE> Аккум. дрель-шуруповерт (36 Нм.1300 об/мин.10 мм.14.4 В.1300мАч Li-Ion х2. 2ск. кейс);;n140398;1693837.8;1005;20;1
Электроинструмент Makita;Makita <DF330DWLE> Аккум.дрель-шуруповерт+фонарь (24Нм. 1300об/мин.10мм.10.8 В.1300мАч Li-Ionх2. 2ск. подсв.кейс);;n105776;1487647.8;1005;20;1
Электроинструмент Makita;Makita <DF330DWE> Аккум.дрель-шуруповерт(24Нм. 1300об/мин.10мм.10.8 В.1300мАч Li-Ionх2. 2ск. подсв.кейс);;n117599;1353337.2;1005;20;1
Электроинструмент Makita;Makita <8281DWPE> Ударная аккум. дрель-шуруповерт (36 Нм. 1300 об/мин. 10 мм. 14.4 В.1300мАч NiCdх2. 2 ск.кейс);;n86335;1433864.4;1005;20;1
Электроинструмент Makita;Makita <8271DWAE> Ударная аккум. дрель-шуруповерт (30Нм. 1300об/мин. 10 мм.12 В. 2000мАч NiCdх2. 2 ск. кейс);;n88428;1577362.2;1005;20;1
Электроинструмент Makita;Makita <6349DWDE> Аккум. дрель-шуруповерт (80 Нм. 1700 об/мин. 13 мм. 18 В. 2600 мАч NiMH х2. 3 скорости. кейс);;n98154;2939347.2;1005;20;1
Электроинструмент Makita;Makita <6347DWAE> Аккум. дрель-шуруповерт (80 Нм. 1300 об/мин. 13 мм. 18 В. 2000 мАч NiCd х2. 2 скорости. кейс);;n86334;2061082.2;1005;20;1
Электроинструмент Makita;Makita <6317DWDE> Аккум. дрель-шуруповерт (60 Нм. 1300 об/мин. 13 мм. 12 В. 2600 мАч NiMH х2. 2 скорости. кейс);;n88285;2034329.7;1005;20;1
Электроинструмент Makita;Makita <6317DWAE> Аккум. дрель-шуруповерт (60 Нм. 1300 об/мин. 13 мм. 12 В. 2000 мАч NiCd х2. 2 скорости.кейс);;n88286;1899749.4;1005;20;1
Электроинструмент Makita;Makita <6281DWALE> Аккум. дрель-шуруповерт+фонарь(36 Нм. 1300 об/мин. 14.4 В. 2000 мАч NiCd х2. 2 скорости.кейс);;n117598;1424946.9;1005;20;1
Электроинструмент Makita;Makita <6281DWPLE> Аккум. дрель-шуруповерт+фонарь(36 Нм. 1300 об/мин. 14.4 В. 1300 мАч NiCd х2. 2 скорости.кейс);;n98733;1362254.7;1005;20;1
Электроинструмент Makita;Makita <6271DWAE> Аккум. дрель-шуруповерт (30 Нм. 1300 об/мин. 10 мм. 12 В. 2000 мАч NiCd х2. 2 скорости. кейс);;n88417;1236870.3;1005;20;1
Электроинструмент Makita;Makita <6271DWPE> Аккум. дрель-шуруповерт (30 Нм. 1300 об/мин. 12 В. 1300 мАч NiCd х2. 2 скорости. кейс);;n76782;1066620;1005;20;1
Электроинструмент Makita;Makita <6261DWPE> Аккум. дрель-шуруповерт (22.6 Нм. 1300 об/мин. 9.6 В. 1300 мАч NiCd х2. 2 скорости. кейс);;n86093;905287.2;1005;20;1
Электроинструмент Makita;Makita <FS6300> Шуруповерт (11 Нм. 570 Вт. 6000 об/мин. Винт до 4 мм. подсв);;n140399;1084455;1005;20;1
Электроинструмент Makita;Makita <FS4300> Шуруповерт (16 Нм. 570 Вт. 4000 об/мин. Винт до 6 мм. подсв);;n140400;1066620;1005;20;1
Электроинструмент Makita;Makita <FS4000> Шуруповерт (16 Нм. 570 Вт. 4000 об/мин. Винт до 6 мм);;n140401;1066620;1005;20;1
Электроинструмент Makita;"Makita <6706D> Угловой аккум. гайковерт (7.8 Нм. 400 об/мин. 3/8"". без акб)";;n105765;2751261.9;1005;20;1
Электроинструмент Makita;"Makita <TW0350> Гайковёрт (350 Нм. 400 Вт. 2000 об/мин. 1/2"". кейс)";;n88390;2401582.8;1005;20;1
Электроинструмент Makita;Makita <HP2070F> Ударная дрель (1010 Вт. 2900 об/мин. 13 мм. 2 скорости. регулятор. реверс. ключ. подсв. кейс);;n68583;1469812.8;1005;20;1
Электроинструмент Makita;Makita <HP2070> Ударная дрель (1010 Вт. 2900 об/мин. 13 мм. 2 скорости. регулятор. реверс. ключ. кейс);;n59219;1380089.7;1005;20;1
Электроинструмент Makita;Makita <HP2051F> Ударная дрель (720 Вт. 2900 об/мин. 13 мм. 2 скорости. регулятор. реверс. подсв. кейс);;n88293;1192004.4;1005;20;1
Электроинструмент Makita;Makita <HP2051> Ударная дрель (720 Вт. 2900 об/мин. 13 мм. 2 скорости. регулятор. реверс. кейс);;n88314;1173899.7;1005;20;1
Электроинструмент Makita;Makita <HP2050> Ударная дрель (720 Вт. 2900 об/мин. 13 мм. 2 скорости. регулятор. реверс. ключ. кейс);;n53167;1102290;1005;20;1
Электроинструмент Makita;Makita <HP1641F> Ударная дрель (680 Вт. 2800 об/мин. 13 мм. реверс. подсв);;n105774;779628.75;1005;20;1
Электроинструмент Makita;Makita <HP1640K> Ударная дрель (680 Вт. 2800 об/мин. 13 мм. реверс. ключ. кейс);;n125985;708016.44;1005;20;1
Электроинструмент Makita;Makita <HP1640> Ударная дрель (680 Вт. 2800 об/мин. 13 мм. реверс. ключ);;n105773;645321.63;1005;20;1
Электроинструмент Makita;Makita <HP1621F> Ударная дрель (650 Вт. 2800 об/мин. 13 мм. реверс. подсв);;n53166;779628.75;1005;20;1
Электроинструмент Makita;Makita <HP1620> Ударная дрель (650 Вт. 2800 об/мин. 13 мм. реверс. ключ);;n53165;636404.13;1005;20;1
Электроинструмент Makita;Makita <6413> Дрель (450 Вт. 3000 об/мин. 10 мм. реверс);;n98143;573709.32;1005;20;1
Электроинструмент Makita;Makita <6408> Дрель (530 Вт. 2500 об/мин. 10 мм. реверс);;n53163;806652.69;1005;20;1
Электроинструмент Makita;Makita <HR5211C> Перфоратор (1500 Вт. 20 Дж. 260 об/мин. 2150 уд/мин. SDS-Max. 2 режима. регулятор. AVT. кейс);;n119070;7025571.9;1005;20;1
Электроинструмент Makita;Makita <HR5210C> Перфоратор (1500 Вт. 20 Дж. 260 об/мин. 2150 уд/мин. SDS-Max. 2 режима. регулятор. AVT. кейс);;n88396;6711832.5;1005;20;1
Электроинструмент Makita;Makita <HR5201C> Перфоратор (1500 Вт. 20 Дж. 260 об/мин. 2150 уд/мин. SDS-Max. 2 режима. регулятор. кейс);;n88395;6649140.3;1005;20;1
Электроинструмент Makita;Makita <HR4501C> Перфоратор (1350 Вт. 13 Дж. 280 об/мин. 2750 уд/мин. SDS-Max. 2 режима. регулятор. кейс);;n88424;5959230.3;1005;20;1
Электроинструмент Makita;Makita <HR3200C> Перфоратор (850 Вт. 6.4 Дж. 630 об/мин. 3300 уд/мин. SDS-Plus. 3 режима. регулятор. кейс);;n88421;4865857.8;1005;20;1
Электроинструмент Makita;Makita <HR2811FT> Перфоратор (800Вт. 2.9Дж. 1100об/мин.4500уд/мин.SDS-Plus/13мм. 3реж.регул.реверс.подсв.кейс);;n88419;2365912.8;1005;20;1
Электроинструмент Makita;Makita <HR2800> Перфоратор (800 Вт. 2.9Дж. 1100об/мин.4500уд/мин.SDS-Plus. 2реж.регул.реверс.кейс);;n125986;1819222.2;1005;20;1
Электроинструмент Makita;Makita <HR2470> Перфоратор (780 Вт. 2.7Дж.1100 об/мин.4500 уд/мин.SDS-Plus. 3 режима. регулятор. реверс.кейс);;n88394;1433864.4;1005;20;1
Электроинструмент Makita;Makita <HR2450FT> Перфоратор (780 Вт. 2.7 Дж. 1100 об/мин. 4500уд/мин.SDS-Plus/13мм.3 режима. реверс. подсв. кейс);;n86346;1783282.5;1005;20;1
Электроинструмент Makita;Makita <HR2450> Перфоратор (780 Вт. 2.7 Дж. 1100 об/мин. SDS-Plus. 3 режима. реверс. кейс);;n53140;1299562.5;1005;20;1
Электроинструмент Makita;Makita <9911K> Ленточная шлифмашина (650 Вт. 270 м/мин. 76х457мм. регулятор. пылесборник. кейс);;n141585;1397924.7;1005;20;1
Электроинструмент Makita;Makita <9911> Ленточная шлифмашина (650 Вт. 270 м/мин. 76х457 мм. регулятор);;n71452;1254705.3;1005;20;1
Электроинструмент Makita;Makita <9910> Ленточная шлифмашина(650 Вт. 270 м/мин. 76х457 мм);;n97182;1102290;1005;20;1
Электроинструмент Makita;Makita <9404> Ленточная шлифмашина (1010 Вт. 440 м/мин. 100х610мм. регулятор. пылесборник);;n68581;2159722.8;1005;20;1
Электроинструмент Makita;Makita <BO4900V> Вибрационная шлифмашина (330 Вт. 22000 об/мин. 115х229 мм. регулятор. пылесборник);;n88287;2069999.7;1005;20;1
Электроинструмент Makita;Makita <BO3710> Вибрационная шлифмашина (190 Вт. 11000 об/мин. 93х185мм. пылесборник);;n105767;564791.82;1005;20;1
Электроинструмент Makita;Makita <BO3700> Вибрационная шлифмашина (180 Вт. 10000 об/мин. 93х185 мм. регулятор. пылесборник);;n53160;546686.25;1005;20;1
Электроинструмент Makita;Makita <BO6040> Эксцентриковая шлифмашина (750 Вт. 5800 об/мин. D150мм. 2 режима. регулятор);;n88288;2858820;1005;20;1
Электроинструмент Makita;Makita <BO5041>Эксцентриковая шлифмашина (300 Вт. 4000-12000 об/мин. D125 мм. регулятор. пылесборник);;n133112;1084455;1005;20;1
Электроинструмент Makita;Makita <BO5031>Эксцентриковая шлифмашина (300 Вт. 4000-12000 об/мин. D125 мм. регулятор. пылесборник);;n117603;959061.9;1005;20;1
Электроинструмент Makita;Makita <BO5030> Эксцентриковая шлифмашина (300 Вт. 12000 об/мин. D125 мм. пылесборник);;n117602;788816.82;1005;20;1
Электроинструмент Makita;Makita <BO5020> Эксцентриковая шлифмашина (260 Вт. 12000 об/мин. D125 мм. пылесборник);;n68580;1048515.3;1005;20;1
Электроинструмент Makita;Makita <9227CB> Полировальная шлифмашина (1200 Вт. 3000 об/мин.D180 мм. M14. регулятор);;n88307;2392665.3;1005;20;1
Электроинструмент Makita;Makita <SA7000C> Полировальная шлифмашина(1600 Вт. 3000 об/мин.D180 мм. M14. регулятор);;n88406;1505482.8;1005;20;1
Электроинструмент Makita;Makita <9566CV> Угловая шлифмашина(1400 Вт. 9000 об/мин. D150 мм. M14. регулятор);;n88313;1855161.9;1005;20;1
Электроинструмент Makita;Makita <9565CV> Угловая шлифмашина (1400 Вт. 11000 об/мин. D125 мм. M14. регулятор);;n93815;1523587.5;1005;20;1
Электроинструмент Makita;Makita <9557HN> Угловая шлифмашина (840 Вт. 11000 об/мин. D115 мм. M14);;n106547;743957.88;1005;20;1
Электроинструмент Makita;Makita <9555HN> Угловая шлифмашина (710 Вт. 10000 об/мин. D125 мм. M14);;n76784;618569.13;1005;20;1
Электроинструмент Makita;Makita <9554HN> Угловая шлифмашина (710 Вт. 10000 об/мин. D115 мм. M14);;n77970;609380.19;1005;20;1
Электроинструмент Makita;Makita <9079SF> Угловая шлифмашина (2000 Вт. 6000 об/мин. D230 мм. M14 SF);;n88304;2303211.9;1005;20;1
Электроинструмент Makita;Makita <9079F> Угловая шлифмашина (2000 Вт. 6000 об/мин. D230 мм. M14);;n88315;2374830.3;1005;20;1
Электроинструмент Makita;Makita <9069SF> Угловая шлифмашина (2000 Вт. 6600 об/мин. D230 мм. M14 SF);;n53153;1120125;1005;20;1
Электроинструмент Makita;Makita <9069> Угловая шлифмашина (2000 Вт. 6600 об/мин. D230 мм. M14);;n53152;976896.9;1005;20;1
Электроинструмент Makita;Makita <GA9040SF(01)> Угловая шлифмашина (2600 Вт. 8500 об/мин. D230 мм. M14 SF);;n93816;2088104.4;1005;20;1
Электроинструмент Makita;Makita <GA9030SF01> Угловая шлифмашина (2400 Вт. 6600 об/мин. D230 мм. M14 SF);;n53158;1765447.5;1005;20;1
Электроинструмент Makita;Makita <GA9020SF> Угловая шлифмашина (2200 Вт. 6600 об/мин. D230 мм. M14);;n68576;1281457.8;1005;20;1
Электроинструмент Makita;Makita <GA9020> Угловая шлифмашина (2200 Вт. 6600 об/мин. D230 мм. M14);;n60286;1084455;1005;20;1
Электроинструмент Makita;Makita <GA5030> Угловая шлифмашина (720 Вт. 11000 об/мин. D125 мм. M14);;n86738;663157.5;1005;20;1
Электроинструмент Makita;Makita <GA5021C> Угловая шлифмашина (1450 Вт. 10000 об/мин. D125 мм. M14);;n98144;1442781.9;1005;20;1
Электроинструмент Makita;Makita <GA4530> Угловая шлифмашина( 720 Вт. 11000 об/мин. D115 мм. M14);;n88435;609380.19;1005;20;1
Электроинструмент Makita;Makita <5903R> Дисковая пила (2000 Вт. 4500 об/мин. D235 мм. d30 мм);;n88306;2634795;1005;20;1
Электроинструмент Makita;Makita <5705R> Дисковая пила (1400 Вт. 4800 об/мин. D190 мм. d30 мм);;n53151;1962720;1005;20;1
Электроинструмент Makita;Makita <5704R> Дисковая пила (1200 Вт. 4900 об/мин. D190 мм. d30 мм);;n53150;1263622.8;1005;20;1
Электроинструмент Makita;Makita <5604R> Дисковая пила (950 Вт. 5000 об/мин. D165 мм. d20мм);;n88305;1147147.2;1005;20;1
Электроинструмент Makita;Makita <5008MG> Дисковая пила (1800 Вт. 5200 об/мин. D210 мм. d30 мм. подсв.);;n88429;1864079.4;1005;20;1
Электроинструмент Makita;Makita <D-03919> пильный диск (дерево. 185x30мм. 2мм. 40 зуб.. 18°);;n85541;113600.25;1005;20;1
Электроинструмент Makita;Makita <D-03903> пильный диск (дерево. 185x30мм. 2мм. 16 зуб.. 20°);;n85542;91096.395;1005;20;1
Электроинструмент Makita;Makita <LS1040> Торцовочная пила (1650 Вт. 4600 об/мин. 90.5х95мм. D255 мм. d30 мм. пылесборник);;n53139;2760179.4;1005;20;1
Электроинструмент Makita;"Makita <UC4020A> Электрическая цепная пила (1800 Вт. 800 м/мин.400 мм. шаг цепи 3/8"")";;n88400;1147147.2;1005;20;1
Электроинструмент Makita;"Makita <UC3530A(-5M)> Электрическая цепная пила (2000 Вт. 800 м/мин.350 мм. шаг цепи 3/8"")";;n86733;1514670;1005;20;1
Электроинструмент Makita;"Makita <UC3020A> Электрическая цепная пила (1800 Вт. 800 м/мин.300мм. шаг цепи 3/8"")";;n105777;1075537.5;1005;20;1
Электроинструмент Makita;Makita <JR3070CT> Сабельная пила (1510 Вт. 2800 об/мин. глубина255 мм. ход 32 мм. маятник. 4 режима.AVT.кейс);;n88416;3100680;1005;20;1
Электроинструмент Makita;Makita <JR3060T> Сабельная пила (1250 Вт. 2800 об/мин. глубина255 мм. ход 32 мм. маятник. 4 режима. кейс);;n86937;2186745;1005;20;1
Электроинструмент Makita;Makita <RP0910> Вертикальный фрезер(900 Вт. 27000 об/мин. глубина 57 мм. цанга 8 мм);;n88420;2760179.4;1005;20;1
Электроинструмент Makita;Makita <3707> Фрезер кромочный (440 Вт. 35000 об/мин. цанга 6 мм);;n88412;1514670;1005;20;1
Электроинструмент Makita;Makita <4351FCT> Лобзик (720 Вт. 2800 об/мин. глубина 135 мм. ход 26 мм. маятник. 2 регулятора.подсветка. кейс);;n86340;1675724.4;1005;20;1
Электроинструмент Makita;Makita <4350CT> Лобзик (720 Вт. 2800 об/мин. глубина 135 мм. ход 26 мм. маятник. 2 регулятора. кейс);;n70812;1640054.4;1005;20;1
Электроинструмент Makita;Makita <4329> Лобзик (450 Вт. 3100 об/мин. глубина 65 мм. ход 18 мм. маятник. регулятор);;n68578;672075;1005;20;1
Электроинструмент Makita;Makita <4327> Лобзик (450 Вт. 3100 об/мин. глубина 65 мм. ход 18 мм. регулятор);;n68577;618569.13;1005;20;1
Электроинструмент Makita;Makita <4326> Лобзик (450 Вт. 3100 об/мин. глубина 65 мм. ход 18 мм);;n86339;555603.75;1005;20;1
Электроинструмент Makita;Makita <2012NB> Рейсмус (1650 Вт. 8500 об/мин. подача:0.14 м/с глубина до 3.0 мм. ширина до 304 мм);;n88398;5780062.5;1005;20;1
Электроинструмент Makita;Makita <1911B> Электрорубанок (900 Вт. 16000 об/мин. глубина 2.0 мм. ширина 110 мм);;n86349;1899749.4;1005;20;1
Электроинструмент Makita;Makita <1902> Электрорубанок (580 Вт. 16000 об/мин. глубина 0.8мм. ширина 83 мм);;n53145;1227674.4;1005;20;1
Электроинструмент Makita;Makita <1806B> Электрорубанок (1200 Вт. 15000 об/мин. глубина 2.0 мм. ширина 170 мм);;n88303;4364024.4;1005;20;1
Электроинструмент Makita;Makita <KP0810C> Электрорубанок (1050 Вт. 12000 об/мин. глубина4.0 мм. ширина 82 мм);;n88399;2213497.5;1005;20;1
Электроинструмент Makita;Makita <KP0810> Электрорубанок (850 Вт. 16000 об/мин. глубина 4.0 мм. ширина 82 мм);;n88434;1872996.9;1005;20;1
Электроинструмент Makita;Makita <KP0800> Электрорубанок (620 Вт. 17000 об/мин. глубина2.5 мм. ширина 82 мм);;n97185;1532505;1005;20;1
Электроинструмент Makita;Makita <HG651CK> Термовоздуходувка с насадками (4 шт) (2000 Вт. 550 л/мин. 650°С. 2регулятора. LCD. кейс);;n106546;1192004.4;1005;20;1
Электроинструмент Makita;Makita <ELM4611> Газонокосилка электрическая (1800W.нож 46 см. срез 30-75 мм. травосборник);;n105772;3190124.7;1005;20;1
Электроинструмент Makita;Makita <ELM4610> Газонокосилка электрическая (1800W.нож 41 см. срез 30-75 мм. травосборник);;n105771;2562906.9;1005;20;1
Электроинструмент Makita;Makita <ELM4110> Газонокосилка электрическая (1600W. нож 41 см.срез 20-75 мм. травосборник);;n105770;2294024.7;1005;20;1
Электроинструмент Makita;Makita <ELM3710> Газонокосилка электрическая (1300W. нож 37 см.срез 20-55 мм. травосборник);;n105769;1164982.2;1005;20;1
Электроинструмент Makita;Makita <ELM3310> Газонокосилка электрическая (1100W. нож 33 см.срез 20-55 мм. травосборник);;n101044;949874.7;1005;20;1
Электроинструмент Makita;Makita <UM4030> Газонокосилка электрическая (1000W. D400 мм);;n86226;1120125;1005;20;1
Электроинструмент Makita;Makita <HW131SET> Мини-мойка с насадками (3 шт) (130 бар.500 л/ч);;n88414;4364024.4;1005;20;1
Электроинструмент Makita;Makita <HW121> Мини-мойка с насадками (2 шт) (130 бар.390 л/ч);;n121017;2769096.9;1005;20;1
Электроинструмент Makita;Makita <HW112> Мини-мойка с насадками (2 шт) (120 бар.370 л/ч);;n119066;2419687.5;1005;20;1
Электроинструмент Makita;Makita <83132BEK>Пылесборник бумажный для пылесоса M445x. уп.5шт.;;n105178;492507.87;1005;20;1
Электроинструмент Makita;Makita <440> Пылесос (1000 Вт. 129.5 CFM. бак 35 л);;n93811;2760179.4;1005;20;1
Электроинструмент Makita;Makita <VC3510> Пылесос (1100 Вт. 105.9 CFM. бак 35 л);;n133109;2966099.7;1005;20;1
Электроинструмент Makita;Makita <GB602> Настольный заточный станок (250 Вт. 2850 об/мин. D150 мм. d16 мм. подсв.);;n98145;994731.9;1005;20;1
Электроинструмент Makita;Makita <CL100DW> Аккум. пылесос (42.38 CFM. 10.8 В. 1300 мАч Li-Ion. бак 0.6 л);;n119064;824487.69;1005;20;1
Электроинструмент Makita;Makita <LD060P> Лазерный дальномер (0.05-60 м ± 1.5 мм. 2xAAA);;n140403;1424946.9;1005;20;1
