Категория; Имя продукта; Код продукта; Цена, бел.руб ;
Электронные книги с экраном 6; Электронная Книга Prestigio PER5062B SiPix  6'' (800x600)/ Wi-Fi/ 2G/ Image/ Text/ Audio/ Black; 785467/3725; 1162720.00000; 
Web-камеры LOGITECH; Web-камера Logitech Webcam C905 2.0MPx/ 1600x1200/ USB; 782168/3725; 948865.00000; 
Web-камеры LOGITECH; Web-камера Logitech Webcam C600 2.0MPx/ 1600x1200/ USB; 782200/3725; 931134.00000; 
Web-камеры CANYON; Web-камера Canyon CNR-WCAM620 2.0Mpx/ 1600x1280/ 30fps/ CMOS/ Mic/ USB/ Black-Blue; 788813/3725; 223531.00000; 
Web-камеры CANYON; Web-камера Canyon CNR-WCAM613G 1.3Mpx/ 1280x960/ 30fps/ CMOS/ USB/ Starfish Software/ Black-Orange; 781550/3725; 164082.00000; 
Web-камеры CANYON; Web-камера Canyon CNR-WCAM220 2.0MPx/ 1600x1200/ CMOS/ Mic/ USB/ Black-BLue; 784932/3725; 212592.00000; 
Web-камеры CANYON; Web-камера Canyon CNP-WCAM320 2.0MPx/ CMOS/ 1600x1200/ 30fps/ Mic/ USB/ Black-Silver; 788814/3725; 269299.00000; 
Web-камеры A4TECH; Web-камера A4Tech PK-8MJ 0.3MPx/ 640x480/ USB; 782591/3725; 234568.00000; 
Универсальные пульты ДУ; Универсальный пульт ДУ Logitech Harmony 600 Remote; 784961/3725; 834282.00000; 
Цифровые фоторамки; Цифровая фоторамка Philips SPF1307/10 / 7'' 480x234/ 300:1/ 250cd/m2/ 128Mb/ JPEG/ USB/ Black; 787160/3725; 876960.00000; 
Цифровые фотокамеры Canon; Canon PowerShot A800 10Mpx/ 1/2.3 (5.9x4.4)/ CCD/ LCD 2.5''/ 3/3X Zoom/Ni-MH (2xAA)/ Black/ СТБ; 789799/3725; 523440.00000; 
Цифровые фотокамеры Canon; Canon PowerShot A800 10Mpx/ 1/2.3 (5.9x4.4)/ CCD/ LCD 2.5''/ 3/3X Zoom/Ni-MH (2xAA)/ Silver/ СТБ; 789800/3725; 523440.00000; 
Цифровые фотокамеры Nikon; Nikon 1J1 Kit 10-30mm 10.1MPx/ 1/2.5 (5.8x4.3)/ CMOS/ LCD 3''/ Li-ion (EN-EL20)/ Black/ СТБ; 789258/3725; 6263999.00000; 
Цифровые фотокамеры Sony; Sony CyberShot DSC-T110/SC 16.1Mpx/ 1/2.3''/ CCD/ 2.7'' LCD/ 4xZoom/ NP-BN1/ Silver/ СТБ; 789409/3725; 2019935.00000; 
Цифровые фотокамеры Sony; Sony CyberShot DSC-W515PS/SC 12.1Mpx/ 1/2.3''/ CCD/ 2.5'' LCD/4xZoom/ NP-BN1/ Silver/ СТБ; 789411/3725; 1589890.00000; 
Цифровые фотокамеры Sony; Sony CyberShot DSC-WX30/NC 16.2Mpx/ 1/2.3''/ CMOS/ 2.7'' LCD/5xZoom/ AVCHD Full HD/ 3D/ Sweep Panorama/ NP-BN1/ Gold/ СТБ; 789414/3725; 2399155.00000; 
Web-камеры LOGITECH; Web-камера Logitech Webcam HD C310 5MPx/ 1280x720/ Mic/ USB; 784605/3725; 441731.00000; 
Web-камеры LOGITECH; Web-камера Logitech Webcam HD C525 1.3MPx/ 1280x720/ 30fps/ Mic/ USB; 789061/3725; 588974.00000; 
Web-камеры прочих производителей; Web-камера Philips SPC610NC 0.3Mpx/ CMOS/ 640x480/ USB 1.1; 782336/3725; 264547.00000; 
Чехлы; Кожух для видеокамеры D-Link DCS-60 со встроенным источником питания/ обогревателем и вентилятором для IP-камер Алюминий/ Белый; 786535/3725; 990828.00000; 
Мобильные телефоны Acer; Acer Liquid Mini E310 MSM7227(0.6)/ 512Mb/ 3.2''(640x480)/ WF/ BT/ 3G/ 5Mpx/ Android 2.2/ Black/ СТБ; 789151/3725; 2190927.00000; 
Мобильные телефоны HTC; HTC EVO 3D X515m 4.3''(540x960)/ 1.2GHz/ 1G/ 1G/ WF/ BT/ GPRS/ EDGE/ GPS/ HSPA/ 2xCamera/ Android 2.3/ СТБ; 789564/3725; 3816000.00000; 
Мобильные телефоны LG; LG GX200 TFT 262 тыс. цветов/ 2'' (144x176)/ камера 1.3 Мп/ видео 176x144 15fps/ Dual Sim/ GPRS/ Bluetooth (A2DP)/ 1500 mAh (Li-ion)/ Black/ СТБ; 789510/3725; 779286.00000; 
Мобильные телефоны LG; LG T300 Cookie Lite TFT 262 тыс. цветов/ 2.4'' (240x320)/ камера 1.3 Мп/ видео 176x144 15fps/ GPRS/ EDGE/ Bluetooth (A2DP)/ 1000 mAh (Li-ion)/ Black/ СТБ; 789669/3725; 745338.00000; 
Мобильные телефоны Samsung; Samsung C3300TFT 262 тыс. цветов/ 2.4'' (240x320)/ камера 1.3 Мп/ GPRS/ EDGE/ Bluetooth (A2DP)/ 1000 mAh (Li-ion)/ Black/ СТБ; 789672/3725; 813960.00000; 
Мобильные телефоны Samsung; Samsung C3300TFT 262 тыс. цветов/ 2.4'' (240x320)/ камера 1.3 Мп/ GPRS/ EDGE/ Bluetooth (A2DP)/ 1000 mAh (Li-ion)/ White/ СТБ; 789671/3725; 810540.00000; 
Мобильные телефоны Samsung; Samsung C3322 Duos TFT 256 тыс. цветов/ 2.2'' (240x320)/ камера 2 Мп/ видео 176x144 15fps/ Dual Sim/ GPRS/ EDGE/ Bluetooth (A2DP)/ 1000 mAh (Li-ion)/ Black/ СТБ; 789674/3725; 819720.00000; 
Мобильные телефоны Samsung; Samsung C3520 La Fleur TFT 256 тыс. цветов/ 2.4'' (240x320)/ камера 1.3 Мп/ GPRS/ EDGE/ Bluetooth (A2DP)/ 800 mAh (Li-ion)/ Pink/ СТБ; 789844/3725; 739500.00000; 
Мобильные телефоны Samsung; Samsung C3752 Duos TFT 262 тыс. цветов/ 2.4'' (240x320)/ камера 3 Мп/ видео 176x144/ Dual Sim/ GPRS/ EDGE/ Bluetooth/ 900 mAh (Li-ion)/ Red/ СТБ; 789845/3725; 1035000.00000; 
Мобильные телефоны Samsung; Samsung E1150 CSTN 65 тыс. цветов/ 1.4'' (128x128)/ 800 mAh (Li-ion)/ Silver/ СТБ; 789521/3725; 327888.00000; 
Мобильные телефоны Samsung; Samsung E1182 Duos TFT 65 тыс. цветов/ 1.5'' (128x128)/ Dual Sim/ 1000 mAh (Li-ion)/ Silver/ СТБ; 789654/3725; 395280.00000; 
Мобильные телефоны Samsung; Samsung E2232 Duos TFT 65 тыс. цветов/ 1.8'' (128x160)/ камера 0.3 Мп/ Dual Sim/ GPRS/ Bluetooth (A2DP)/ 1000 mAh (Li-ion)/ White/ СТБ; 789649/3725; 518256.00000; 
Мобильные телефоны Samsung; Samsung E2530 La Fleur 2'' (128x160)/ камера 1.3 Мп/ GPRS/ EDGE/ Bluetooth (A2DP)/ 800 mAh/ Red/ СТБ; 789647/3725; 731400.00000; 
Мобильные телефоны Samsung; Samsung C3011 TFT 65 тыс. цветов/ 2'' (128x160)/ камера 0.3 Мп/ видео 176x144 15fps/ GPRS/ EDGE/ Bluetooth/ 800 mAh (Li-ion)/ Red/ СТБ; 789843/3725; 580560.00000; 
Мобильные телефоны Samsung; Samsung E1080 CSTN 65 тыс. цветов/ 1.4'' (128x128)/ 800 mAh (Li-ion)/ Black/ СТБ; 789522/3725; 268632.00000; 
Мобильные телефоны Samsung; Samsung E1080 CSTN 65 тыс. цветов/ 1.4'' (128x128)/ 800 mAh (Li-ion)/ Red/ СТБ; 789508/3725; 268632.00000; 
Мобильные телефоны Samsung; Samsung E1081T CSTN 65 тыс. цветов/ 1.4'' (128x128)/ 800 mAh (Li-ion)/ Black/ СТБ; 789509/3725; 268632.00000; 
Мобильные телефоны Samsung; Samsung E2121B CSTN 65 тыс. цветов/ 1.5'' (128x128)/ камера 0.3 Мп/ видео 160x120 15fps/ GPRS/ Bluetooth/ 1000 mAh (Li-ion)/ Black/ СТБ; 789651/3725; 451351.00000; 
Мобильные телефоны Samsung; Samsung E2121B CSTN 65 тыс. цветов/ 1.5'' (128x128)/ камера 0.3 Мп/ видео 160x120 15fps/ GPRS/ Bluetooth/ 1000 mAh (Li-ion)/ Red/ СТБ; 789652/3725; 441600.00000; 
Мобильные телефоны Samsung; Samsung S3350 TFT 262 тыс. цветов/ 2.4'' (320x240)/ камера 2 Мп/ GPRS/ EDGE/ Wi-Fi/ Bluetooth (A2DP)/ 1000 mAh (Li-ion)/ Black/ СТБ; 789523/3725; 1108800.00000; 
Мобильные телефоны Samsung; Samsung S3600i TFT 262 тыс. цветов/ 2.2'' (176x220)/ камера 1.3 Мп/ GPRS/ EDGE/ Bluetooth (A2DP)/ 880 mAh (Li-ion)/ Black/ СТБ; 789657/3725; 817650.00000; 
Мобильные телефоны Samsung; Samsung S5360 TFT 256 тыс. цветов/ 3'' (240x320)/ камера 2 Мп/ GPRS/ EDGE/ Wi-Fi/ Bluetooth (A2DP)/ GPS/ 1200 mAh (Li-ion)/ Black/ СТБ; 789676/3725; 1282320.00000; 
Мобильные телефоны Samsung; Samsung S5360 TFT 256 тыс. цветов/ 3'' (240x320)/ камера 2 Мп/ GPRS/ EDGE/ Wi-Fi/ Bluetooth (A2DP)/ GPS/ 1200 mAh (Li-ion)/ White/ СТБ; 789525/3725; 1282320.00000; 
Мобильные телефоны Samsung; Samsung S5670 Galaxy Fit TFT 16 млн. цветов/ 3.3'' (240x320)/ камера 5 Мп/ видео 640x480 15fps/ GPRS/ EDGE/ Wi-Fi/ Bluetooth (A2DP)/ GPS/ 1350 mAh (Li-ion)/ White/ СТБ; 789664/3725; 1751040.00000; 
Сетевые карты; Сетевая карта D-Link DFE-520TX PCI 10/100Mbit; 11425/3725; 51878.00000; 
Сетевые карты; Сетевая карта D-Link DGE-528T 10/100/1000 Retail; 777392/3725; 79214.00000; 
Бумага; Xerox A4/ 80 г/м2/ 500л; 780652/3725; 57406.00000; 
Фотобумага для принтеров и плоттеров; Глянцевая бумага Canon SG-201 4x6/ 50л; 787033/3725; 131726.00000; 
Маршрутизаторы; D-Link DSL-2500U/BRS/D ADSL2+ с расш. функц. QoS Eth Роутер 1 LAN & 1 ADSL порт/ со сплитером; 789624/3725; 197202.00000; 
Маршрутизаторы; D-Link DSL-2540U/BRU/С3B ADSL2/2+ 4-port Ethernet Router (4UTP/ 10/100Mbps) Retail; 777240/3725; 309948.00000; 
Маршрутизаторы; D-Link DSL-2600U/NRU/C4A ADSL/Ethernet-маршрутизатор c Wi-Fi; 789587/3725; 342102.00000; 
Маршрутизаторы; D-Link DSL-2640U/NRU/C4 Wireless ADSL 65Mbps 5 Port: ADSL+ 4Fast (10/100); 788097/3725; 392334.00000; 
Беспроводные USB адаптеры; Wi-Fi cетевая плата D-Link DWA-126 Wi-Fi адаптер/ USB/ 802.11n/ 150 Мбит/с; 788062/3725; 228172.00000; 
Беспроводные USB адаптеры; Wi-Fi cетевая плата D-Link DWA-140/EU/ RangeBooster N 650 2/4 ГГц (проект стандарта 802.11n)/ USB; 781765/3725; 136344.00000; 
Беспроводные PCI и PCI-E адаптеры; Wi-Fi cетевая плата D-Link DWA-525 адаптер 802.11b/g/n/ скорость передачи 150 Mbps/ PCI; 783750/3725; 124200.00000; 
Беспроводные адаптеры; Wi-Fi Сетевой адаптер D-Link DWA-643 IEEE802.11n/g/b/ 2.412-2.484GHz/ DSSS/ OFDM/ 17dBm/ Fr Notebook; 785294/3725; 502564.00000; 
Беспроводные адаптеры; D-Link DIR-300/NRU 802.11n (up to 150Mbps) + 4-port UTP 10/100Mbps + 1-port UTP 10/100 Mbps for WAN; 781462/3725; 321678.00000; 
Точки доступа; D-Link DIR-320/NRU беспроводная точка доступа до 54Mbps/ 802.11g/ 4 порта LAN 10/100Mbps; 781463/3725; 459395.00000; 
Беспроводные маршрутизаторы; D-Link DIR-330/RU IEEE 802.3/11g/3u/11b/ 4port/ 2400-2497MHz/ 1MBps/ 19dBm; 785297/3725; 1149205.00000; 
Беспроводные маршрутизаторы; D-Link DIR-412 Мобильный маршрутизатор Wireless 150 с поддержкой 3G и Wi-Fi для сетей EVDO/CDMA/HSUDPA/HSDPA/UMTS/ до 150Мбит/с; 788156/3725; 319194.00000; 
Точки доступа; Беспроводная точка доступа D-Link DAP-1150/ 802.11b/ 802.11g беспроводная LAN/ 1 порт LAN 10/100Mbps; 779888/3725; 257646.00000; 
Точки доступа; Беспроводная точка доступа D-Link DAP-1350 Беспроводной 2/4 ГГц (802.11n) компактный маршрутизатор/точка доступа/ до 300 Мбит/с; 788290/3725; 490314.00000; 
Кабель; Кабель KVM D-Link DKVM-402 4-in-one/ 3m; 788294/3725; 181060.00000; 
Кабель; Кабель KVM D-Link DKVM-CB для подключения клавиатуры/ мыши и монитора/ 1.8m; 788292/3725; 117620.00000; 
Кабель; Кабель KVM D-Link DKVM-CB3 для подключения клавиатуры/ монитора и мыши/ длина 3м; 789585/3725; 140528.00000; 
Маршрутизаторы; Коммутатор D-Link DES-1005A 5-port 10/100 Retail; 788095/3725; 81870.00000; 
Маршрутизаторы; Коммутатор D-Link DGS-1008D\GE 8-port 10/100/1000Base-T; 777237/3725; 329914.00000; 
Маршрутизаторы; Коммутатор D-Link DGS-1008P 10/100Base-TX (4 порта с поддержкой PoE + 4 порта без поддержки PoE); 789584/3725; 903802.00000; 
Маршрутизаторы; Коммутатор D-Link DGS-1016D\GE 16-port 10/100/1000Base-T; 779977/3725; 1261123.00000; 
Маршрутизаторы; Коммутатор D-Link DGS-1024D/E1A 24Px10/100/1000Mbs Base-T; 789622/3725; 1502406.00000; 
Маршрутизаторы; Коммутатор D-Link DIR-100/D1A/ широкополосный маршрутизатор с 4 портами LAN; 789623/3725; 256032.00000; 
Маршрутизаторы; Коммутатор Zyxel ES-2108 8port/ 10Base-T/100Base-TX/ 1 SFP Slots; 785953/3725; 1435687.00000; 
Беспроводные маршрутизаторы; Модем D-Link DFM-562I hardware; 10916/3725; 108964.00000; 
Беспроводные маршрутизаторы; Модем D-Link DFM-562IS V.92/ PCI/ 57600/ S/W modem/ Voice/ Retail; 779547/3725; 73640.00000; 
USB Flash 16ГБ; 16Gb Pen Drive USB 2.0 Silicon Power Helios 101 SP016GBUF2101V1B Blue; 785938/3725; 109020.00000; 
USB Flash 16ГБ; 16Gb Pen Drive USB 2.0 Silicon Power Helios 101 SP016GBUF2101V1N Green; 785650/3725; 109020.00000; 
USB Flash 16ГБ; 16Gb Pen Drive USB 2.0 Silicon Power Touch 830 SP016GBUF2830V1S Silver; 789374/3725; 109020.00000; 
USB Flash 16ГБ; 16Gb Pen Drive USB 2.0 Silicon Power Touch 835 SP016GBUF2835V1B Blue; 789283/3725; 109020.00000; 
USB Flash 4ГБ; 4Gb Pen Drive USB 2.0 Silicon Power LuxMini 710 SP004GBUF2710V1S Silver; 786222/3725; 57960.00000; 
USB Flash 4ГБ; 4Gb Pen Drive USB 2.0 Silicon Power LuxMini 720 SP004GBUF2720V1B Blue; 789826/3725; 57960.00000; 
USB Flash 4ГБ; 4Gb Pen Drive USB 2.0 Silicon Power LuxMini 720 SP004GBUF2720V1G Gold; 786223/3725; 57960.00000; 
USB Flash 4ГБ; 4Gb Pen Drive USB 2.0 Silicon Power Touch 830 SP004GBUF2830V1S Silver; 777909/3725; 42780.00000; 
USB Flash 4ГБ; 4Gb Pen Drive USB 2.0 Silicon Power Touch T01 SP004GBUF2T0V1K Black; 789280/3725; 42780.00000; 
USB Flash 4ГБ; 4Gb Pen Drive USB 2.0 Silicon Power Ultima II I-Series SP004GBUF2M01V1K Black; 785275/3725; 43896.00000; 
USB Flash 4ГБ; 4Gb Pen Drive USB 2.0 Silicon Power Ultima II I-Series SP004GBUF2M01V1S Silver; 780194/3725; 42780.00000; 
USB Flash 8ГБ; 8Gb Pen Drive USB 2.0 GoodRam PD8GH2GRCUBR9PLUSXM Cube Blue+White; 789321/3725; 93673.00000; 
USB Flash 8ГБ; 8Gb Pen Drive USB 2.0 Silicon Power Touch 830 SP008GBUF2830V1S Silver; 789373/3725; 56580.00000; 
USB Flash 8ГБ; 8Gb Pen Drive USB 2.0 Silicon Power Touch 835 SP008GBUF2835V1B Blue; 789281/3725; 56580.00000; 
USB Flash 8ГБ; 8Gb Pen Drive USB 2.0 Silicon Power Touch T01 SP008GBUF2T01V1K Black; 789282/3725; 56580.00000; 
USB Flash 8ГБ; 8Gb Pen Drive USB 2.0 Silicon Power Ultima II I-Series SP008GBUF2M01V1K Black; 788087/3725; 56580.00000; 
USB Flash 8ГБ; 8Gb Pen Drive USB 2.0 Silicon Power Ultima II I-Series SP008GBUF2M01V1S Silver; 785282/3725; 56580.00000; 
Колонки CANYON; Canyon CNR-SP20CW 3Wx2/ 100Hz-20kHz/ 4 Ohm/ USB/ White-Black; 783977/3725; 116586.00000; 
Колонки Defender; Defender SPK-225 Silver-Black 2x1W/ 200-18000GHz/ USB/ магнитное экранирование; 787981/3725; 62815.00000; 
Колонки прочих производителай; F&D V520 Pink (1.2W+1.2W/  60-16000Hz/ 2х-полос./) For Notebook; 786118/3725; 124468.00000; 
Колонки прочих производителай; Logitech S-150 Black Digital USB; 778034/3725; 145596.00000; 
Колонки прочих производителай; Logitech X-140 2x2.5W/ 80Hz - 18KHz; 778033/3725; 279284.00000; 
Колонки Microlab; Microlab B-18 White (2x2.4Вт/ 100-20000 Гц/ магнитное экранир/ 145х89х188/ пластик. корпус); 789015/3725; 96998.00000; 
Колонки Microlab; Microlab B-55 Silver 2x0.5W/ 120 - 16000Ghz; 781789/3725; 97430.00000; 
Колонки Microlab; Microlab iH11 Black 20Wx2/ 45 - 20000Ghz/ ПДУ/ for iPod/ iPhone; 784090/3725; 1047216.00000; 
Колонки Microlab; Microlab MD122 Black 1.2Wx2/ 100 - 20000Hzz/ USB; 789025/3725; 149004.00000; 
Колонки Arctic Sound; Arctic Sound S151 2.1 Black 10W + 2x3.5W/ выход на наушники; 787954/3725; 269068.00000; 
Колонки Arctic Sound; Arctic Sound S161 2.1 Black 11W + 2x3.5W/ выход на наушники; 787956/3725; 341657.00000; 
Колонки Arctic Sound; Arctic Sound S361 2.1 Black 40W + 2x18W/ выход на наушники/ проводно ПДУ; 787955/3725; 901038.00000; 
Колонки Arctic Sound; Arctic Sound S362 2.1 Black 50W + 2x12W/ выход на наушники; 787957/3725; 901038.00000; 
Колонки Defender; Defender Avante M30 2.1 Black 14W+ 2x8W/ выход на наушники; 788275/3725; 494460.00000; 
Колонки Defender; Defender Avante X35 2.1 Black 18W+ 2x8W/ проводной ДУ; 788278/3725; 670532.00000; 
Колонки прочих производителай; F&D S320 2.1 Black (2Wх2+2W/ 2 кол.+сабв. всё дерев.); 786112/3725; 239447.00000; 
Колонки Microlab; Microlab FC-362 2.1 54W(24W + 2x15W) 35-20000GHz/ Black; 785607/3725; 784802.00000; 
Колонки Microlab; Microlab FC-390 2.1 54W(24W + 2x15W) 30-20000GHz/ Black; 785609/3725; 629809.00000; 
Колонки Microlab; Microlab FC-530 2.1  54 Вт: 2х15+24Вт RMS/ пульт ДУ/  дерево; 779560/3725; 659160.00000; 
Колонки Microlab; Microlab M-200 2.1  (12Wx2+16W RMS) 2 кол.+сабв. дерев./ ПДУ/ Черные; 782372/3725; 377133.00000; 
Колонки Microlab; Microlab M-280 2.1  (12Wx2+16W RMS) 2 кол.+сабв. дерев./ Черные; 784072/3725; 305042.00000; 
Колонки Microlab; Microlab M-520 2.1 (4Wх2 + 9W RMS) 2 кол.+сабв. Silver-Black; 777779/3725; 262350.00000; 
Колонки Microlab; Microlab M-528 2.1 (2.5Wх2 + 4W RMS) 2 кол.+сабв. дерев./ Черный; 777579/3725; 307740.00000; 
Колонки Microlab; Microlab M-600 2.1 (12Wx2+16W RMS) 30-20000GHz/ Black; 781350/3725; 431803.00000; 
Колонки Microlab; Microlab M-880 2.1 (16Wx2+27W RMS) 2 кол.+сабв. дерев. черный.; 780928/3725; 527160.00000; 
Микрофоны; Микрофон Canyon CNR-MIC2 Black; 782580/3725; 44853.00000; 
Микрофоны; Микрофон Defender MIC-129 для караоке/ 5м кабель; 788284/3725; 17082.00000; 
Гарнитуры; Гарнитура Arctic Sound P201 104dBa/ 32Om/ 2.3m; 786103/3725; 139633.00000; 
Гарнитуры; Гарнитура Arctic Sound P261 105dBa/ 32Om/ 3m/ USB; 786104/3725; 301580.00000; 
Гарнитуры; Гарнитура Arctic Sound P301 97dBa/ 32Om/ 2.5m; 786106/3725; 271403.00000; 
Гарнитуры; Гарнитура Arctic Sound P321 97dBa/ 32Om/ 3.2m/ USB; 786107/3725; 432367.00000; 
Гарнитуры; Гарнитура Arctic Sound P531 97dBa/ 32Om/ 3.2m/ USB; 786108/3725; 657722.00000; 
Гарнитуры; Гарнитура Defender HN-320 стерео/ регулят. громк./ 1.8м кабель; 779351/3725; 47843.00000; 
Гарнитуры; Гарнитура Defender HN-887 стерео/ регулят. громкости/ 2м кабель/ Grey; 788283/3725; 101780.00000; 
Гарнитуры; Гарнитура Defender HN-887 стерео/ регулят. громкости/ 2м кабель/ Silver; 788282/3725; 101780.00000; 
Гарнитуры; Гарнитура Defender HN-900 стерео/ регулят. громк./ 3м кабель; 779357/3725; 58194.00000; 
Гарнитуры; Гарнитура Defender HN-915 стерео/ регулят. громк./ 3м кабель; 779358/3725; 47034.00000; 
Гарнитуры; Гарнитура Defender HN-B601 Беспроводная Bleutooth/ USB; 788281/3725; 409537.00000; 
Гарнитуры; Гарнитура Logitech PC Headset H110; 785201/3725; 176729.00000; 
Гарнитуры; Гарнитура Logitech USB Headset H130 Blue; 789036/3725; 229210.00000; 
Гарнитуры; Гарнитура Logitech USB Headset H150 Blue; 789035/3725; 229210.00000; 
Гарнитуры; Гарнитура Logitech USB Headset H150 Pink; 789034/3725; 229210.00000; 
Гарнитуры; Гарнитура Logitech USB Headset H230; 789039/3725; 352786.00000; 
Гарнитуры; Гарнитура Logitech USB Headset H250 Graphite; 789032/3725; 424741.00000; 
Гарнитуры; Гарнитура Logitech USB Headset H555; 785203/3725; 441648.00000; 
Наушники накладные и полноразмерные; Наушники A4Tech HSP-100U Гарнитура и колонки 2.0 в одном корпусе; 784351/3725; 318436.00000; 
Наушники накладные и полноразмерные; Наушники Arctic Sound P281 109dBa/ 32Om/ 2.5m; 786105/3725; 252118.00000; 
Наушники накладные и полноразмерные; Наушники Defender MPH-960 110dBa/ 20-20000Hz/ 32 Om/ 1.8m; 788666/3725; 84376.00000; 
Наушники накладные и полноразмерные; Наушники Defender MPH-TV863 120мВт/ 20-20000Hz/ 32 Om/ 100м/ FM; 787984/3725; 488603.00000; 
Наушники накладные и полноразмерные; Наушники Sony MDR-570LP 1W/ 12-22000 GHz/ 24 Om/ 108dBa/ 1.2m/ Black; 789748/3725; 382391.00000; 
Наушники накладные и полноразмерные; Наушники Sony MDR-E10LP/P 0.1W/ 18-22000 GHz/ 104dBa/ 16 Om/ 1.2m/ Pink; 787684/3725; 88578.00000; 
Наушники накладные и полноразмерные; Наушники Sony MDR-E11LP/L 0.1W/ 12-22000 GHz/ 108dBa/ 16 Om/ 1.2m/ Blue; 787687/3725; 125441.00000; 
Наушники накладные и полноразмерные; Наушники Sony MDR-EX40LP/LI 0.1W/ 16-23000 GHz/ 16 Om/ 100dBa/ 1.2m/ Blue; 787691/3725; 221818.00000; 
Наушники накладные и полноразмерные; Наушники Sony MDR-EX40LP/PI 0.1W/ 16-23000 GHz/ 16 Om/ 100dBa/ 1.2m/ Pink; 787692/3725; 221818.00000; 
Наушники накладные и полноразмерные; Наушники Sony MDR-EX50LP/R 0.1W/ 5-23000 GHz/ 16 Om/ 100dBa/ 1.2m/ Red; 789758/3725; 151977.00000; 
Наушники накладные и полноразмерные; Наушники Sony MDR-G45LP 1W/ 16-20000 GHz/ 16 Om/ 104dBa/ 1.2m/ Black; 789747/3725; 156878.00000; 
Наушники накладные и полноразмерные; Наушники Sony MDR-IF140K 18-22000 GHz/ 1xAAA/ 7m/ RCA; 789749/3725; 372574.00000; 
Наушники накладные и полноразмерные; Наушники Sony MDR-ZX300/L 1W/ 10-24000 GHz/ 24 Om/ 102dBa/ 1.2m/ Blue; 787672/3725; 333851.00000; 
Наушники накладные и полноразмерные; Наушники Sony MDR-ZX300/R 1W/ 10-24000 GHz/ 24 Om/ 102dBa/ 1.2m/ Red; 787680/3725; 333851.00000; 
Наушники накладные и полноразмерные; Наушники Sony MDR-ZX500/B 1.5W/ 8-25000 GHz/ 70 Om/ 104dBa/ 1.2m/ Black; 789761/3725; 382391.00000; 
Мыши A4Tech; Мышь A4Tech G6-20D 2.4G  Wireless Optical Black/ USB; 779047/3725; 189364.00000; 
Мыши A4Tech; Мышь A4Tech XL-760H G-Laser 3600dpi/ 6кн+1кол/ 4D/ Black-Silver/ USB; 779599/3725; 289799.00000; 
Мыши Canyon; Мышь Canyon CNR-MSD04 Optical/ 1000dpi/ USB/ Black; 787513/3725; 74869.00000; 
Мыши Canyon; Мышь Canyon CNR-MSD05 Optical/ 1000dpi/ USB/ Black; 787501/3725; 90509.00000; 
Мыши Canyon; Мышь Canyon CNR-MSD06S Optical/ 1600dpi/ USB/ Black-Silver; 787515/3725; 79454.00000; 
Мыши Canyon; Мышь Canyon CNR-MSLW01BL Optical Cordless RF/ 1600dpi/ USB/ Black-Blue; 787520/3725; 264410.00000; 
Мыши Canyon; Мышь Canyon CNR-MSLW01O Optical Cordless RF/ 1600dpi/ USB/ Black-Orange; 787522/3725; 264410.00000; 
Мыши Canyon; Мышь Canyon CNR-MSLW03 Laser Cordless RF/ 1600dpi/ USB/ Silver; 787490/3725; 230051.00000; 
Мыши Canyon; Мышь Canyon CNR-MSOW01BL Optical Cordless RF/ 1600dpi/ USB/ Black-Blue; 787492/3725; 184843.00000; 
Мыши Canyon; Мышь Canyon CNR-MSOW01G Optical Cordless RF/ 1600dpi/ USB/ Black-Green; 787493/3725; 188678.00000; 
Мыши Canyon; Мышь Canyon CNR-MSOW01O Optical Cordless RF/ 1600dpi/ USB/ Black-Orange; 787494/3725; 188678.00000; 
Мыши Canyon; Мышь Canyon CNR-MSOW03S Optical Wireless RF/ 1000dpi/ USB/ Black-Silver; 787518/3725; 135700.00000; 
Мыши Defender; Мышь Defender Diablo 500G Optical/ 1000dpi/ 4кн + кол/ USB/ Grey; 784358/3725; 86933.00000; 
Мыши Defender; Мышь Defender T-Sense 1000 Nano Black Radio Optical 1000dpi/ USB; 788266/3725; 274739.00000; 
Мыши Defender; Мышь Defender T-Sense 1000 Nano White Radio Optical 1000dpi/ USB; 788267/3725; 274739.00000; 
Мыши Logitech; Мышь Logitech M305 910-002183 Wireless Mouse Citron Yellow USB; 786237/3725; 373740.00000; 
Мыши Logitech; Мышь Logitech M310 910-002173 Wireless Mouse Dark Vine USB; 786243/3725; 274423.00000; 
Мыши Logitech; Мышь Logitech M310 910-002174 Wireless Mouse Red Tendris USB; 786245/3725; 274423.00000; 
Мыши Logitech; Мышь Logitech M345 Wireless Mouse Pink USB; 789045/3725; 326563.00000; 
Мыши Logitech; Мышь Logitech M515 Cordless Laser USB/ Blue; 789043/3725; 526213.00000; 
Мыши Logitech; Мышь Logitech M515 Cordless Laser USB/ Silver; 789042/3725; 509694.00000; 
Мыши Logitech; Мышь Logitech M525 910-002604 Wireless Mouse Green; 789732/3725; 393746.00000; 
Мыши Logitech; Мышь Logitech RX250 Optical Black PS/2+USB; 777457/3725; 93448.00000; 
Мыши Logitech; Трекбол Logitech Marble Mouse Optical/ 800dpi/ USB <910-000808>; 789738/3725; 388888.00000; 
Мыши Sony; Мышь Sony VGP-BMS15/P Laser Bluetooth 800dpi/ Pink-Green; 789741/3725; 591917.00000; 
Мыши Sony; Мышь Sony VGP-BMS20/D Laser Bluetooth 800dpi/ Orange; 789742/3725; 469774.00000; 
Мыши Sony; Мышь Sony VGP-BMS20/G Laser Bluetooth 800dpi/ Green; 787535/3725; 469774.00000; 
Мыши Sony; Мышь Sony VGP-BMS20/GI Laser Bluetooth 800dpi/ Green; 787536/3725; 469774.00000; 
Мыши других производителей; Мышь Arctic Cooling M571 Laser/ 2400dpi/ 1.8m./ Black/ USB; 787949/3725; 204234.00000; 
Мыши других производителей; Мышь Chicony MGR-0846T Mini/ Optical/ Wireless/ USB/ Black-Silver/ 2xAA; 789318/3725; 80040.00000; 
Мыши других производителей; Мышь Chicony MS-0526 Mini/ Optical/ USB/ Black-Silver; 787183/3725; 171769.00000; 
Коврики для мыши; Mouse Pad Nova Lady Precious PS Pink со стразами Swarowski; 779844/3725; 102101.00000; 
Коврики для мыши; Mouse Pad Zava Elite Натуральная кожа; 786943/3725; 132899.00000; 
Коврики для мыши; Mouse Pad Zava Standart натуральная кожа; 786942/3725; 74867.00000; 
Навигаторы GPS; GPS-навигатор PRESTIGIO GeoVision 4141BT 4.3''/ Atlas V/ 128Mb/ 2G/ Navitel/ Bluetooth/ Micro SD/ USB/ Widows CE 6.0; 787660/3725; 827172.00000; 
Навигаторы GPS; GPS-навигатор PRESTIGIO GeoVision 4500 4.3''/ Atlas V/ 128Mb/ 4G/ Navitel/ Micro SD/ USB; 786471/3725; 758172.00000; 
Навигаторы GPS; GPS-навигатор Starway 500X 5.0'' 800x480/ Atlas V/ 128Mb/ FM/ BT/ SDHC up to 32Gb/ Win CE 6.0/ USB; 788673/3725; 926581.00000; 
Навигаторы GPS; GPS-навигатор Starway 5X 5.0'' 800x480/ Atlas V/ 128Mb/ FM/ SDHC up to 32Gb/ Win CE 6.0/ USB; 788153/3725; 848701.00000; 
Принтеры лазерные цветные; Canon i-SENSYS LBP5050 Color A4/ 12/8ppm/ 600x600dpi/ подача/вывод 250/65/ 16Mb/ USB; 782483/3725; 2094320.00000; 
Принтеры лазерные цветные; Canon i-SENSYS LBP7018C Color A4/ 16/4ppm/ 600x600dpi/ подача/вывод 150/50/ 16Mb/ USB; 789813/3725; 1606665.00000; 
Принтеры лазерные цветные; HP LaserJet Pro CP1025 Color A4/ 16/4ppm/ 600x600dpi/ подача/вывод 150/50/ 8Mb/ USB; 786777/3725; 1962498.00000; 
Принтеры лазерные; HP HP LaserJet Pro P1102 A4/ 18ppm/ 600x600dpi/ подача/вывод 150/100/ 2Mb/ USB; 784249/3725; 1123088.00000; 
Принтеры лазерные цветные; Samsung CLP-320 Color A4/ 16/4ppm/ 2400x600dpi/ подача/вывод 130/80/ 32Mb/ USB; 785663/3725; 1451718.00000; 
Принтеры лазерные; Samsung ML-1675 A4/ 16ppm/ 1200x1200dpi/ подача/вывод 150/100/ 8Mb/ USB; 789500/3725; 749963.00000; 
Принтеры лазерные; Samsung ML-3310ND A4/ 31ppm/ 1200x1200dpi/ подача/вывод 250/150/ 64Mb/ Duplex/ RJ-45/ USB; 789796/3725; 2439840.00000; 
Принтеры лазерные; Xerox Phaser 3140 A4/ 18ppm/ 600x600dpi/ подача/вывод 251/80/ 8Mb/ USB; 782371/3725; 925294.00000; 
Принтеры лазерные; Xerox Phaser 3160B A4/ 24ppm/ 1200x1200dpi/ подача/вывод 251/80/ 64Mb/ USB; 784818/3725; 1600800.00000; 
МФУ лазерные; Canon i-SENSYS MF3010 МФУ A4/ 18ppm/ 600x400dpi/ подача/вывод 150/100/ 64Mb/ LCD/ USB; 789251/3725; 1635300.00000; 
МФУ лазерные; Canon i-SENSYS MF4410 МФУ A4/ 23ppm/ 600x600dpi/ подача/вывод 250/100/ 64Mb/ LCD/ USB; 785927/3725; 1964700.00000; 
МФУ лазерные; Canon i-SENSYS MF4430 МФУ A4/ 23ppm/ 600x600dpi/ подача/вывод 250/100/ 64Mb/ LCD/ USB; 786269/3725; 2191900.00000; 
МФУ лазерные цветные; HP LaserJet CM2320fxi МФУ+Fax 4 Color A4/ 20 чб/цв/ 600х600dpi/ 160Mb/ RJ-45/ RJ-11/ Duplex/ LCD 2.4''/ USB; 787732/3725; 9766586.00000; 
МФУ лазерные; HP LaserJet Pro M1217nfw МФУ+Fax A4/ 18ppm/ 600x600dpi/ подача/вывод 150/100/ 64Mb/ RJ-45/ LCD/ Wi-Fi/ AirPrint/ USB; 787734/3725; 2773386.00000; 
МФУ лазерные; Xerox Phaser 3100MFP/S МФУ A4/ 20ppm/ 600x600dpi/ подача/вывод 251/50/ 32Mb/ LCD/ USB; 779758/3725; 1626640.00000; 
Принтеры струйные; Canon Pixma iP2700 Color A4/ 22/17ppm/ 4800x1200dpi/ USB; 783704/3725; 404800.00000; 
Принтеры струйные; Canon Pixma iP3600 Color A4/ 7/5ppm/ 9600x2400dpi/ USB; 779477/3725; 779113.00000; 
Принтеры струйные; Canon Pixma iP4940 Color A4/ 12/9ppm/ 9600x2400dpi/ Duplex/ PrintCD/ USB; 789684/3725; 924600.00000; 
Принтеры струйные; HP HP Deskjet 3000 Color A4/ 20/16ppm/ 4800x1200dpi/ подача/вывод 60/25/ LCD/ Wi-Fi/ USB; 785169/3725; 704348.00000; 
МФУ струйные; Canon PIXMA MG5240 МФУ Color A4/ 12/9ppm/ 9600x2400dpi/ подача/вывод 150/150/ Duplex/ LCD 2.4''/ Wi-Fi/ CardReader/ PrintCD/ USB; 785708/3725; 1796594.00000; 
МФУ струйные; Canon Pixma MG8140 МФУ Color A4/ 12/9ppm/ 9600x2400dpi/ подача/вывод 150/150/ Duplex/ RJ-45/ LCD 3.5''/ Wi-Fi/ CardReader/ PrintCD/ USB; 786355/3725; 4100878.00000; 
МФУ струйные; Canon Pixma MX360 МФУ+Fax Color A4/ 8/5ppm/ 4800x1200dpi/ LCD/ USB; 788091/3725; 712673.00000; 
МФУ струйные; Canon Pixma MX410 МФУ+Fax Color A4/ 8.7/5ppm/ 4800x1200dpi/ LCD/ Wi-Fi/ USB; 788092/3725; 927636.00000; 
МФУ струйные; Epson Stylus SX130 МФУ Color A4/ 28/15ppm/ 5760x1440dpi/ USB; 789072/3725; 602337.00000; 
Крепления для телевизоров мониторов плазменных панелей; Универсальное потолочное крепление до 15кг/ длина от 116 до 578 мм; 787040/3725; 768163.00000; 
Сканеры Canon; Canon CanoScan LIDE 110 A4/ планшетный/ CIS/ 48bit/ 2400x4800 dpi/ USB 2.0; 785404/3725; 786025.00000; 
Сканеры Canon; Canon CanoScan LIDE 210 A4/ Color/ планшетный/ CIS/ 4800x4800 dpi/ USB 2.0; 785510/3725; 1017336.00000; 
Сканеры Hewlett Packard; HP Scan Jet G2710 A4 Color/ CCD/ 2400dpi/ 48bit/ Scan + Copy Buttons/ USB; 778031/3725; 889349.00000; 
Сканеры Hewlett Packard; HP Scan Jet G3110 A4 Color/ CCD/ 4800dpi/ 48bit/ Scan + Copy Buttons/ USB; 780226/3725; 1127874.00000; 
Сканеры Hewlett Packard; HP Scan Jet G4010 A4 Color/ CCD/ 4800x9600 dpi/ 96 bit/ USB; 779180/3725; 1656659.00000; 
Сканеры Hewlett Packard; HP Scan Jet G4050 А4/ Color/ CCD/ 4800x9600 dpi/ 96 bit/ USB 2.0; 779013/3725; 2387407.00000; 
Планшетные компьютеры ПРОЧИЕ;" Prestigio MultiPad PMP7070CRU ARM Cortex-A8/ 256Mb/ 8G/ 7""/ Wi-Fi/ BT/ Cam/ HDMI/ mUSB/ Android/ Grey/ СТБ"; 787966/3725; 2691839.00000; 
Материнские платы для AMD Socket AM3+; BOX Socket AM3 Athlon II X3 455 3.3GHz (128KB + 1536KB) Rana; 789776/3725; 886892.00000; 
UPS FSP; UPS FSP EP450 450ВА/240Вт Линейно-интерактивный; 789106/3725; 431940.00000; 
UPS FSP; UPS FSP EP850 850ВА/480Вт Линейно-интерактивный; 789703/3725; 607200.00000; 
UPS American Power Conversion (APC); UPS Powerex VI 650 LED Line Interactive 650VA/360W 2 розетки; 785624/3725; 371520.00000; 
UPS American Power Conversion (APC); UPS Powerex VI 850 LED Line Interactive 850VA/480W 2 розетки; 785625/3725; 555120.00000; 
Стабилизаторы напряжения FSP; Стабилизатор напряжения FSP Scudo AVR 600 (вх.180 ~ 264 В/ 3 розетки евро.стандарт/ защита телефонной линии); 789706/3725; 260820.00000; 
Клавиатуры A4Tech; Клавиатура A4Tech G100 USB Игровой блок/ 4 сменные клавиши/ защита от пролива воды; 780537/3725; 161190.00000; 
Клавиатуры прочих производителей; Клавиатура Chicony KB-0833 Black/ 10 hot keys/ PS/2 Macintosh desing.; 781565/3725; 100800.00000; 
Клавиатуры прочих производителей; Клавиатура Chicony KB-0837 Black/ PS/2/ Low Prifile Keys; 781562/3725; 100800.00000; 
Клавиатуры прочих производителей; Клавиатура Chicony KU-0325 Black USB; 789317/3725; 55200.00000; 
Клавиатуры прочих производителей; Клавиатура Chicony KU-0512 Multimedia/ Black-Silver/ USB; 781279/3725; 123300.00000; 
Клавиатуры прочих производителей; Клавиатура Chicony KU-0837 Black/ 3 hot keys/ USB Macintosh desing.; 784054/3725; 103896.00000; 
Клавиатуры Defender; Клавиатура Defender Accent 930 104 клавиши/ Black/ USB; 780992/3725; 65073.00000; 
Клавиатуры Defender; Клавиатура Defender Episode 950 Slim/ USB/ Black; 781207/3725; 69017.00000; 
Клавиатуры Defender; Клавиатура Defender Galaxy 4710 S Slim Multimedia 119 + 15 клавиш/ Silver/ подсветка клавиш/ USB; 782060/3725; 165186.00000; 
Клавиатуры Defender; Клавиатура Defender Inox 900 Aluminium Slim/ 12 hot keys/ USB; 784354/3725; 148326.00000; 
Клавиатуры Defender; Клавиатура Defender Inox 900 Bronze Slim/ 12 hot keys/ USB; 784355/3725; 124818.00000; 
Клавиатуры Defender; Клавиатура Defender Magnate 800 Slim 117 + 13 клавиш/ Silver/ USB; 782064/3725; 101098.00000; 
Клавиатуры Defender; Клавиатура Defender Solo 850 G Slim Multimedia 119 + 15 клавиш/USB/ Grey; 782063/3725; 123524.00000; 
Клавиатуры прочих производителей; Клавиатура Dell KB212-B QuietKey Keyboard Black USB; 789581/3725; 163440.00000; 
Клавиатуры Logitech; Клавиатура Logitech Classic Keyboard K100 Black; 789068/3725; 90923.00000; 
Клавиатуры Logitech; Клавиатура Logitech Compact Keyboard K300 Black USB; 781155/3725; 253446.00000; 
Клавиатуры Logitech; Клавиатура Logitech G105 Gaming Keyboard Black USB; 789069/3725; 600443.00000; 
Клавиатуры Logitech; Клавиатура Logitech G13 Advanced Gameboard Black USB; 781287/3725; 778335.00000; 
Клавиатуры Logitech; Клавиатура Logitech K200 Black/ USB; 785188/3725; 140803.00000; 
Клавиатуры Logitech; Клавиатура Logitech Wireless Keyboard K230 Black USB; 789726/3725; 192295.00000; 
Комплекты проводные; Клавиатура + мышь Logitech Wireless Desktop MK 220 Black; 789720/3725; 260972.00000; 
Комплекты беспроводные; Клавиатура + мышь Logitech Wireless Desktop MK 710 Black; 782883/3725; 1146126.00000; 
Джойстики; Джойстик Defender Cobra R4 12кнопок/ 4 оси /8-позициооный переключатель/ USB; 788273/3725; 240761.00000; 
Джойстики; Джойстик Logitech Attack 3 Joystick; 779319/3725; 293020.00000; 
Кабели; Кабель Defender RCA2P2P-05PRO 1.5m audio/video; 781442/3725; 117558.00000; 
Кабели; Кабель Gembird CC-USB2-AMAF-10 AM-AF/ USB 2.0/ 3m; 789386/3725; 13892.00000; 
Кабели; Кабель Gembird CC-USB2-AMBM-6 AM-BM/ USB 1.1/ 1.8m; 788764/3725; 9470.00000; 
Кабели питания; Кабель питания для системного блока Gembird PC-186 1.8m; 789388/3725; 14903.00000; 
Кабели питания; Кабель питания для системного блока Gembird PC-186-10 3м; 789389/3725; 14778.00000; 
Кабели питания; Кабель питания для системного блока Gembird PC-186-15 5м; 789390/3725; 17286.00000; 
Удлинители; Удлиннитель кабеля питания Gembird PC-189-15 5м; 789394/3725; 24694.00000; 
Контроллеры прочие; Adapter Defender UAP123 USB to 2xPS/2; 787979/3725; 62353.00000; 
Контроллеры прочие; Контроллер Bluetooth Canyon CNR-BTU6; 788825/3725; 106968.00000; 
Контроллеры прочие; Контроллер Bluetooth USB Experts Nano; 784330/3725; 53306.00000; 
Рули; Руль Canyon CNG-GW1 USB/ педали/ вибрация/  Black-Orange; 787497/3725; 246688.00000; 
Баллоны. спреи; Favorit Office Disc Clean спрей для компакт дисков 250 мл; 780057/3725; 23929.00000; 
Салфетки; Favorit Office Universal Clean салфетки сухиее пачка 20шт; 780053/3725; 20944.00000; 
Чистящие средства; Parity New Комплект для очистки ноутбуков (60мл+2 салфетки); 785880/3725; 43645.00000; 
Салфетки; Parity Влажные чистящие салфетки для компьютеров и оргтехники (туба) (105шт); 785883/3725; 48643.00000; 
Чистящие средства; Parity Комплект для очистки ноутбуков (60мл+4 салфетки 15*15); 786992/3725; 34094.00000; 
Чистящие средства; Parity Комплект для очистки экранов  обычных и LCDмониторов (60мл+4 салфетки 15*15); 786993/3725; 34094.00000; 
Компъютеры Артека;" A344150V45D50 ПЭВМ ""SKY SYSTEMS"" AMD A4 X2 3400/ATX FM1/DDR3 4Gb/1500Gb/GTS450 1024MB/DVD-RW/ATX500W"; 788996/3725; 6075630.00000; 
Компъютеры Артека;" A35250V0D35 ПЭВМ ""SKY SYSTEMS"" AMD A6 X3 3500/ATX FM1/DDR3 2Gb/500Gb/DVD-RW/ATX350W"; 788742/3725; 4527600.00000; 
Компъютеры Артека;" 250250V45D45 ПЭВМ ""SKY SYSTEMS"" AMD Athlon II X2 250/ATX AM3/DDR3 2Gb/500Gb/GTS450 1024MB/DVD-RW/ATX450W"; 788995/3725; 5203727.00000; 
Компъютеры Артека;" 6454150V46D50 ПЭВМ ""SKY SYSTEMS"" AMD Athlon II X4 645/mATX AM3/DDR3 4Gb/1500GB/GTX460 1024MB/DVD-RW/ATX500W"; 788994/3725; 6958248.00000; 
Компъютеры Артека;" i21250V0D45 ПЭВМ ""SKY SYSTEMS"" Intel Core i3-2100/mATX 1155/DDR3 2Gb/500Gb/DVD-RW/ATX450W"; 788997/3725; 4925580.00000; 
Корпуса Arctic Cooling; Корпус Arctic Cooling Silentium T-11 без БП/ ATX/ 2x120mm Fan/ 2xUSB/ 2xAudio/ Black; 786098/3725; 570238.00000; 
Корпуса COOLER MASTER; Корпус Cooler Master RC-310-SKRK-GP Elite 310 460W ATX/ MidiTower/ 2xUSB/ Black; 787433/3725; 689764.00000; 
Корпуса COOLER MASTER; Корпус Cooler Master RC-330-KKRK-GP Elite 330 460W Black; 787430/3725; 695286.00000; 
Корпуса COOLER MASTER; Корпус Cooler Master RC-331-KKRK-GP Elite 331 460W Black; 787431/3725; 695286.00000; 
Корпуса COOLER MASTER; Корпус Cooler Master RC-332-KKRK-GP 460W ATX/ PFC 120mm/ Air Duct/ USB + Audio/ Silver-Black; 782300/3725; 695286.00000; 
Корпуса COOLER MASTER; Корпус Cooler Master RC-333-KKRK-GP Elite 333 460W ATX/ MidiTower/ 2xUSB/ Black; 787432/3725; 695286.00000; 
Корпуса COOLER MASTER; Корпус Cooler Master RC-334-KKRK-GP 460W ATX/ PFC 120mm/ Air Duct/ USB + Audio/ Silver-Black; 782301/3725; 695286.00000; 
Корпуса Delux; Корпус Delux MT302 450W (USB/ audio) Black-Silver; 779840/3725; 283716.00000; 
Корпуса INWIN; Корпус Inwin BR-661 450W S450CQ7 Dragon Slayer Mini Tower ATX; 787396/3725; 1165747.00000; 
Корпуса INWIN; Корпус Inwin BR-661 500W S500AQ3 Dragon Slayer Mini Tower ATX; 787397/3725; 1272475.00000; 
Корпуса INWIN; Корпус Inwin BS-658 600W S600AQ3-0 Android Mini Tower ATX; 787399/3725; 1590040.00000; 
Корпуса INWIN; Корпус Inwin C-583 450W S450T7-0 Black-Silver / ATX-P4/ 9cm/ 20+4pin/ USB/ Audio/ Air Duct; 780565/3725; 698662.00000; 
Корпуса INWIN; Корпус Inwin C-589 450W S450CQ7-0 Silver-Black P4 AIR; 787400/3725; 700298.00000; 
Корпуса INWIN; Корпус Inwin C-589T 450W Silver-Black P4 AIR; 780566/3725; 698700.00000; 
Корпуса INWIN; Корпус Inwin C-602T 450W Silver-Black P4 AIR USB Audio; 782035/3725; 698729.00000; 
Корпуса INWIN; Корпус Inwin IRC-F1002 600W S600AQ3-0 Ironclad Full Tower; 787418/3725; 2114531.00000; 
Корпуса INWIN; Корпус Inwin J-614 550W S550AQ3-0 Red Midi Tower Red; 785330/3725; 1749209.00000; 
Корпуса INWIN; Корпус Inwin J-632 550W S550AQ3-0 Midi Tower; 785328/3725; 2095716.00000; 
Корпуса INWIN; Корпус Inwin S-564 450W S450CQ7-0 Black-Silver Midi Tower/ ATX 12V; 785327/3725; 811715.00000; 
Корпуса INWIN; Корпус Inwin S-625 450W S450CQ7-0 Black MidiTower/ ATX 12V; 785325/3725; 773850.00000; 
Корпуса INWIN; Корпус Inwin Z-583T 350W/12cm FAN/ AirDuct/USB/ Audio/черный; 789319/3725; 527850.00000; 
Блоки питания 400-450 Ватт; Блок питания ATX FSP Q-dion QD450 450W 120mm Fan/ 24+4pin/ PFC; 788166/3725; 295320.00000; 
Блоки питания 500-550 Ватт; Блок питания ATX FSP Q-dion QD500 500W 120mm Fan/ 24+4pin/ PFC; 788160/3725; 320160.00000; 
Блоки питания 500-550 Ватт; Блок питания ATX Power MAN IP-S550AQ3-0 550W ATX12V 2.2/ 20+4pin/ 120mm Fan; 780970/3725; 485201.00000; 
Процессоры AMD Socket AM3+; Socket AM3 AsRock N68-VS3 UCC GeForce 7025/630А mATX/ 2xDDR3/ PCI-E/ SVGA/ SATA/ RAID Sound 5.1/ GLan; 788747/3725; 455242.00000; 
Карты расширения Secure Digital (SD); Micro Secure Digital (Micro SD) Card 16Gb Silicon Power SP016GBSTH004V10-SP Class 4 + SD Adapter; 789416/3725; 93840.00000; 
Картридеры; Card Reader Defender Micro; 787978/3725; 72353.00000; 
Картридеры; Card Reader Defender Superior Slim; 785306/3725; 84752.00000; 
Мониторы LCD 19;" 18.5"" Acer V193HQLAob LED Black/ 1366x768/ 16:9/ TN+Film/ 250 кд/м2/ 12 000 000:1/ 176°/176°/ 5 мс/ D-Sub"; 786053/3725; 1019566.00000; 
Мониторы LCD 19;" 18.5"" LG E1941T LED Black/ 1366x768/ 16:9/ TN+Film/ 250 кд/м2/ 5 000 000:1/ 170°/160°/ 5 мс/ DVI/ D-Sub"; 789152/3725; 1186770.00000; 
Мониторы LCD 19;" 18.5"" LG W1943C Black/ 1366x768/ 16:9/ TN+Film/ 200 кд/м2/ 30 000:1/ 90°/60°/ 5 мс/ D-Sub"; 788590/3725; 1025579.00000; 
Мониторы LCD 19;" 18.5"" ASUS VH192D Black/ 1366x768/ 16:9/ TN+Film/ 250 кд/м2/ 10 000:1/ 170°/160°/ 5 мс/ D-Sub"; 781409/3725; 1182474.00000; 
Мониторы LCD 19;" 19"" Philips 192E2SB/01 / 1366x768/ 16:9/ TN+Film/ 250 кд/м2/ 500 000:1/ 176°/170°/ 5 мс/ DVI/ D-Sub"; 789460/3725; 1058411.00000; 
Мониторы LCD 19;" 19"" Philips 196V3LAB/00 WLED Black 1366x768/ 16:10/ 10000000:1/ 170°/160°/ 5ms/ 250cd/m2/ DVI-D/ D-Sub/ 2x1/5W"; 788234/3725; 1219979.00000; 
Мониторы LCD 19;" 19"" Philips 196V3LSB/01 LED Black/ 1366x768/ 16:9/ TN+Film/ 250 кд/м2/ 10 000 000:1/ 170°/160°/ 5 мс/ DVI/ D-Sub"; 789259/3725; 1048800.00000; 
Мониторы LCD 19;" 19"" Philips 197E3LSU/00 WLED Black 1366x768/ 20000000:1/ 170°/160°/ 5ms/ 250cd/m2/ DVI-D/ D-Sub"; 788224/3725; 1136201.00000; 
Мониторы LCD 19;" 19"" Philips 19B1CB/00 Black 1280x1024/ 5:4/ 25000:1/ 176°/170°/ 5ms/ 250cd/m2/ DVI-D/ D-Sub/ 2x1W/ USB/ VESA"; 784561/3725; 1780200.00000; 
Мониторы LCD 19;" 19"" Philips 19S1SB/00 Black 1280x1024/ 5:4/ 25000:1/ 176°/170°/ 5ms/ 250cd/m2/ DVI-D/ D-Sub/ VESA"; 784567/3725; 1649100.00000; 
Мониторы LCD 19;" 19"" Samsung E1920NR Silver 1280x1024/ 50000:1/170° /160°/ 5ms/ 250cd/m2/ D-Sub/ VESA"; 785047/3725; 1552500.00000; 
Мониторы LCD 20 -22;" 20"" LG E2041S LED / 1600x900/ 16:9/ TN+Film/ 250 кд/м2/ 5 000 000:1/ 170°/160°/ 5 мс/ D-Sub"; 788989/3725; 1311000.00000; 
Мониторы LCD 20 -22;" 20"" LG W2043S PF Black 1600x900/ 30000:1/ 170°/160°/ 5ms/ 250cd/m2/ D-Sub"; 782043/3725; 1264961.00000; 
Мониторы LCD 20 -22;" 20"" Philips 201BL2CB/00 LED / 1600x900/ 16:9/ TN+Film/ 250 кд/м2/ 20 000 000:1/ 176°/170°/ 5 мс/ DVI/ D-Sub/ Sound/ USB hub"; 788804/3725; 1709669.00000; 
Мониторы LCD 20 -22;" 20"" Philips 202E2SB Black 1600x900/ 500000:1/ 176°/170°/ 5ms/  250cd/m2/ DVI/ D-Sub/ VESA"; 786876/3725; 1453837.00000; 
Мониторы LCD 20 -22;" 20"" Philips 206V3LAB/00 W-LED Black 1600x900/ 10000000:1/ 170°/160°/ 5ms/  250cd/m2/ DVI-D/ D-Sub/ 2x1.5W"; 788226/3725; 1393800.00000; 
Мониторы LCD 20 -22;" 21.5"" LG IPS225T LED Black/ 1920x1080/ 16:9/ IPS/ 250 кд/м2/ 5 000 000:1/ 178°/178°/ 5 мс/ DVI/ D-Sub"; 789597/3725; 1845005.00000; 
Мониторы LCD 20 -22;" 22"" ASUS VH228D LED Black/ 1920x1080/ 16:9/ TN+Film/ 250 кд/м2/ 50 000 000:1/ 170°/160°/ 5 мс/ D-Sub"; 789209/3725; 1798153.00000; 
Мониторы LCD 20 -22;" 22"" LG E2241S LED Black 1920x1080/ 5000000:1/ 170°/160°/ 5ms/ 250cd/m2/ D-Sub/ VESA"; 787842/3725; 1515002.00000; 
Мониторы LCD 20 -22;" 22"" LG E2241T LED Black 1920x1080/ 5000000:1/ 170°/160°/ 5ms/ 250cd/m2/ DVI-D/ D-Sub/ VESA"; 788583/3725; 1468486.00000; 
Мониторы LCD 20 -22;" 22"" LG E2251T LED Black/ 1920x1080/ 16:9/ TN+Film/ 250 кд/м2/ 5 000 000:1/ 170°/160°/ 5 мс/ DVI/ D-Sub"; 789276/3725; 1587000.00000; 
Мониторы LCD 20 -22;" 22"" LG E2281VR LED Black 1920x1080/ 10000000:1/ 170°/160°/ 5ms/ 250cd/m2/ HDMI/ DVI-D/ D-Sub/ Headphone"; 788584/3725; 2420963.00000; 
Мониторы LCD 20 -22;" 22"" LG IPS226V S-IPS 1920x1080/ 5000000:1/ 178°/178°/ 6ms/ 250cd/m2/ HDMI. DVI-D/ D-Sub/ VESA"; 787657/3725; 2070828.00000; 
Мониторы LCD 20 -22;" 22"" LG M2250D+TV LED 1920x1080/ 5000000:1/ 176°/170°/ 5ms/ 250cd/m2/ HDMI/ D-Sub/ 2x5W/ ДУ/ VESA"; 788588/3725; 2518500.00000; 
Мониторы LCD 20 -22;" 21.5"" LG W2243S Black/ 1920x1080/ 16:9/ TN+Film/ 300 кд/м2/ 30 000:1/ 176°/170°/ 5 мс/ D-Sub"; 780638/3725; 1378620.00000; 
Мониторы LCD 20 -22;" 22"" NEC P221W Black/ 1680x1050/ 16:10/ PVA/ 300 кд/м2/ 1 000:1/ 178°/178°/ 6 мс/ DVI/ D-Sub/ Pivot"; 780551/3725; 5542434.00000; 
Мониторы LCD 20 -22;" 22"" Philips 220V1SB/62 Black/ 1680x1050/ 16:10/ TN+Film/ 250 кд/м2/ 20 000:1/ 176°/170°/ 5 мс/ D-Sub"; 789594/3725; 1548360.00000; 
Мониторы LCD 23 -24;" 23"" LG D2342P LED/ 3D Black/ 1920x1080/ 16:9/ TN+Film/ 250 кд/м2/ 5 000 000:1/ 170°/160°/ 5 мс/ DVI/ HDMI/ D-Sub"; 789274/3725; 2760000.00000; 
Мониторы LCD 23 -24;" 23"" LG E2351T-BN LED Black/ 1920x1080/ 16:9/ TN+Film/ 250 кд/м2/ 5 000 000:1/ 170°/160°/ 5 мс/ DVI/ D-Sub"; 789596/3725; 2049300.00000; 
Мониторы LCD 23 -24;" 23"" LG IPS235T LED Black/ 1920x1080/ 16:9/ IPS/ 250 кд/м2/ 5 000 000:1/ 178°/178°/ 5 мс/ DVI/ D-Sub"; 789598/3725; 2235600.00000; 
Мониторы LCD 23 -24;" 23"" LG IPS236V IPS LED 1920x1080/ 5000000:1/ 178°/178°/ 5ms/ 250cd/m2/ HDMI/ DVI-D/ D-Sub/ Headphone Out/ VESA"; 788587/3725; 2456400.00000; 
Мониторы LCD 23 -24;" 23"" Samsung B2330 Black 1920x1080/ 70000:1/ 170°/160°/ 5ms/ 300cdc/m2/ DVI-D/ D-Sub/ VESA"; 785803/3725; 2146950.00000; 
Мониторы LCD 23 -24;" 23"" Samsung S23A350N LED / 1920x1080/ 16:9/ TN+Film/ 250 кд/м2/ 1 000 000:1/ 170°/160°/ 5 мс/ D-Sub"; 789139/3725; 2203860.00000; 
Мониторы LCD 23 -24;" 23.6"" ViewSonic VX2451mhp-LED LED White/ 1920x1080/ 16:9/ TN+Film/ 300 кд/м2/ 20 000 000:1/ 170°/160°/ 5 мс/ DVI/ HDMI/ D-Sub/ Sound"; 788800/3725; 2514096.00000; 
Мониторы LCD 23 -24;" 24"" LG E2441T LED / 1920x1080/ 16:9/ TN+Film/ 250 кд/м2/ 5 000 000:1/ 170°/160°/ 5 мс/ DVI/ D-Sub"; 788990/3725; 2083800.00000; 
Мониторы LCD 23 -24;" 24"" Philips 247E3LSU/00 LED Black-Brown/ 1920x1080/ 16:9/ TN+Film/ 300 кд/м2/ 20 000 000:1/ 170°/160°/ 5 мс/ DVI/ D-Sub"; 789164/3725; 1932000.00000; 
Мониторы LCD 23 -24;" 24"" Samsung S24A350H LED Black/ 1920x1080/ 16:9/ TN+Film/ 250 кд/м2/ 170°/160°/ 2 мс/ D-Sub/ HDMI"; 789137/3725; 2737541.00000; 
Мониторы LCD 25 -46;" 27"" Samsung S27A550H LED Black/ 1920x1080/ 16:9/ TN+Film/ 300 кд/м2/ 1 000 000:1/ 170°/160°/ 5 мс/ D-Sub/ HDMI"; 789506/3725; 4079376.00000; 
Системы охлаждения. вентиляторы; Кулер Arctic Cooling Alpine 64 Pro 500-2000rpm/ 90mm Fan/ 36.7CFM/ 90W/ AL; 781921/3725; 93506.00000; 
Системы охлаждения. вентиляторы; Вентилятор Arctic Cooling Arctic F9 500-2000rpm/ 92mm/ 23.5dBa; 786092/3725; 30128.00000; 
Системы охлаждения. вентиляторы; Вентилятор Arctic Cooling Arctic F9 Pro 500-2000rpm/ 92mm/ 23.5dBa; 786097/3725; 36676.00000; 
Системы охлаждения. вентиляторы; Вентилятор Arctic Cooling Arctic F9 Pro TC 500-2000rpm/ 92mm/ 23.5dBa/ Temperature Controlled; 786095/3725; 44825.00000; 
Системы охлаждения. вентиляторы; Вентилятор Arctic Cooling Arctic Fan 9L 1500rpm/ 92mm/ 12V; 781923/3725; 21984.00000; 
Системы охлаждения. вентиляторы; Кулер Arctic Cooling Freezer 13 Limited Edition/ 600-2000rpm/ 92mm Fan/ 36.4cfm/ 200W; 787947/3725; 399773.00000; 
Системы охлаждения. вентиляторы; Кулер Arctic Cooling Freezer 13/ 600-2000rpm/ 92mm Fan/ 36.4cfm; 787946/3725; 299195.00000; 
Системы охлаждения. вентиляторы; Кулер Cooler Master Hyper 101 RR-H101-30PK-RU 800-3000 rpm/ 13-28dB/ AL + тепловые трубки; 782218/3725; 160926.00000; 
Жесткие диски(HDD) 3; 500Gb Seagate ST500DM002 16MB/ 7200rpm/ SATA III; 788069/3725; 912623.00000; 
Аксесcуары к ноутбукам Apple; Apple MB321Z/A AirPort Express Wi-Fi up to 54Mbps; 784032/3725; 1583636.00000; 
Аксесcуары к ноутбукам Apple; Apple MB829ZM/A Wireless Magic Mouse LAser/ Bluetooth/ White; 782784/3725; 873884.00000; 
Аксесcуары к ноутбукам Apple; Apple MC377 Remote пульт ДУ для Apple; 783747/3725; 332074.00000; 
Аксесcуары к ноутбукам Apple; Apple MC531ZM/A переходник iPad Camera Connection Kit; 787610/3725; 414682.00000; 
Аксесcуары к ноутбукам Apple; Apple MC552ZM/A переходник iPad Dock Connector to VGA Adapter; 787611/3725; 395565.00000; 
Аксесcуары к ноутбукам Apple; Apple MC913ZM/A Thunferbolt cable 2.0m; 789158/3725; 716522.00000; 
Чехлы; Чехол для Apple iPad 2 MD307ZM/A Smart Cover Light Grey; 789156/3725; 522875.00000; 
Чехлы; Чехол для Apple iPad 2 MD308ZM/A Smart Cover Pink; 789157/3725; 527057.00000; 
Ноутбуки ACER;" Acer Aspire 5250-E302G32Mikk (LX.RJY0C.036) E-300(1.3)/ 2G/ 320G/ HD6310/ 15.6""/ DVD/ WCam/ Linux/ СТБ"; 789322/3725; 3678987.00000; 
Ноутбуки DELL;" DELL Inspiron N5050 (982) i3-2330M(2.2)/ 3G/ 320G/ Intel HD3000/ 15.6""/ DVD/ WCam/ HDMI/ BT/ СТБ"; 788689/3725; 5151744.00000; 
Ноутбуки HP; HP 635-LH486EA E-240(1.5)/ 2G/ 320G/ HD6310/ 15.6''/ DVDRW/ WF/ BT/ WCam/ HDMI/ СТБ; 788597/3725; 4044405.00000; 
Ноутбуки HP;" HP 635-LH489EA E-240(1.5)/ 2G/ 320G/ HD6310/ 15.6""/ DVD/ WCam/ HDMI/ BT/ Linux/ Grey/ СТБ"; 788639/3725; 3983050.00000; 
Охлаждающие подставки для ноутбуков; Подставка для ноутбука Belkin F5L025EA Cooling/ White/ 30x30cm; 781179/3725; 259843.00000; 
Аксессуары для ноутбуков и нетбуков; Сигнализация Laptop Antitheft Alarm- Lock MediaTech MT5502; 785839/3725; 241529.00000; 
Сетевые адаптеры для Ноутбуков. Нетбуков. Планшетов; Универсальный адаптер питания FSP NB L65 for Notebook; 787878/3725; 380484.00000; 
Сумки 15-16 дюймов; Сумка для ноутбука Belkin F8N357CW145 Move Toploader for 15” Apple MacBook; 789092/3725; 686550.00000; 
Сумки 15-16 дюймов; Сумка для ноутбука Belkin F8N357CWBKB Move Toploader for 15” Apple MacBook; 789089/3725; 670956.00000; 
Чехлы; Чехол для ноутбука Luckyboy LLFZ001 15.4'' Black; 781050/3725; 91262.00000; 
Чехлы; Чехол для ноутбука Luckyboy LLS061 15.4'' Black; 781049/3725; 93648.00000; 
Чехлы; Чехол для ноутбука Zava Glamour 10'' под крокодиловую кожу; 786939/3725; 335200.00000; 
Чехлы; Чехол для ноутбука Zava Glamour 12'' под крокодиловую кожу; 786941/3725; 402245.00000; 
Чехлы; Чехол для ноутбука Zava Glamour Arrow 10'' под крокодиловую кожу; 786940/3725; 335200.00000; 
Мыши Canyon; Мышь Canyon CNR-MSOW01P Optical Cordless RF/ 1600dpi/ USB/ Black-Pink; 787495/3725; 188678.00000; 
Мыши Canyon; Мышь Canyon CNR-MSD02 Optical/ 1600dpi/ USB/ Black-Silver; 787487/3725; 65254.00000; 
Мыши Canyon; Мышь Canyon CNR-MSO03 Optical/ 800dpi/ USB/ Black-Silver; 787504/3725; 56227.00000; 
Кабели; Кабель Defender HDMI07-06Pro HDMI to MiniHDMI 1.8m; 780986/3725; 126604.00000; 
Мыши Logitech; Мышь Logitech M125 Silver/ USB; 784154/3725; 114461.00000; 
Мыши Logitech; Мышь Logitech Anywhere MX For Notebook Optical Laser. Right Hand/ Radio/ 10m/ USB/ Black; 782018/3725; 663126.00000; 
Мыши Logitech; Мышь Logitech M100 White/ USB; 786591/3725; 77833.00000; 
Мыши Logitech; Мышь Logitech G300 Optical/ 2500dpi/ Right Hand/ 6кн/ USB/ Black; 789041/3725; 387935.00000; 
1.0 - 1.5 TB HDD 3.5;" FDD 3.5"" 1.44Mb Teac"; 785699/3725; 75449.00000; 
Мыши Logitech; Мышь Logitech M115 Black/ USB; 781366/3725; 132908.00000; 
Мыши Logitech; Мышь Logitech B110 Optical Mouse Black USB Lite Retail; 781058/3725; 65129.00000; 
Мыши Logitech; Мышь Logitech M100 Dark/ USB; 782593/3725; 77833.00000; 
Мыши Logitech; Мышь Logitech LS1 910-001032 Laser Mouse/ USB / Cinammon; 789735/3725; 114461.00000; 
МФУ струйные; Canon Pixma MG3140 МФУ Color A4/ 9/5ppm/ 4800x1200dpi/ Duplex/ LCD/ Wi-Fi/ USB; 789252/3725; 805078.00000; 
МФУ струйные; HP Deskjet 3070A МФУ Color A4/ 23ppm/ 4800x1200dpi/ подача/вывод 80/15/ LCD 2.0''/ Wi-Fi/ AirPrint/ USB; 788322/3725; 772884.00000; 
МФУ струйные; HP Photosmart 5510 e-All-in-One B111b МФУ Color A4/ 11/7ppm/ 1200x1200dpi/ подача/вывод 80/15/ 64Mb/ LCD 2.3''/ Wi-Fi/ CardReader/ AirPrint/ USB; 788242/3725; 1044987.00000; 
МФУ струйные; HP Officejet 6500A Plus e-All-in-One МФУ+Fax Color A4/ 32/31ppm/ 4800x1200dpi/ подача/вывод 250/50/ 64Mb/ Duplex/ RJ-45/ LCD 2.4''/ Wi-Fi/ CardReader/ AirPrint/ USB; 788492/3725; 2736035.00000; 
Ноутбуки TOSHIBA;" Toshiba Satellite L650-1M6 i3-380M(2.53)/ 3G/ 320G/ HD5470/ 15.6""/ DVD/ WCam/ HDMI/ BT/ Black/ СТБ"; 789278/3725; 6257472.00000; 
МФУ струйные; HP Deskjet 2050A All-in-One МФУ Color A4/ 20/16ppm/ 600x600dpi/ подача/вывод 60/25/ USB; 788244/3725; 596869.00000; 
МФУ струйные; HP Deskjet 1050A МФУ Color A4/ 16/12ppm/ 4800x1200dpi/ подача/вывод 60/25/ USB; 788243/3725; 535185.00000; 
МФУ струйные; Canon Pixma MG2140 МФУ Color A4/ 8/5ppm/ 4800x1200dpi/ LCD/ USB; 788991/3725; 585120.00000; 
МФУ струйные; HP Photosmart 7510 e-All-in-One МФУ+Fax Color A4/ 13/9ppm/ 9600x2400dpi/ 64Mb/ Duplex/ LCD 4.3''/ Wi-Fi/ CardReader/ AirPrint/ USB; 789572/3725; 2320742.00000; 
Системы охлаждения. вентиляторы; Кулер Arctic Cooling Freezer 7 Pro rev2 900-2500rpm/ 45cfm/ 90mm/ Аl+Cu/Ceramic Bearing; 786090/3725; 251824.00000; 
Мониторы LCD 20 -22;" 21.5"" DELL ST2220L LED Black/ 1920x1080/ 16:9/ TN+Film/ 250 кд/м2/ 8 000 000:1/ 170°/160°/ 5 мс/ DVI/ HDMI/ D-Sub"; /3725; 1700557.00000; 
Мониторы LCD 20 -22;" 22"" Philips 225PL2EB/00 W-LED 1680x1050/ 20000000:1/ 176°/170°/ 5ms/ 250cd/m2/ DVI-D/ D-Sub/ 2x1.5W/ 4xUSB/ VESA"; 788487/3725; 2420438.00000; 
Принтеры лазерные; Canon i-SENSYS LBP6000 A4/ 18ppm/ 600x600dpi/ подача/вывод 150/100/ USB; /3725; 867128.00000; 
Принтеры лазерные; Samsung ML-1670 A4/ 16ppm/ 1200x1200dpi/ подача/вывод 150/100/ 8Mb/ USB; /3725; 723102.00000; 
Компьютеры Apple; Apple iMac MC309RS/A Quad Core i5(2.5)/ 4G/ 500G/ HD6750/ 21.5''/ DVDRW/ WF/ BT/ WCam/ Mac OS/ СТБ; /3725; 9999999.99999; 
Аксесcуары к ноутбукам Apple; Apple MB110RS Keyboard with Numeric Keypad; /3725; 622883.00000; 
Аксесcуары к ноутбукам Apple; Apple MB570ZM/A переходник Mini DisplayPort to DVI Adapter; /3725; 418064.00000; 
Аксесcуары к ноутбукам Apple; Apple MC184RS/A Wireless Keyboard; /3725; 865489.00000; 
Аксесcуары к ноутбукам Apple; Apple MC380ZM/A Magic Trackpad Multi-Touch/ Bluetooth; /3725; 785485.00000; 
Аксесcуары к ноутбукам Apple; Apple MC953ZM/A Digital AV Adapter адаптер для iPhone 4/iPad/iPad 2/iPod touch 4G; /3725; 552833.00000; 
Чехлы; Чехол для Apple iPad 2 MD305ZM/A Smart Cover Leather Cream; /3725; 895512.00000; 
Чехлы; Чехол для Apple iPad 2 MD306ZM/A Smart Cover Dark Grey; /3725; 522875.00000; 
Чехлы; Чехол для Apple iPad 2 MD309ZM/A Smart Cover Green; /3725; 522875.00000; 
Чехлы; Чехол для Apple iPad 2 MD310ZM/A Smart Cover Blue; /3725; 522875.00000; 
Ноутбуки ACER;" Acer Aspire 5349-B812G50Mnkk (NX.RR9EU.003) B815(1.6)/ 2G/ 500G/ Intel HD/ 15.6""/ DVD/ WCam/ HDMI/ MeeGo/ Black/ СТБ"; /3725; 3924429.00000; 
Ноутбуки ACER;" Acer Aspire 5560G-4054G50Mnkk (NX.RUNEU.004) A4-3305M(1.9)/ 4G/ 500G/ HD7470M/ 15.6""/ DVD/ WCam/ HDMI/ Linux/ СТБ"; /3725; 5320439.00000; 
Ноутбуки ACER;" Acer Aspire 5733Z-P624G50Mnkk (NX.RJWEU.003) P6200(2.13)/ 4G/ 500G/ Intel HD/ 15.6""/ DVD/ WCam/ Linux/ СТБ"; /3725; 4360738.00000; 
Ноутбуки ACER;" Acer Aspire 5749Z-B964G50Mnkk (NX.RR8EU.004) B960(2.2)/ 4G/ 500G/ Intel HD/ 15.6""/ DVD/ WCam/ HDMI/ MeeGo/ Black/ СТБ"; /3725; 4366118.00000; 
Ноутбуки ACER;" Acer Aspire 5755G-52456G75Mnks (NX.RVBEU.001) i5-2450M(2.5)/ 6G/ 750G/ GT630M/ 15.6""/ DVD/ WCam/ HDMI/ Linux/ Black/ СТБ"; /3725; 7215147.00000; 
Ноутбуки ACER;" Acer Aspire 7250-E304G50Mnkk (NX.RL6EU.001) E-300(1.3)/ 4G/ 500G/ HD6310/ 17.3""/ DVD/ WCam/ HDMI/ Linux/ Black/ СТБ"; /3725; 4407241.00000; 
Нетбуки ASUS;" ASUS Eee PC 1011CX-BLK045S N2600(1.6)/ 2G/ 320G/ Intel X3600/ 10.1""/ WCam/ HDMI/ BT/ Win 7/ Black/ СТБ"; /3725; 3943910.00000; 
Нетбуки ASUS;" ASUS Eee PC 1011CX-WHI036S N2600(1.6)/ 2G/ 320G/ Intel X3600/ 10.1""/ WCam/ HDMI/ BT/ Win 7/ White/ СТБ"; /3725; 3943910.00000; 
Нетбуки ASUS;" ASUS Eee PC 1225C-GRY011W N2600(1.6)/ 2G/ 320G/ Intel X3600/ 11.6""/ WCam/ HDMI/ BT/ Grey/ СТБ"; /3725; 3941910.00000; 
Нетбуки ASUS;" ASUS Eee PC 1225C-WHI023W N2600(1.6)/ 2G/ 320G/ Intel X3600/ 11.6""/ WCam/ HDMI/ BT/ White/ СТБ"; /3725; 3941910.00000; 
Нетбуки ASUS;" ASUS Eee PC X101CH-WHI038S N2600(1.6)/ 1G/ 320G/ Intel X3600/ 10.1""/ WCam/ HDMI/ Win 7/ White/ СТБ"; /3725; 3420583.00000; 
Ноутбуки ASUS;" ASUS K43SD-VX105D B950(2.1)/ 3G/ 320G/ GT610M/ 14""/ DVD/ WCam/ HDMI/ Free DOS/ Black-Brown/ СТБ"; /3725; 5553144.00000; 
Ноутбуки ASUS;" ASUS K43TA-VX081D A6-3400M(1.4)/ 4G/ 320G/ HD6720G2/ 14""/ DVD/ WCam/ HDMI/ Free DOS/ Black-Brown/ СТБ"; /3725; 6009651.00000; 
Ноутбуки ASUS;" ASUS K43TK-VX009D A4-3305M(1.9)/ 3G/ 320G/ HD7670M/ 14""/ DVD/ WCam/ HDMI/ BT/ Free DOS/ Brown/ СТБ"; /3725; 5955495.00000; 
Ноутбуки ASUS;" ASUS K53SD-SX386D i3-2350M(2.3)/ 3G/ 320G/ 610M/ 15.6""/ DVD/ WCam/ HDMI/ BT/ Free DOS/ Brown/ СТБ"; /3725; 6448862.00000; 
Ноутбуки ASUS;" ASUS K53TK-SX037D A4-3305M(1.9)/ 3G/ 500G/ HD7670M/ 15.6""/ DVD/ WCam/ HDMI/ BT/ Free DOS/ Black/ СТБ"; /3725; 6161427.00000; 
Ноутбуки ASUS;" ASUS K73TK-TY015R A4-3305M(1.9)/ 4G/ 500G/ HD7670M/ 17.3""/ DVD/ WCam/ HDMI/ BT/ Win 7/ Black/ СТБ"; /3725; 7193140.00000; 
Ноутбуки ASUS;" ASUS K73TK-TY039V A6-3420M(1.5)/ 4G/ 640G/ HD7670M/ 17.3""/ DVD/ WCam/ HDMI/ BT/ Win 7/ Black/ СТБ"; /3725; 7500472.00000; 
Ноутбуки ASUS;" ASUS K73TK-TY040D A4-3305M(1.9)/ 4G/ 320G/ HD7670M/ 17.3""/ DVD/ WCam/ HDMI/ BT/ Free DOS/ Brown/ СТБ"; /3725; 6905177.00000; 
Ноутбуки ASUS;" ASUS K95VM-YZ009D i7-3610QM(2.3)/ 8G/ 1500G/ GT630M/ 18.4""/ DVD/ WCam/ HDMI/ BT/ Free DOS/ Black/ СТБ"; /3725; 9999999.99999; 
Ноутбуки ASUS;" ASUS N53SM-SX071D i5-2450M(2.5)/ 4G/ 750G/ GT630M/ 15.6""/ DVD/ WCam/ HDMI/ BT/ Free DOS/ Silver-Black/ СТБ"; /3725; 8761575.00000; 
Ноутбуки ASUS;" ASUS N53TA-V2G-SX055D A4-3300M(1.9)/ 4G/ 500G/ HD6650M/ 15.6""/ DVD/ WCam/ HDMI/ BT/ Free DOS/ Black/ СТБ"; /3725; 6463868.00000; 
Ноутбуки ASUS;" ASUS N53TK-SX011D A6-3420M(1.5)/ 4G/ 750G/ HD7670M/ 15.6""/ DVD/ WCam/ HDMI/ BT/ Free DOS/ Grey/ СТБ"; /3725; 8027029.00000; 
Ноутбуки ASUS;" ASUS N53TK-SX012D A4-3305M(1.9)/ 4G/ 500G/ HD7670M/ 15.6""/ DVD/ WCam/ HDMI/ BT/ Free DOS/ Black/ СТБ"; /3725; 7444061.00000; 
Ноутбуки ASUS;" ASUS N55SL-S2080V i3-2350M(2.3)/ 6G/ 750G/ GT635M/ 15.6""/ DVD/ WCam/ HDMI/ BT/ Win 7/ White/ СТБ"; /3725; 9999999.99999; 
Ноутбуки ASUS;" ASUS N73SM-TZ073V i3-2350M(2.3)/ 4G/ 500G/ GT630M/ 17.3""/ DVD/ WCam/ HDMI/ BT/ Win 7/ Grey/ СТБ"; /3725; 9294771.00000; 
Ноутбуки ASUS;" ASUS U24E-PX072V i5-2450M(2.5)/ 4G/ 500G/ Intel HD3000/ 11.6""/ WCam/ HDMI/ BT/ Win 7/ Red/ СТБ"; /3725; 8404306.00000; 
Ноутбуки ASUS;" ASUS U31SG-RX014R i3-2350M(2.3)/ 4G/ 320G/ 610M/ 13.3""/ WCam/ HDMI/ BT/ Win 7/ Silver-Black/ СТБ"; /3725; 7996970.00000; 
Ноутбуки ASUS;" ASUS U32U-RX007R E-450(1.65)/ 4G/ 320G/ HD6320/ 13.3""/ WCam/ HDMI/ Win 7/ Silver-Black/ СТБ"; /3725; 6024495.00000; 
Ноутбуки ASUS;" ASUS X53BR-SX020D E-450(1.65)/ 2G/ 500G/ HD7470M/ 15.6""/ DVD/ WCam/ HDMI/ Free DOS/ Brown/ СТБ"; /3725; 4803617.00000; 
Ноутбуки ASUS;" ASUS X53BR-SX026D E-450(1.65)/ 2G/ 320G/ HD7470M/ 15.6""/ DVD/ WCam/ HDMI/ Free DOS/ Brown/ СТБ"; /3725; 4592493.00000; 
Ноутбуки ASUS;" ASUS X54HR-SX027D B815(1.6)/ 2G/ 320G/ HD7470M/ 15.6""/ DVD/ WCam/ Free DOS/ Black/ СТБ"; /3725; 4480363.00000; 
Ноутбуки ASUS;" ASUS X54HR-SX227D B815(1.6)/ 2G/ 500G/ HD7470M/ 15.6""/ DVD/ WCam/ HDMI/ Free DOS/ Black/ СТБ"; /3725; 4647508.00000; 
Ноутбуки DELL;" DELL Inspiron M5110 (800) A4-3300M(1.9)/ 4G/ 500G/ HD6510G2/ 15.6""/ DVD/ WCam/ HDMI/ BT/ Free DOS/ Red/ СТБ"; /3725; 5275569.00000; 
Ноутбуки DELL;" DELL Inspiron M5110 (802) A4-3300M(1.9)/ 4G/ 500G/ HD6510G2/ 15.6""/ DVD/ WCam/ HDMI/ BT/ Free DOS/ Blue/ СТБ"; /3725; 5278243.00000; 
Ноутбуки DELL;" DELL Inspiron M5110 (804) A4-3300M(1.9)/ 4G/ 500G/ HD6510G2/ 15.6""/ DVD/ WCam/ HDMI/ BT/ Free DOS/ Black-Brown/ СТБ"; /3725; 5275569.00000; 
Ноутбуки DELL;" DELL Inspiron N5110 (409) B950(2.1)/ 2G/ 320G/ HD6470M/ 15.6""/ DVD/ WCam/ HDMI/ BT/ Black-Brown/ СТБ"; /3725; 4706401.00000; 
Ноутбуки DELL;" DELL Inspiron N5110 (417) B950(2.1)/ 2G/ 320G/ HD6470M/ 15.6""/ DVD/ WCam/ HDMI/ BT/ Black-Brown/ СТБ"; /3725; 4705925.00000; 
Ноутбуки LENOVO;" Lenovo IdeaPad S100 59307778 N435(1.33)/ 2G/ 320G/ Intel X3150/ 10.1""/ WCam/ Linux/ Black/ СТБ"; /3725; 3064980.00000; 
Ноутбуки MSI;" MSI CR650-239XKZ E-450(1.65)/ 2G/ 320G/ HD6320/ 15.6""/ DVD/ WCam/ HDMI/ Free DOS/ Black-Red/ СТБ"; /3725; 3795000.00000; 
Ноутбуки MSI;" MSI U180-057XBY N2800(1.86)/ 1G/ 320G/ Intel X3650/ 10.1""/ WCam/ HDMI/ BT/ Free DOS/ Black/ СТБ"; /3725; 3309930.00000; 
Ноутбуки MSI;" MSI U180-058XBY N2800(1.86)/ 1G/ 320G/ Intel X3650/ 10.1""/ WCam/ HDMI/ BT/ Free DOS/ Black-Pearlpurple/ СТБ"; /3725; 3309930.00000; 
Ноутбуки SAMSUNG;" Samsung NP300E5Z-A02RU B800(1.5)/ 2G/ 500G/ Intel HD/ 15.6""/ DVD/ WCam/ HDMI/ BT/ Free DOS/ Silver-Black/ СТБ"; /3725; 4335960.00000; 
Ноутбуки TOSHIBA;" Toshiba Satellite C660-2F0 i3-2330M(2.2)/ 4G/ 500G/ GT520M/ 15.6""/ DVD/ WCam/ HDMI/ BT/ СТБ"; /3725; 6192943.00000; 
Сетевые адаптеры для Ноутбуков. Нетбуков. Планшетов; Универсальный адаптер питания FSP NB V65 for Notebook; /3725; 244260.00000; 
Сетевые адаптеры для Ноутбуков. Нетбуков. Планшетов; Универсальный адаптер питания Trust 70W Worldwide for Notebook; /3725; 369544.00000; 
Сумки 15-16 дюймов;" Рюкзак для ноутбука Defender Dragon 15''-16"" BackPack Black"; /3725; 242288.00000; 
Сумки 15-16 дюймов; Сумка для ноутбука Belkin F8N342CW034 Dash Messenger 16'' Grey; /3725; 394956.00000; 
Сумки 15-16 дюймов; Сумка для ноутбука Defender Amulet 15-16; /3725; 168804.00000; 
Сумки 15-16 дюймов; Сумка для ноутбука Defender Austerity 15'' - 16'' Black; /3725; 107595.00000; 
Сумки 15-16 дюймов; Сумка для ноутбука Defender Business Lady 15.4'' Beige; /3725; 218378.00000; 
Сумки 15-16 дюймов; Сумка для ноутбука Defender Business Lady 15.4'' Grey; /3725; 213118.00000; 
Сумки 9 -14 дюймов;" Сумка для ноутбука Defender Butterfly 13-14.1"" Red"; /3725; 165019.00000; 
Сумки 15-16 дюймов;" Сумка для ноутбука Defender Datacase 15.4"" Dark Blue"; /3725; 203435.00000; 
Сумки 15-16 дюймов; Сумка для ноутбука Defender Graffity 15.4'' Beige-Blue; /3725; 234075.00000; 
Сумки 15-16 дюймов; Сумка для ноутбука Defender Graffity 15.4'' Beige-Brown; /3725; 234542.00000; 
Сумки 9 -14 дюймов;" Сумка для ноутбука Defender Leader 13-14.1"" Black"; /3725; 152865.00000; 
Сумки 15-16 дюймов; Сумка для ноутбука Defender Megapolis 15.4'' Dark Blue; /3725; 161998.00000; 
Сумки 9 -14 дюймов; Сумка для ноутбука Defender Mystery 10''/ Black; /3725; 83593.00000; 
Сумки 9 -14 дюймов; Сумка для ноутбука Defender Nautilus 10-12.1''/ Blue; /3725; 147984.00000; 
Сумки 15-16 дюймов; Сумка для ноутбука Defender Pragmatic 15.4'' Black; /3725; 124527.00000; 
Сумки 15-16 дюймов; Сумка для ноутбука Defender Supreme 15-16'' Grey; /3725; 207539.00000; 
Сумки 9 -14 дюймов;" Сумка для ноутбука Defender Uno 13-14.1"" Gray"; /3725; 118354.00000; 
Сумки 15-16 дюймов; Сумка для ноутбука Defender Vinyl C 15.4; /3725; 224278.00000; 
Сумки 15-16 дюймов; Сумка для ноутбука Defender XTreme 15-17'' Grey; /3725; 194149.00000; 
Мониторы LCD 17; 17'' Samsung E1720NR Black/ 1280x1024/ 5:4/ TN+Film/ 250 кд/м2/ 50 000:1/ 170°/160°/ 5 мс/ D-Sub; /3725; 1193010.00000; 
Мониторы LCD 19;" 18.5"" Acer G195HQVBb Black/ 1366x768/ 16:9/ TN+Film/ 200 кд/м2/ 10 000:1/ 90°/50°/ 5 мс/ D-Sub"; /3725; 969993.00000; 
Мониторы LCD 19;" 18.5"" DELL E1912H LED Black/ 1366x768/ 16:9/ TN+Film/ 250 кд/м2/ 1 000:1/ 170°/160°/ 5 мс/ D-Sub"; /3725; 1203367.00000; 
Мониторы LCD 19;" 18.5"" LG E1941S LED Black/ 1366x768/ 16:9/ TN+Film/ 250 кд/м2/ 5 000 000:1/ 170°/160°/ 5 мс/ D-Sub"; /3725; 1089363.00000; 
Мониторы LCD 19;" 18.5"" Samsung E1920N Black/ 1366x768/ 16:9/ TN+Film/ 250 кд/м2/ 50 000:1/ 170°/160°/ 5 мс/ D-Sub"; /3725; 1062600.00000; 
Мониторы LCD 19;" 18.5"" Samsung S19A100N LED Black/ 1366x768/ 16:9/ TN+Film/ 200 кд/м2/ 5 000 000:1/ 90°/65°/ 5 мс/ D-Sub"; /3725; 1022580.00000; 
Мониторы LCD 19;" 18.5"" Samsung S19A10N Black/ 1366x768/ 16:9/ TN+Film/ 200 кд/м2/ 700:1/ 90°/65°/ 5 мс/ D-Sub"; /3725; 1016025.00000; 
Мониторы LCD 19;" 18.5"" Samsung S19B150N LED Black/ 1366x768/ 16:9/ TN+Film/ 200 кд/м2/ 1 000 000:1/ 90°/65°/ 5 мс/ D-Sub"; /3725; 1061910.00000; 
Мониторы LCD 19;" 19"" LG E1910T LED Black/ 1280x1024/ 5:4/ TN+Film/ 250 кд/м2/ 5 000 000:1/ 176°/170°/ 5 мс/ DVI/ D-Sub"; /3725; 1531800.00000; 
Мониторы LCD 20 -22;" 20"" DELL IN2030M LED Black/ 1600x900/ 16:9/ TN+Film/ 250 кд/м2/ 8 000 000:1/ 170°/160°/ 5 мс/ DVI/ D-Sub"; /3725; 1368647.00000; 
Мониторы LCD 20 -22;" 20"" LG E2041T LED Black/ 1600x900/ 16:9/ TN+Film/ 250 кд/м2/ 5 000 000:1/ 170°/160°/ 5 мс/ DVI/ D-Sub"; /3725; 1280212.00000; 
Мониторы LCD 20 -22;" 20"" Samsung B2030N Black/ 1600x900/ 16:9/ TN+Film/ 250 кд/м2/ 50 000:1/ 170°/160°/ 5 мс/ D-Sub"; /3725; 1373239.00000; 
Мониторы LCD 20 -22;" 20"" Samsung S20B300B LED Black/ 1600x900/ 16:9/ TN+Film/ 250 кд/м2/ 1 000 000:1/ 170°/160°/ 5 мс/ DVI/ D-Sub"; /3725; 1350330.00000; 
Мониторы LCD 20 -22;" 20"" Samsung S20B300N LED Black/ 1600x900/ 16:9/ TN+Film/ 250 кд/м2/ 1 000 000:1/ 170°/160°/ 5 мс/ D-Sub"; /3725; 1399320.00000; 
Мониторы LCD 20 -22;" 21.5"" Acer G225HQVb Black/ 1920x1080/ 16:9/ TN+Film/ 200 кд/м2/ 5 000:1/ 176°/176°/ 5 мс/ DVI/ D-Sub"; /3725; 1352372.00000; 
Мониторы LCD 20 -22;" 21.5"" Acer S220HQLBbd LED Black/ 1920x1080/ 16:9/ TN+Film/ 200 кд/м2/ 100 000 000:1/ 90°/50°/ 5 мс/ DVI/ D-Sub"; /3725; 1423254.00000; 
Мониторы LCD 20 -22;" 21.5"" DELL E2211H LED Black/ 1920x1080/ 16:9/ TN+Film/ 250 кд/м2/ 1 000:1/ 170°/160°/ 5 мс/ DVI/ D-Sub"; /3725; 1767688.00000; 
Мониторы LCD 20 -22;" 21.5"" Philips 227E3LHSU/00 LED Black/ 1920x1080/ 16:9/ TN+Film/ 250 кд/м2/ 20 000 000:1/ 176°/170°/ 5 мс/ DVI/ HDMI/ D-Sub/ Sound"; /3725; 1766400.00000; 
Мониторы LCD 20 -22;" 21.5"" Samsung B2230N Black/ 1920x1080/ 16:9/ TN+Film/ 300 кд/м2/ 70 000:1/ 170°/160°/ 5 мс/ D-Sub"; /3725; 1676700.00000; 
Мониторы LCD 20 -22;" 21.5"" Samsung S22B300N LED Black/ 1920x1080/ 16:9/ TN+Film/ 250 кд/м2/ 1 000 000:1/ 170°/160°/ 5 мс/ D-Sub"; /3725; 1609908.00000; 
Мониторы LCD 20 -22;" 21.5"" Samsung S22B370B LED Black-Red/ 1920x1080/ 16:9/ TN+Film/ 250 кд/м2/ 1 000 000:1/ 170°/160°/ 5 мс/ DVI/ D-Sub"; /3725; 1874730.00000; 
Мониторы LCD 20 -22;" 21.5"" ViewSonic VG2236wm-LED LED Black/ 1920x1080/ 16:9/ TN+Film/ 250 кд/м2/ 20 000 000:1/ 170°/160°/ 5 мс/ DVI/ D-Sub/ Pivot/ Sound"; /3725; 2001000.00000; 
Мониторы LCD 20 -22;" 22"" HP ZR2240w LED Black/ 1920x1080/ 16:9/ IPS/ 250 кд/м2/ 2 000 000:1/ 178°/178°/ 8 мс/ DVI/ HDMI/ D-Sub/ DP/ USB hub"; /3725; 3148632.00000; 
Мониторы LCD 20 -22;" 22"" LG E2210S LED Black/ 1680x1050/ 16:10/ TN+Film/ 250 кд/м2/ 5 000 000:1/ 176°/170°/ 5 мс/ D-Sub"; /3725; 1746026.00000; 
Мониторы LCD 20 -22;" 22"" LG E2210T LED Black/ 1680x1050/ 16:10/ TN+Film/ 250 кд/м2/ 5 000 000:1/ 176°/170°/ 5 мс/ DVI/ D-Sub"; /3725; 1825407.00000; 
Мониторы LCD 20 -22;" 22"" Samsung S22A350H LED Black/ 1920x1080/ 16:9/ TN+Film/ 250 кд/м2/ 1 000 000:1/ 170°/160°/ 5 мс/ D-Sub/ HDMI"; /3725; 2012188.00000; 
Мониторы LCD 20 -22;" 22"" Samsung S22A350N LED Black/ 1920x1080/ 16:9/ TN+Film/ 250 кд/м2/ 1 000 000:1/ 170°/160°/ 5 мс/ D-Sub"; /3725; 1782960.00000; 
Мониторы LCD 23 -24;" 23"" DELL E2311H LED Black/ 1920x1080/ 16:9/ TN+Film/ 250 кд/м2/ 2 000 000:1/ 170°/160°/ 5 мс/ DVI/ D-Sub/ Pivot/ USB hub"; /3725; 1964339.00000; 
Мониторы LCD 23 -24;" 23"" DELL P2312H LED Black/ 1920x1080/ 16:9/ TN+Film/ 250 кд/м2/ 2 000 000:1/ 170°/160°/ 5 мс/ DVI/ D-Sub/ Pivot/ USB hub"; /3725; 2189369.00000; 
Мониторы LCD 23 -24;" 23"" DELL S2330MX LED Black/ 1920x1080/ 16:9/ TN+Film/ 250 кд/м2/ 8 000 000:1/ 170°/160°/ 5 мс/ DVI/ D-Sub"; /3725; 2176429.00000; 
Мониторы LCD 23 -24;" 23"" DELL ST2320L LED Black/ 1920x1080/ 16:9/ TN+Film/ 250 кд/м2/ 8 000 000:1/ 170°/160°/ 5 мс/ DVI/ HDMI/ D-Sub"; /3725; 2162263.00000; 
Мониторы LCD 23 -24;" 23"" LG E2341T LED / 1920x1080/ 16:9/ TN+Film/ 250 кд/м2/ 5 000 000:1/ 170°/160°/ 5 мс/ DVI/ D-Sub"; /3725; 1975485.00000; 
Мониторы LCD 23 -24;" 23"" LG E2351VR LED / 1920x1080/ 16:9/ TN+Film/ 250 кд/м2/ 5 000 000:1/ 170°/160°/ 5 мс/ DVI/ HDMI/ D-Sub"; /3725; 2128920.00000; 
Мониторы LCD 23 -24;" 23"" Philips 234EL2SB/00 LED Black/ 1920x1080/ 16:9/ TN+Film/ 250 кд/м2/ 20 000 000:1/ 176°/170°/ 5 мс/ DVI/ HDMI/ D-Sub/ Sound"; /3725; 2001000.00000; 
Мониторы LCD 23 -24;" 23"" Samsung S23A350H LED Black/ 1920x1080/ 16:9/ TN+Film/ 250 кд/м2/ 1 000 000:1/ 170°/160°/ 5 мс/ D-Sub/ HDMI"; /3725; 2264371.00000; 
Мониторы LCD 23 -24;" 23"" Samsung S23B300B LED Black-Brown/ 1920x1080/ 16:9/ TN+Film/ 250 кд/м2/ 1 000 000:1/ 176°/170°/ 5 мс/ DVI/ D-Sub"; /3725; 1986165.00000; 
Мониторы LCD 23 -24;" 23"" Samsung S23B300N LED Black/ 1920x1080/ 16:9/ TN+Film/ 250 кд/м2/ 1 000 000:1/ 170°/160°/ 5 мс/ D-Sub"; /3725; 1887840.00000; 
Мониторы LCD 23 -24;" 24"" DELL ST2420L LED Black/ 1920x1080/ 16:9/ TN+Film/ 250 кд/м2/ 8 000 000:1/ 170°/160°/ 5 мс/ DVI/ HDMI/ D-Sub"; /3725; 2295509.00000; 
Мониторы LCD 23 -24;" 24"" HP ZR2440w LED / 1920x1200/ IPS/ 350 кд/м2/ 2 000 000:1/ 178°/178°/ 6 мс/ DVI/ HDMI/ DP/ USB hub"; /3725; 4782216.00000; 
Мониторы LCD 23 -24;" 24"" LG M2450D+TV LED 1920x1080/ 5000000:1/ 176°/170°/ 5ms/ 250cd/m2/ HDMI/ D-Sub/ 2x5W/ VESA/ ДУ"; /3725; 2921005.00000; 
Мониторы LCD 25 -46;" 27"" Samsung S27A350H LED Black/ 1920x1080/ 16:9/ TN+Film/ 300 кд/м2/ 1 000 000:1/ 170°/160°/ 5 мс/ D-Sub/ HDMI"; /3725; 3860741.00000; 
Системы охлаждения. вентиляторы; Socket 775 Кулер CoolerMaster DI5-9HDSC-A1-GP 2200rpm/ 43.3 CFM / 19dBa/ AL; /3725; 45605.00000; 
Системы охлаждения. вентиляторы; Кулер Cooler Master DK9-7F52B-0L-GP 3 пин/ 2600rpm/ Al / 22 dBA min; /3725; 40176.00000; 
Системы охлаждения. вентиляторы; Кулер Cooler Master DK9-9ID2A-PL-GP 2600 rpm/ 36/2 CFM / Алюм. сердечник/ 125W; /3725; 74166.00000; 
Видеокарты прочих производителей; PCI-E GeForce GT430 Palit NEAT430NHD01-1081F 1024Mb GDDR3 128bit/ HDMI + DVI + VGA/ Oem; /3725; 645815.00000; 
Видеокарты прочих производителей; PCI-E GeForce GTS 450 Palit Smart Edition NEAS450DHD01-1162F 1024Mb GDDR3 128bit/ HDMI + DVI + VGA/ Retail; /3725; 839040.00000; 
Видеокарты прочих производителей; PCI-E GeForce GTX 550Ti Palit NE5X55T0HD09-1061F 1024Mb GDDR5 192bit/ HDMI + 2xDVI/ Oem; /3725; 1296050.00000; 
Жесткие диски(HDD) 2; 1000Gb Seagate ST1000DM005 SATA II 32Mb 7200rpm; /3725; 1059150.00000; 
Жесткие диски(HDD) 4; USB 3.0 HDD Western Digital Elements Portable SE WDBPCK0010BBK-EESN 1000Gb 2.5''/  Black; /3725; 1193700.00000; 
UPS Ippon; UPS Ippon Back Comfo Pro 600 600VA/360Вт интерактивный/ AVR/ xол.старт/ защита модема/ 6 розеток; /3725; 648927.00000; 
UPS Ippon; UPS Ippon Back Office 400 резервный/ 400VA/200Вт/ AVR/ xол.старт/ защита линии/ 4 разъема; /3725; 374983.00000; 
UPS Ippon; UPS Ippon Back Office 600 резервный/ 600VA/300Вт/ AVR/ xол.старт/ защита линии/ 4 разъема; /3725; 410798.00000; 
UPS Ippon; UPS Ippon Back Power Pro 400 400VA/240Вт интерактивный/ AVR/ xол.старт/ защита модема/ 3 розетки; /3725; 465820.00000; 
UPS Ippon; UPS Ippon Back Power Pro 500 500VA/300Вт управляемый/ AVR/ xол.старт/ защита модема/ 3 розетки; /3725; 487983.00000; 
UPS Ippon; UPS Ippon Back Power Pro 700 700VA/400Вт управляемый/ AVR/ xол.старт/ защита модема/ 3 розетки; /3725; 665987.00000; 
UPS Ippon; UPS Ippon Back Power Pro 800 800VA/480Вт управляемый/ AVR/ хол.старт/ защита модема/ 3 розетки; /3725; 773064.00000; 
UPS Ippon; UPS Ippon Smart Power Pro 1000 интерактивный/ 1000ВА/600Вт/ 4 разъема/ USB/ RS-232; /3725; 1118843.00000; 
UPS Ippon; UPS Ippon Сomfo Pro 800 800VA/480Вт интерактивный/ AVR/ xол.старт/ защита модема/ 6 розеток; /3725; 771686.00000; 
Клавиатуры A4Tech; Клавиатура A4Tech G600 Black / 104 кл/ Black; 12237/3725; 213104.00000; 
Клавиатуры прочих производителей; Клавиатура Chicony KB-0420 Slim multimedia/internet Black-Silver PS/2; 11848/3725; 130500.00000; 
Клавиатуры прочих производителей; Клавиатура Chicony KU-0420 Slim multimedia/internet Black-Silver USB; 12388/3725; 140400.00000; 
Клавиатуры прочих производителей; Клавиатура Chicony KU-0503 Black USB with palmrest; 12912/3725; 110700.00000; 
Клавиатуры Defender; Клавиатура Defender Cascade 960 Classic 121 + 17 клавиш/ Silver/ USB; /3725; 59119.00000; 
Клавиатуры Defender; Клавиатура Defender Galileo 4920 B Slim 119 + 13 hot keys/ подсветка клавиш/ USB; /3725; 172901.00000; 
Клавиатуры Defender; Клавиатура Defender Magellan 920 Black PS/2; /3725; 44406.00000; 
Клавиатуры Logitech; Клавиатура Logitech Deluxe 250 USB Black; /3725; 74888.00000; 
Клавиатуры Logitech; Клавиатура Logitech Ultra Flat USB Super Slim 105клавиш; 11725/3725; 172879.00000; 
Клавиатуры Microsoft; Клавиатура Microsoft JQD-00012 SideWinder X4 Keyboard USB; /3725; 474768.00000; 
Клавиатуры Microsoft; Клавиатура Microsoft JWD-00002 Wired Keyboard 200 USB Black; /3725; 87696.00000; 
Комплекты проводные; Клавиатура + мышь Defender I-Motion 555 BrownCordless Mouse 10m/ 1000dpi/ 2кн + 1 кол/ USB; /3725; 225380.00000; 
Комплекты проводные; Клавиатура + мышь Defender I-Space 875 Nano Black/ Wireless/ Slim/ 10m/ 1600dpi/ 3xAAA/ USB; /3725; 250781.00000; 
Комплекты проводные; Клавиатура + мышь Defender S Bern 795 черный лазерная/ беспроводн./ 7 -кноп. 133 клавиши/ USB; /3725; 271259.00000; 
Корпуса для жестких дисков (Mobile Rack); ; /3725; 153397.00000; 
Геймпады; Геймпад Defender Game Master Classic 10 кнопок + кнопки Turbo/Clear/Auto/ D-Pad/ 1.5м/ USB; /3725; 65358.00000; 
Геймпады; Геймпад Defender Scorpion RS3 Wireless 12кнопок+Turbo/Mode/Rumble/ D-Pad/ 3xAAA/ 10m/ USB; /3725; 390579.00000; 
Геймпады; Геймпад Defender Scorpion X7 Wireless 12кнопок+Turbo/Mode/Rumble/ D-Pad/ 3xAAA/ 10m/ Support Dinput и Xinput/ USB; /3725; 332501.00000; 
Кабели питания; Кабель SATA питания; 12293/3725; 11520.00000; 
Переходники; Переходник Logilink CV0036 Mini Display Port to HDMI; /3725; 107217.00000; 
Преобразователи напряжения от прикуривателя автомобиля; Автомобильное зарядное устройство  Logilink  PA0027/ USB Mini Car Charger; /3725; 68050.00000; 
Переходники; Переходник USB Adapter Micro B-M/Mini B-F; /3725; 12832.00000; 
Сетевые фильтры GEMBIRD; Сетевой фильтр Gembird SPG3-B-10РР 5 розеток 3м; /3725; 39780.00000; 
Сетевые фильтры GEMBIRD; Сетевой фильтр Gembird SPG3-B-15РР 5 розеток 5м; /3725; 45900.00000; 
Сетевые фильтры GEMBIRD; Сетевой фильтр Gembird SPG3-B-5PPB 5 розеток 1.5м Black; /3725; 32726.00000; 
Сетевые фильтры GEMBIRD; Сетевой фильтр Gembird SPG3-B-6PPB 5 розеток 1.8м Black; /3725; 35556.00000; 
Компъютеры Артека; 220250V0D45 ПЭВМ SKY SYSTEMS AMD Athlon II X2 220/mATX AM3/DDR3 2Gb/500Gb/DVD-RW/ATX450W; /3725; 2541600.00000; 
Компъютеры Артека; G54225V0D40 ПЭВМ SKY SYSTEMS Intel Celeron G540/mATX 1155/DDR3 2Gb/250Gb/DVD-RW/ATX400W; /3725; 2541600.00000; 
Компъютеры Артека; G62250V0D45 ПЭВМ SKY SYSTEMS Intel Pentium G620/mATX 1155/DDR3 2Gb/500Gb/DVD-RW/ATX450W; /3725; 2874000.00000; 
Компъютеры Артека; G62450V0D45 ПЭВМ SKY SYSTEMS Intel Pentium G620/mATX 1155/DDR3 4Gb/500Gb/DVD-RW/ATX450W; /3725; 2994000.00000; 
Компъютеры Артека; 220225V0D45 ПЭВМ SKY SYSTEMS AMD Athlon II X2 220/mATX AM3/DDR3 2Gb/250Gb/DVD-RW/ATX450W; /3725; 2432400.00000; 
Компъютеры Артека; 4204100V0D45 ПЭВМ SKY SYSTEMS AMD Athlon II X3 420e/mATX AM3/DDR3 4Gb/1000Gb/DVD-RW/ATX450W; /3725; 3092400.00000; 
Компъютеры Артека; 4252150V0D45 ПЭВМ SKY SYSTEMS AMD Athlon II X3 425/mATX AM3/DDR3 2Gb/1500Gb/DVD-RW/ATX450W; /3725; 3381600.00000; 
Компъютеры Артека; 4554100V45D45 ПЭВМ SKY SYSTEMS AMD Athlon II X3 455/mATX AM3/DDR3 4Gb/1000Gb/GTS450 1024 MB/DVD-RW/ATX450W; /3725; 4461600.00000; 
Компъютеры Артека; i2104100V0D50 ПЭВМ SKY SYSTEMS Intel Core i3-2100/mATX 1155/DDR3 4Gb/1000Gb/DVD-RW/ATX500W; /3725; 4243200.00000; 
Компъютеры Артека; i2314100V0D50 ПЭВМ SKY SYSTEMS Intel Core i5-2310/mATX 1155/DDR3 4Gb/1000Gb/DVD-RW/ATX500W; /3725; 4982400.00000; 
Компъютеры Артека; i2404100V0D50 ПЭВМ SKY SYSTEMS Intel Core i5-2400/mATX 1155/DDR3 4Gb/1000Gb/DVD-RW/ATX500W; /3725; 5014800.00000; 
Компъютеры Артека; i2508200V45D50 ПЭВМ SKY SYSTEMS Intel Core i5-2500/ATX 1155/DDR3 8Gb/2000Gb/GTS450 1024MВ/DVD-RW/ATX500W; /3725; 8520000.00000; 
Компъютеры Артека; i2504100V0D50 ПЭВМ SKY SYSTEMS Intel Core i5-2500/mATX 1155/DDR3 4Gb/1000Gb/DVD-RW/ATX500W; /3725; 5330400.00000; 
Компъютеры Артека; E574100V45D45 ПЭВМ SKY SYSTEMS Intel Pentium E5700/mATX 775/DDR3 4Gb/1000Gb/GTS450 1024MB/DVD-RW/ATX450W; /3725; 4352400.00000; 
Корпуса INWIN; Корпус Inwin EAR009T 350W Black-Silver USB+Audio+AIR; /3725; 540697.00000; 
Корпуса INWIN; Корпус Inwin EAR010T 350W Black U2A + AIR; /3725; 540858.00000; 
Блоки питания 400-450 Ватт; Блок питания ATX FSP Q-dion QD400 400W 120mm Fan/ 24+4pin/ PFC; /3725; 236262.00000; 
Процессоры AMD Socket AM3+; Socket AM3 Asus M5A88-M AMD880G ATX/ 4xDDR3/ PCI-E/ HD4250/ SATA/ RAID/ Sound 8ch/ GLan; /3725; 1106300.00000; 
Процессоры AMD Socket AM3+; Socket AM3 Biostar N68S3B MCP68S mATX/ 2xDDR3/ PCI-E/ SVGA/ SATA/ RAID/ Sound 6ch/ GLan; /3725; 407104.00000; 
Процессоры AMD Socket AM3+; Socket AM3 Gigabyte GA-78LMT-S2P AMD 760G/ mATX/ 2xDDR3/ PCI-E/ SVGA/ SATA/ RAID/ Sound 7.1/ GLan; /3725; 547722.00000; 
Процессоры Intel Socket 1155; Socket 1155 AsRock H61M-VS iH61 mATX/ 2xDDR3/ Intel HD/ SATA/ Sound 5.1ch/ GLan; /3725; 572516.00000; 
Процессоры Intel Socket 1155; Socket 1155 Asus P8H61-MX/SI iH61 mATX/ 2xDDR3/ SVGA/ SATA/ Sound 8ch/ DVI/ GLan; /3725; 588294.00000; 
Процессоры Intel Socket 1155; Socket 1155 Asus P8H67-M LE iH67 mATX/ 4xDDR3/ SATA/ RAID/ Sound 7.1ch/ GLan; /3725; 928050.00000; 
Процессоры Intel Socket 1155; Socket 1155 Biostar H61MLC iH61 mATX/ 2xDDR3/ SATA/ Sound 6ch/ GLan; /3725; 488749.00000; 
Процессоры Intel Socket 1155; Socket 1155 MSI H61M-P20 iH61 mATX/ 2xDDR3/ PCI-E/ SATA II/ Sound 7.1ch/ D-Sub/ DVI/ Lan; /3725; 487485.00000; 
Процессоры Intel Socket 1156; Socket 1156 Asrock H55M-LE iH55 mATX/ 2xDDR3/ PCI-E/ Intel HD/ SATA/ Sound 7.1ch/ GLan; /3725; 889203.00000; 
Процессоры Intel Socket 775; Socket 775 Biostar G41D3+ G41+ICH7 mATX/ 2xDDR3/ X4500/ SATA II/ Sound 6ch/ Lan; /3725; 432975.00000; 
Процессоры Intel Socket 775; Socket 775 Biostar G41D3C G41+ICH7 mATX/ 2xDDR3/ X4500/ SATA II/ Sound 6ch/ Lan; /3725; 456550.00000; 
DDR3 Memory 1600MHz и выше; DDR3 2GB (PC3-10600) NCP; /3725; 111090.00000; 
DDR3 Memory 1600MHz и выше; DDR3 4GB (PC-10600) Patriot PSD34G13332; /3725; 200045.00000; 
Карты расширения Secure Digital (SD); Micro Secure Digital (Micro SD) Card 32Gb Silicon Power SP032GBSTH004V10-SP Class 4 + SD Adapter; /3725; 262200.00000; 
Карты расширения Secure Digital (SD); Micro Secure Digital (Micro SD) Card 4096Mb Kingston SD4/4GB Class 4 SDHC; /3725; 28980.00000; 
Карты расширения Secure Digital (SD); Micro Secure Digital (Micro SD) Card 8192Mb Kingston Class 4 SDHC SDC4/8GB; /3725; 49680.00000; 
Карты расширения Secure Digital (SD); Secure Digital (SD) Card 16GB Kingston SD4/16GB Class 4 SDHC; /3725; 103500.00000; 
Карты расширения Secure Digital (SD); Secure Digital (SD) Card 16Gb Silicon Power SP016GBSDH004V10 Class 4; /3725; 99360.00000; 
Карты расширения Secure Digital (SD); Secure Digital (SD) Card 4Gb Silicon Power SP004GBSDH004V10 Class 4; /3725; 38640.00000; 
Карты расширения Secure Digital (SD); Secure Digital (SD) Card 8Gb Kingston SD4/8GB Class 4 SDHC; /3725; 51060.00000; 
Карты расширения Secure Digital (SD); Secure Digital (SD) Card 8Gb Silicon Power SP008GBSDH004V10 Class 4 SDHC; /3725; 48300.00000; 
Карты расширения Secure Digital (SD); Secure Digital (SD) Card SD4/4Gb Kingston Class 4 SDHC; /3725; 41400.00000; 
USB Flash 16ГБ; 16Gb Pen Drive USB 2.0 Kingston DT100G2/16GB Black; /3725; 109020.00000; 
USB Flash 16ГБ; 16Gb Pen Drive USB 2.0 Kingston DTIG3/16GB White-Blue; /3725; 109020.00000; 
USB Flash 4ГБ; 4Gb Pen Drive USB 2.0 Kingston DTIG3/4Gb White-Black; /3725; 42780.00000; 
USB Flash 4ГБ; 4Gb Pen Drive USB 2.0 Silicon Power LuxMini 710 SP004GBUF2710V1K Black; /3725; 57960.00000; 
USB Flash 4ГБ; 4Gb Pen Drive USB 2.0 Silicon Power LuxMini 910 SP004GBUF2910V1S Silver; /3725; 46920.00000; 
USB Flash 4ГБ; 4Gb Pen Drive USB 2.0 Silicon Power Touch 851 SP004GBUF2851V1G Gold; /3725; 3324.00000; 
Колонки Defender; Defender Mercury 35 Black 2x20W/ karaoke/ деревянный корпус; 11872/3725; 775778.00000; 
Колонки Microlab; Microlab B-55 Black 2x0.5W/ 120 - 16000Ghz; 10513/3725; 97842.00000; 
Колонки Microlab; Microlab B-56 Black 2x1.5W/ 100 - 18000Ghz/ Проводной ПДУ; /3725; 111780.00000; 
Колонки Microlab; Microlab B-72 буковые (2x8Вт/ 50-20000 Гц/ магнитное экранир./ Ш368xВ304xД235/ дерев. корпус); /3725; 361902.00000; 
Колонки Microlab; Microlab B-73 Буковые 2x10W/ 60-20000GHz; 10516/3725; 424862.00000; 
Колонки Microlab; Microlab B-77 Wooden 48W: (2x14W + 2x10W)/ 55-20000 Гц/ MDF; /3725; 565800.00000; 
Колонки Microlab; Microlab Pro2 Тёмное дерево 2х35W RMS/ stereo/ двухполосная/ внеш/ усилитель/ ПДУ/ дерев. корпус; 10519/3725; 1327822.00000; 
Колонки Microlab; Microlab Solo 1 MK3 Буковые 2x30w RMS/ 55 - 22 000 Гц/ деревянный корпус; /3725; 771565.00000; 
Колонки Microlab; Microlab Solo 15 2x22W/ 40Hz - 20kHz/ магнитное экранирование/ деревянный корпус; /3725; 957345.00000; 
Колонки Microlab; Microlab Solo 1C Темное дерево 2x30W/ деревянный корпус/ ПДУ; /3725; 864090.00000; 
Колонки TOP DEVICE; TopDevice TDS-100 2x1.2W Black/ USB; /3725; 212520.00000; 
Колонки Microlab; Microlab FC-550 2.1 54W (15Wx2+24W RMS) 2 кол.+сабв./ Black-Silver/ ПДУ; /3725; 673440.00000; 
Колонки Microlab; Microlab  M-100 2.1 (2.5Wx2+5W RMS) 2 кол.+сабв. Black; /3725; 188137.00000; 
Колонки Microlab; Microlab M-109 2.1 (2.5Wx2+5W RMS) 2 кол.+сабв. Black; /3725; 219420.00000; 
Колонки Microlab; Microlab M-111 2.1 (4Wx2+9W RMS) 2 кол.+сабв./ Черные; 10729/3725; 263781.00000; 
Колонки Microlab; Microlab M-223 2.1  (4Wx2+9W RMS) 2 кол.+сабв. дерев.Black; /3725; 260075.00000; 
Колонки Microlab; Microlab M-290 2.1  (12Wx2+16W RMS) 2 кол.+сабв. дерев.Black; /3725; 317007.00000; 
Колонки Microlab; Microlab M-310 2.1 (12Wx2+16W RMS) 2 кол.+сабв. дерев.Black; /3725; 338790.00000; 
Колонки Microlab; Microlab M-500 2.1 (12Wх2+16W RMS) 2 кол.+сабв. пластик./ Черные; /3725; 379489.00000; 
Колонки Microlab; Microlab M-500U 2.1 (12Wх2+16W RMS) 2 кол.+сабв. дерев./ Черные; /3725; 438840.00000; 
Колонки Microlab; Microlab M-600 2.1 (2x12W+16W RMS) Silver-Black; /3725; 448500.00000; 
Колонки Microlab; Microlab M-700 2.1 (16Wx2+12W RMS) 2 кол.+сабв. дерев./ Черные; /3725; 391920.00000; 
Колонки Microlab; Microlab M-820 2.1 (12Wx2+16W RMS) 2 кол.+сабв. дерев.  черный; /3725; 386346.00000; 
Колонки Microlab; Microlab M-930 2.1 Silver-Black /30W(2х7W+16W)/ встроенный усилитель/ пульт ДУ; /3725; 481620.00000; 
Колонки Microlab; Microlab H500 5.1 Красное дерево/ 320 Вт: 5 х 45 Вт + 95 Вт RMS/ 45 - 22000 Гц/ ДУ; /3725; 3308936.00000; 
Колонки Microlab; Microlab H510 5.1 270W: 32Wx5 + 110W/ 20-20000GHz/ 80dBa/ дерево/ ПДУ/ Black; 10988/3725; 2884824.00000; 
Колонки Microlab; Microlab M-700 5.1 62W(5х8W+22W)/ встроенный усилитель/ Black; /3725; 716009.00000; 
Микрофоны; Микрофон Canyon CNR-MIC 1 Black; /3725; 45504.00000; 
Микрофоны; Микрофон Canyon CNR-MIC3 Black; /3725; 68112.00000; 
Микрофоны; Микрофон Defender MIC-130 для караоке/ 5м кабель; 12188/3725; 24185.00000; 
Микрофоны; Микрофон Defender MIC-140 беспроводной/ для караоке; 12189/3725; 104802.00000; 
Микрофоны; Микрофон Defender MIC-142 беспроводной / для караоке/ 15м; 11793/3725; 76660.00000; 
Микрофоны; Микрофон Defender MIC-155 набор 2 беспроводных микрофона/ 30м; /3725; 177944.00000; 
Гарнитуры; Гарнитура Defender HN-102 с регулятором громкости; /3725; 26632.00000; 
Гарнитуры; Гарнитура Defender HN-750 стерео/ регулят. громк./ 4м кабель; /3725; 54743.00000; 
Гарнитуры; Гарнитура Defender HN-818 стерео/ регулят. громк./ 1.8м кабель; /3725; 164229.00000; 
Гарнитуры; Гарнитура Defender HN-860 стерео/ регулят. громк./ 3м кабель; /3725; 57867.00000; 
Гарнитуры; Гарнитура Defender HN-875 стерео/ регулят. громк./ 3м кабель; /3725; 76443.00000; 
Гарнитуры; Гарнитура Defender HN-928 стерео/ регулят. громк./ 3м кабель; /3725; 60332.00000; 
Гарнитуры; Гарнитура Defender HN-G117 стерео/ регулят. громк./ 2.6м кабель/ USB; /3725; 427281.00000; 
Гарнитуры; Гарнитура Logitech Dialog-220/ Black; /3725; 37019.00000; 
Мыши A4Tech; Мышь A4Tech G7-100N-2 V-Track Wireless 15m/ 2000dpi/ 2кн + 1кол 4D/ USB/ White; /3725; 158526.00000; 
Мыши A4Tech; Мышь A4Tech G7-250NX-1 V-Track Wireless 15m/ 2000dpi/ 3кн + 1кол 4D/ USB/ Black; /3725; 166172.00000; 
Мыши A4Tech; Мышь A4Tech G7-300N-1 V-Track Wireless 15m/ 2000dpi/ 3кн + 1кол 4D/ USB/ Black; /3725; 141443.00000; 
Мыши A4Tech; Мышь A4Tech G7-400N-1 V-Track Wireless 15m/ 2000dpi/ 2кн + 1кол 4D/ USB/ Black-Red; /3725; 155420.00000; 
Мыши A4Tech; Мышь A4Tech N-100-1 V-Track 1000dpi/ 2кн + 1кол/ USB/ Carbon; /3725; 73111.00000; 
Мыши A4Tech; Мышь A4Tech N-200X V-Track 1600dpi/ 3кн + 1кол/ USB/ Grey; /3725; 72872.00000; 
Мыши A4Tech; Мышь A4Tech N-250X-1 V-Track 1600dpi/ 3кн + 1кол 4D/ USB/ BLack; /3725; 71319.00000; 
Мыши A4Tech; Мышь A4Tech N-310-1 V-Track 1000dpi/ 3кн + 1кол 4D/ USB/ Black+Orange; /3725; 65824.00000; 
Мыши A4Tech; Мышь A4Tech N-400-1 V-Track 1000dpi/ 2кн + 1кол 4D/ USB/ Grey; /3725; 62479.00000; 
Мыши A4Tech; Мышь A4Tech N-600X-1 V-Track 1600dpi/ 3кн + 1кол 4D/ USB/ Black; /3725; 71080.00000; 
Мыши A4Tech; Мышь A4Tech N-61FX-2 V-Track 1600dpi/ 3кн + 1кол 4D/ USB/ Black; /3725; 92583.00000; 
Мыши A4Tech; Мышь A4Tech N-70FX-1 V-Track 1600dpi/ 6кн + 1кол 4D/ USB/ Black; /3725; 78606.00000; 
Мыши A4Tech; Мышь A4Tech N-770FX-1 V-Track 1600dpi/ 4кн + 1кол 4D/ USB/ Black; /3725; 77889.00000; 
Мыши Defender; Mышь Defender Athena 225 Nano 1600dpi/ 4кн + 1 кол/ 10m/ USB/ Grey; /3725; 139024.00000; 
Мыши Defender; Mышь Defender Athena 225 Nano 1600dpi/ 4кн + 1 кол/ 10m/ USB/ Violet; /3725; 139024.00000; 
Мыши Defender; Mышь Defender Discovery MM-425 Nano Wireless 1600dpi/ 5кн + 1кол/ 10m/ 1xAA/ USB/ White; /3725; 120424.00000; 
Мыши Defender; Mышь Defender Discovery MS-410 1000dpi/ 2кн + 1кол/ Black/ USB; /3725; 62568.00000; 
Мыши Defender; Мышь Defender NetSprinter 440 1000dpi/ 2 кн + 1 кол/ USB / Black; /3725; 32101.00000; 
Мыши Defender; Мышь Defender NetSprinter 440 1000dpi/ 2 кн + 1 кол/ USB / White; /3725; 35336.00000; 
Мыши Defender; Мышь Defender NetSprinter 440 1000dpi/ 2 кн + 1 кол/ USB / White-Blue; /3725; 34793.00000; 
Мыши Defender; Мышь Defender NetSprinter 440 1000dpi/ 2 кн + 1 кол/ USB / White-Pink; /3725; 34793.00000; 
Мыши Defender; Мышь Defender Opera 880 2000dpi/ 4 кн + 1 кол/ USB / Red; /3725; 69552.00000; 
Мыши Defender; Мышь Defender Optimum 115 Nano Wireless 2000dpi/ 3 кн + 1 кол/ 10m/ 2xAA/ USB; /3725; 98978.00000; 
Мыши Defender; Мышь Defender Phantom 320 Black 800dpi/ 3кн + 1 кол/ USB; /3725; 39056.00000; 
Мыши Defender; Мышь Defender Pulsar 655 Gray/ Cordless 1600dpi/ 4кн + 1кол/ USB; /3725; 134544.00000; 
Мыши Defender; Мышь Defender Rider 205Nano B Optical/ Cordless/ 1000dpi/ 2кн + кол/ USB/ Nano приемник/ Black; /3725; 129557.00000; 
Мыши Defender; Мышь Defender Verso MB-120 800dpi/ 2 кн + 1 кол/ PS/2 / Black; /3725; 28474.00000; 
Мыши Defender; Мышь Defender Verso MB-120 800dpi/ 2 кн + 1 кол/ PS/2 / Grey; /3725; 30280.00000; 
Мыши Defender; Мышь Defender Verso MM-395 Nano Optical/ 10m/ 1600dpi/ 4кн + 1 кол/ USB / Iron Grey; /3725; 116924.00000; 
Мыши Defender; Мышь Defender Verso MS-375 Nano Optical  Wireless/ 10m/1600dpi/ 4 кн + 1 кол/ USB / Black Piano; /3725; 114908.00000; 
Мыши Logitech; Мышь Logitech S-96 (800 Dpi) Optical PS/2 Black; 2492/3725; 48532.00000; 
Мыши Microsoft; Мышь Microsoft Comfort Mouse 3000 S9J-00004 Optical/ 2кн + 1кол./ USB; /3725; 140976.00000; 
Мыши Microsoft; Мышь Microsoft Comfort Mouse 6000 5CJ-00002 Optical/ 3кн + 1кол./ USB; /3725; 253506.00000; 
Мыши Microsoft; Мышь Microsoft Comfort Mouse 6000 S7J-00004 Optical/ 5кн + 1кол./ USB; /3725; 247680.00000; 
Мыши Microsoft; Мышь Microsoft Compact Mouse 100 4PJ-00003 2кн + 1кол./ USB/ Black; /3725; 66960.00000; 
Мыши Microsoft; Мышь Microsoft Compact Optical Mouse 500 4PP-00002 USB Black; /3725; 97980.00000; 
Мыши Microsoft; Мышь Microsoft Compact Optical Mouse 500 U81-00058 USB Green; /3725; 113472.00000; 
Мыши Microsoft; Мышь Microsoft Compact Optical Mouse 500 U81-00060 USB Pink; /3725; 119784.00000; 
Мыши Microsoft; Мышь Microsoft Compact Optical Mouse 500 U81-00062 3кн + 1кол./ USB/ Red; /3725; 113472.00000; 
Мыши Microsoft; Мышь Microsoft Express Mouse T2J-00004 3кн + 1кол/ USB/ White + Red; /3725; 159840.00000; 
Мыши Microsoft; Мышь Microsoft Express Mouse T2J-00010 3кн + 1кол/ USB/ White + Grey; /3725; 159840.00000; 
Мыши Microsoft; Мышь Microsoft Optical Mouse 100 4JJ-00003 2кн + 1кол./ USB/ Black; /3725; 65952.00000; 
Мыши Microsoft; Мышь Microsoft Ready 3EG-00004 2кн + 1кол./ USB/ Black; /3725; 130962.00000; 
Мыши Microsoft; Мышь Microsoft SideWinder X3 UUC-00005 Laser/ 7кн + 1 кол./ Black-Grey; /3725; 400890.00000; 
Мыши Microsoft; Мышь Microsoft Wireless Mobile Mouse 3500 5RH-00001 3кн + 1кол./ USB/ Black; /3725; 206352.00000; 
Мыши других производителей; Мышь Logilink ID0011/ Mini Optical Scroll Mouse/ Black; /3725; 40906.00000; 
Мыши других производителей; Мышь Logilink ID0022/ Mini Optical Scroll Mouse Blue; /3725; 48169.00000; 
Мыши других производителей; Мышь Logilink ID0023/ Mini Optical Scroll Mouse Orange; /3725; 48149.00000; 
Мыши других производителей; Мышь Logilink ID0024/ Mini Optical Scroll Mouse Green; /3725; 48149.00000; 
Мыши других производителей; Мышь Logilink ID0025/ Mini Optical Scroll Mouse Black; /3725; 48159.00000; 
Навигаторы GPS; GPS-навигатор PRESTIGIO GeoVision 4141 4.3''/ Atlas V/ 128Mb/ 2G/ Navitel/ Micro SD/ USB/ Win CE; /3725; 793638.00000; 
Навигаторы GPS; GPS-навигатор PRESTIGIO GeoVision 4500BT 4.3''/ Atlas V/ 128Mb/ 4G/ Navitel 5.0/ BT/ Micro SD; /3725; 837384.00000; 
Навигаторы GPS; GPS-навигатор PRESTIGIO GeoVision 4700 4.3''/ Atlas V/ 128Mb/ 4G/ Navitel/ Micro SD/ USB/ Win CE 6.0; /3725; 984216.00000; 
Принтеры лазерные; Canon i-SENSYS LBP6200d A4/ 25ppm/ 600x600dpi/ подача/вывод 250/100/ Duplex/ USB; /3725; 1600717.00000; 
Принтеры лазерные цветные; HP LaserJet Pro CP1025nw Color A4/ 16/4ppm/ 600x600dpi/ подача/вывод 150/50/ 64Mb/ RJ-45/ Wi-Fi/ USB; /3725; 2340342.00000; 
Принтеры лазерные; Xerox Phaser 3010 A4/ 20ppm/ 1200x1200dpi/ подача/вывод 150/100/ 64Mb/ USB; /3725; 700099.00000; 
МФУ лазерные; HP HP LaserJet Pro M1212nf МФУ+Fax A4/ 18ppm/ 600x600dpi/ подача/вывод 150/100/ 64Mb/ RJ-45/ LCD/ AirPrint/ USB; /3725; 2301264.00000; 
МФУ лазерные цветные; Samsung CLX-3185 МФУ Color A4/ 16/4ppm/ 2400x600dpi/ подача/вывод 130/80/ 128Mb/ LCD/ USB; /3725; 2875550.00000; 
МФУ лазерные; Samsung CX-3405 МФУ A4/ 20ppm/ 1200x1200dpi/ подача/вывод 150/100/ 64Mb/ LED/ USB; /3725; 1753980.00000; 
МФУ лазерные; Samsung SCX-3400 A4/ 20ppm/ 1200x1200dpi/ подача/вывод 150/100/ 64Mb/ LED/ USB; /3725; 1656923.00000; 
МФУ лазерные; Samsung SCX-4727FD МФУ+Fax A4/ 28ppm/ 1200x1200dpi/ подача/вывод 250/40/ 128Mb/ Duplex/ RJ-45/ LCD/ USB; /3725; 2566316.00000; 
МФУ лазерные; Samsung SCX-4728FD МФУ+Fax A4/ 28ppm/ 1200x1200dpi/ подача/вывод 250/120/ 128Mb/ Duplex/ RJ-45/ LCD/ USB; /3725; 2677200.00000; 
МФУ лазерные; Xerox WorkCentre 3045B МФУ A4/ 24ppm/ 1200x1200dpi/ подача/вывод 150/100/ 128Mb/ LCD/ USB; /3725; 1361504.00000; 
Принтеры струйные; HP HP Officejet 7000 Color A3/ 33/32ppm/ 4800x1200dpi/ подача/вывод 150/100/ 32Mb/ RJ-45/ USB; /3725; 2462610.00000; 
МФУ струйные; Canon Pixma MG5340 МФУ Color A4/ 12/9ppm/ 9600x2400dpi/ Duplex/ LCD 3.0''/ Wi-Fi/ CardReader/ PrintCD/ USB; /3725; 1519380.00000; 
МФУ струйные; Canon Pixma MP280 МФУ Color A4/ 8/5ppm/ 4800x1200dpi/ LCD/ USB; /3725; 532680.00000; 
МФУ струйные; Canon Pixma MX340 МФУ+Fax Color A4/ 8.7/5ppm/ 4800x1200dpi/ LCD/ Wi-Fi/ USB; /3725; 861010.00000; 
МФУ струйные; Epson Stylus Photo PX660 МФУ Color A4/ 38/37ppm/ 5760x1440dpi/ LCD 2.4''/ CardReader/ PrintCD/ USB; /3725; 1957954.00000; 
Проекторы BenQ; Проектор Benq MX501 XGA(1024x768)/ 2700ANSI/ 4000:1/ 24''to300''/ HDMI/ D-Sub/NTSC / PAL / SECAM; /3725; 5421192.00000; 
Сканеры Canon; Canon CanoScan LIDE 700F A4/ планшетный/ CIS/ 9600x9600 dpi/ слайд-адаптер/ USB 2.0; /3725; 1311000.00000; 
Сканеры Hewlett Packard; HP Scan Jet G2410 A4 Color/ CCD/ 1200dpi/ 48bit/ Scan + Copy Buttons/ USB; 10763/3725; 752288.00000; 
Планшетные компьютеры ПРОЧИЕ;" Prestigio MultiPad PMP3084B ARM9 Rockchip 2818/ 256Mb/ 4G/ 8.4""/ Wi-Fi/ mUSB/ Android/ Black/ СТБ"; /3725; 1301862.00000; 
Диски DVD+ -R. DVD+ -RW; DVD+/-RW NEC-Sony AD7280S-0B SATA/ Black; /3725; 168871.00000; 
Материнские платы для Intel Socket 1155; OEM CPU Socket 1155 Intel Celeron G440 1.6GHz (256KB + 1024KB) Sandy Bridge; /3725; 424880.00000; 
Материнские платы для Intel Socket 1156; OEM CPU Socket 1155 Intel Celeron G540 2.5GHz (512KB + 2048KB) Sandy Bridge; /3725; 572700.00000; 
Материнские платы для Intel Socket 1157; OEM CPU Socket 1155 Intel Pentium G620 2.6GHz (128KB + 512KB + 3072KB) Sandy Bridge; /3725; 608350.00000; 
Материнские платы для Intel Socket 775; OEM CPU Intel Pentium Dual Core E5800 (3.2Ghz/800/2M) - (Wolfdale) LGA-775; /3725; 704375.00000; 
Материнские платы для AMD Socket AM3+; BOX Socket AM3 Athlon II X4 640 3.0GHz (128KB + 2048KB) 64bit Propus; /3725; 1201753.00000; 
Материнские платы для AMD Socket AM3+; OEM Socket AM3 Athlon II X2 240 2.8GHz (128KB + 2048KB) Regor; /3725; 593676.00000; 
Материнские платы для AMD Socket AM3+; OEM Socket AM3 Athlon II X2 250 3.0GHz (128KB + 2048KB) Regor; /3725; 571320.00000; 
Материнские платы для AMD Socket AM3+; OEM Socket AM3 Athlon II X3 420E 2.6GHz (128KB + 1536KB) Rana; /3725; 675786.00000; 
Материнские платы для AMD Socket AM3+; OEM Socket AM3 Athlon II X3 425 2.7GHz (128KB + 1536KB) Rana; /3725; 786646.00000; 
Материнские платы для AMD Socket AM3+; OEM Socket AM3 Sempron LE-145 2.8GHz (128KB + 1024KB) 6Mb L3/ 64bit Sargas; /3725; 273700.00000; 
Точки доступа; Интернет-центр Zyxel Keenetic для подключения по выделенной линии Ethernet/ с точкой доступа Wi-Fi 802.11n 300 Мбит/с/ коммутатором Ethernet и многофункциональным хостом USB; /3725; 849120.00000; 
Маршрутизаторы; Коммутатор D-Link DES-1005D 5-port 10/100 Retail; 10798/3725; 124268.00000; 
Маршрутизаторы; Коммутатор D-Link DGS-1005D/RU 5-port 10/100/1000Base-T; 12977/3725; 265646.00000; 
Телевизоры 32 - 40; 32'' Philips 32PFL3007H/60 LCD 1366x768 16:9 100GHz/ 3xHDMI/ D-Sub/ CI+/ 2x10W/ VESA/ ПДУ; /3725; 3974400.00000; 
Мобильные телефоны LG; LG A258 TFT цветной/ 2'' (176x220)/ камера 2Мп/ GPRS/ EDGE/ Bluetooth (A2DP)/ 900 mAh (Li-ion)/ Silver/ СТБ; /3725; 739294.00000; 
Мобильные телефоны LG; LG GX300 TFT 262 тыс. цветов/ 2.2'' (176x220)/ камера 2 Мп/ Dual Sim/ GPRS/ Bluetooth (A2DP)/ 1500 mAh (Li-ion)/ Black/ СТБ; /3725; 997602.00000; 
Мобильные телефоны LG; LG GX300 TFT 262 тыс. цветов/ 2.2'' (176x220)/ камера 2 Мп/ Dual Sim/ GPRS/ Bluetooth (A2DP)/ 1500 mAh (Li-ion)/ Wine Red/ СТБ; /3725; 997602.00000; 
Мобильные телефоны LG; LG S367  TFT 256 тыс. цветов/ 2.4'' (240x320)/ камера 2 Мп/ Dual Sim/ GPRS/ EDGE/ Bluetooth (A2DP)/ 900 mAh (Li-ion)/ Grey/ СТБ; /3725; 903900.00000; 
Мобильные телефоны LG; LG T300 Cookie Lite TFT 262 тыс. цветов/ 2.4'' (240x320)/ камера 1.3 Мп/ видео 176x144 15fps/ GPRS/ EDGE/ Bluetooth (A2DP)/ 1000 mAh (Li-ion)/ Pink/ СТБ; /3725; 729054.00000; 
Мобильные телефоны LG; LG T300 Cookie Lite TFT 262 тыс. цветов/ 2.4'' (240x320)/ камера 1.3 Мп/ видео 176x144 15fps/ GPRS/ EDGE/ Bluetooth (A2DP)/ 1000 mAh (Li-ion)/ White/ СТБ; /3725; 729054.00000; 
Мобильные телефоны LG; LG T315 TFT 262 тыс. цветов/ 2.8'' (240x320)/ камера 2 Мп/ GPRS/ EDGE/ Wi-Fi/ Bluetooth (A2DP)/ 900 mAh (Li-ion)/ Black/ СТБ; /3725; 994566.00000; 
Мобильные телефоны LG; LG T500 TFT 262 тыс. цветов/ 2.8'' (240x320)/ камера 2 Мп/ видео 320x240/ GPRS/ EDGE/ Bluetooth (A2DP)/ 950 mAh (Li-ion)/  Red-Pink/ СТБ; /3725; 909420.00000; 
Мобильные телефоны Samsung; Samsung C3011 TFT 65 тыс. цветов/ 2'' (128x160)/ камера 0.3 Мп/ видео 176x144 15fps/ GPRS/ EDGE/ Bluetooth/ 800 mAh (Li-ion)/ Black/ СТБ; /3725; 580560.00000; 
Мобильные телефоны Samsung; Samsung C3011 TFT 65 тыс. цветов/ 2'' (128x160)/ камера 0.3 Мп/ видео 176x144 15fps/ GPRS/ EDGE/ Bluetooth/ 800 mAh (Li-ion)/ Blue/ СТБ; /3725; 580560.00000; 
Мобильные телефоны Samsung; Samsung C3300TFT 262 тыс. цветов/ 2.4'' (240x320)/ камера 1.3 Мп/ GPRS/ EDGE/ Bluetooth (A2DP)/ 1000 mAh (Li-ion)/ Pink/ СТБ; /3725; 821118.00000; 
Мобильные телефоны Samsung; Samsung C3312 Champ Deluxe Duos TFT 256 тыс. цветов/ 2.8'' (240x320)/ камера 1.3 Мп/ видео 176x144 15fps/ Dual Sim/ GPRS/ EDGE/ Bluetooth (A2DP)/ 1000 mAh (Li-ion)/ Silver/ СТБ; /3725; 936000.00000; 
Мобильные телефоны Samsung; Samsung C3312 Champ Deluxe Duos TFT 256 тыс. цветов/ 2.8'' (240x320)/ камера 1.3 Мп/ видео 176x144 15fps/ Dual Sim/ GPRS/ EDGE/ Bluetooth (A2DP)/ 1000 mAh (Li-ion)/ White/ СТБ; /3725; 936000.00000; 
Мобильные телефоны Samsung; Samsung C3322 Duos TFT 256 тыс. цветов/ 2.2'' (240x320)/ камера 2 Мп/ видео 176x144 15fps/ Dual Sim/ GPRS/ EDGE/ Bluetooth (A2DP)/ 1000 mAh (Li-ion)/ Red/ СТБ; /3725; 833976.00000; 
Мобильные телефоны Samsung; Samsung C3520 TFT 256 тыс. цветов/ 2.4'' (240x320)/ камера 1.3 Мп/ GPRS/ EDGE/ Bluetooth (A2DP)/ 800 mAh (Li-ion)/ Grey/ СТБ; /3725; 739500.00000; 
Мобильные телефоны Samsung; Samsung C3530 TFT 262 тыс. цветов/ 2.2'' (240x320)/ камера 3.2 Мп/ видео 177x144 15fps/ GPRS/ EDGE/ Bluetooth (A2DP)/ 960 mAh (Li-ion)/ Red/ СТБ; /3725; 848700.00000; 
Мобильные телефоны Samsung; Samsung C3530 TFT 262 тыс. цветов/ 2.2'' (240x320)/ камера 3.2 Мп/ видео 177x144 15fps/ GPRS/ EDGE/ Bluetooth (A2DP)/ 960 mAh (Li-ion)/ Silver/ СТБ; /3725; 848700.00000; 
Мобильные телефоны Samsung; Samsung C3782 Black TFT 256 тыс. цветов/ 2.4'' (240x320)/ камера 3 Мп/ Dual Sim/ GPRS/ EDGE/ Bluetooth (A2DP)/ 1000 mAh (Li-ion)/ СТБ; /3725; 1014300.00000; 
Мобильные телефоны Samsung; Samsung E1150 CSTN 65 тыс. цветов/ 1.4'' (128x128)/ 800 mAh (Li-ion)/ BLack/ СТБ; /3725; 342144.00000; 
Мобильные телефоны Samsung; Samsung E1200 TFT 65 тыс. цветов/ 1.5'' (128x128)/ 800 mAh (Li-ion)/ Black/ СТБ; /3725; 262500.00000; 
Мобильные телефоны Samsung; Samsung E1200 TFT 65 тыс. цветов/ 1.5'' (128x128)/ 800 mAh (Li-ion)/ White/ СТБ; /3725; 262500.00000; 
Мобильные телефоны Samsung; Samsung E1232D 1.8'' (128x160)/ Dual Sim/ Bluetooth (A2DP)/ 800 mAh (Li-ion)/ Black/ СТБ; /3725; 423360.00000; 
Мобильные телефоны Samsung; Samsung E2222 Duos TFT цветной/ 2.2'' (220x176)/ камера 0.3 Мп/ Dual Sim/ GPRS/ EDGE/ 1000 mAh (Li-ion)/ Black/ СТБ; /3725; 740952.00000; 
Мобильные телефоны Samsung; Samsung E2232 Duos TFT 65 тыс. цветов/ 1.8'' (128x160)/ камера 0.3 Мп/ Dual Sim/ GPRS/ Bluetooth (A2DP)/ 1000 mAh (Li-ion)/ Red/ СТБ; /3725; 518256.00000; 
Мобильные телефоны Samsung; Samsung E2600 TFT 262 тыс. цветов/ 2.4'' (240x320)/ камера 2 Мп/ GPRS/ EDGE/ Bluetooth/ 800 mAh/ Black/ СТБ; /3725; 723120.00000; 
Мобильные телефоны Samsung; Samsung Galaxy R I9103 Super Clear LCD 16 млн. цветов/ 4.2'' (480x800)/ камера 5 Мп/ видео 1280x720 30fps/ GPRS/ EDGE/ Wi-Fi/ Bluetooth (A2DP)/ GPS/ 1650 mAh (Li-ion)/ Grey/ СТБ; /3725; 4860000.00000; 
Мобильные телефоны Samsung; Samsung Galaxy S II I9100 Super AMOLED Plus 16 млн. цветов/ 4.3'' (480x800)/ камера 8 Мп/ видео 1920x1080 30fps/ GPRS/ EDGE/ Wi-Fi/ Bluetooth (A2DP)/ GPS/ 1650 mAh (Li-ion White/ СТБ; /3725; 5019840.00000; 
Мобильные телефоны Samsung; Samsung Galaxy S II I9100 Super AMOLED Plus 16 млн. цветов/ 4.3'' (480x800)/ камера 8 Мп/ видео 1920x1080 30fps/ GPRS/ EDGE/ Wi-Fi/ Bluetooth (A2DP)/ GPS/ 1650 mAh (Li-ion) / Black/ СТБ; /3725; 5019840.00000; 
Мобильные телефоны Samsung; Samsung S5360 TFT 256 тыс. цветов/ 3'' (240x320)/ камера 2 Мп/ GPRS/ EDGE/ Wi-Fi/ Bluetooth (A2DP)/ GPS/ 1200 mAh (Li-ion)/ Pink/ СТБ; /3725; 1282320.00000; 
Мобильные телефоны Samsung; Samsung S5620 Monte TFT 262 тыс. цветов/ 3'' (240x400)/ камера 3.2 Мп/ GPRS/ EDGE/ Wi-Fi/ Bluetooth (A2DP)/ GPS/ 1000 mAh (Li-ion)/ Grey/ СТБ; /3725; 1441880.00000; 
Web-камеры CANYON; Web-камера Canyon CNF-WCAM01B 1.3Mpx/ 1600x1200/ 10fps/ CMOS/ USB/ Silver-Black; /3725; 92712.00000; 
Web-камеры CANYON; Web-камера Canyon CNF-WCAM02B 1.3Mpx/ 1600x1200/ 10fps/ CMOS/ USB/ Black; /3725; 90864.00000; 
Web-камеры CANYON; Web-камера Canyon CNR-WCAM420HD 2.0MPx/ CMOS/ 1600x1200/ 30fps/ Mic/ USB/ Black-Orange; /3725; 158148.00000; 
Web-камеры CANYON; Web-камера Canyon CNR-WCAM43G 0.3MPx/ 640x480/ CMOS/ Mic/ USB/ StarFish/ Black-Green; /3725; 90666.00000; 
Web-камеры CANYON; Web-камера Canyon CNR-WCAM513G 1.3Mpx/ 1280x960/ 30fps/ CMOS/ USB/ StarFish Sortware/ White-Orange; /3725; 136758.00000; 
Web-камеры CANYON; Web-камера Canyon CNR-WCAM713G 1.3Mpx/ 1024x768/ 30fps/ CMOS/ USB/ StarFish Sortware/ Black-Silver; /3725; 125442.00000; 
Web-камеры CANYON; Web-камера Canyon CNR-WCAM820HD 2Mpx/ 1600x1200/ 30fps/ CMOS/ USB/ StarFish Sortware/ Blue; /3725; 174156.00000; 
Web-камеры CANYON; Web-камера Canyon CNR-WCAM920HD 2.0Mpx/ 1600x1200/ 30fps/ CMOS/ USB/ Black-Blue; /3725; 192372.00000; 
Цифровые фотокамеры Canon; Canon PowerShot SX230 HS 12.1Mpx/ 1/2.3 (5.9x4.4 мм)/ CMOS/ LCD 3''/ 14x/4x Zoom/ Li-Ion/ BLack/ СТБ; /3725; 2626140.00000; 
Цифровые фотокамеры Samsung;" Samsung ST30 10.13MPx/ 1/3""/ DIS/ 2.4'' LCD/ SDHC up 8G/ BP70A/ USB 2.0/ Black/ СТБ"; /3725; 892800.00000; 
Цифровые фотокамеры Sony; Sony CyberShot DSC-S5000 14.1Mpx/ 1/2.3''/ CCD/ 2.7'' LCD/ 5/10xZoom/ 2xAA/ Silver/ СТБ; /3725; 848700.00000; 
